"","Site_ID","p_TE_psi_to_ET","p_lag_psi_to_ET","mem_psi_to_ET","agg_TE_psi_to_ET","period_psi_to_ET","p_TE_VPD_to_ET","p_lag_VPD_to_ET","mem_VPD_to_ET","agg_TE_VPD_to_ET","period_VPD_to_ET","p_TE_TA_to_ET","p_lag_TA_to_ET","mem_TA_to_ET","agg_TE_TA_to_ET","period_TA_to_ET","p_TE_ET_to_psi","p_lag_ET_to_psi","mem_ET_to_psi","agg_TE_ET_to_psi","period_ET_to_psi","p_TE_VPD_to_psi","p_lag_VPD_to_psi","mem_VPD_to_psi","agg_TE_VPD_to_psi","period_VPD_to_psi","p_TE_TA_to_psi","p_lag_TA_to_psi","mem_TA_to_psi","agg_TE_TA_to_psi","period_TA_to_psi","p_TE_ET_to_VPD","p_lag_ET_to_VPD","mem_ET_to_VPD","agg_TE_ET_to_VPD","period_ET_to_VPD","p_TE_psi_to_VPD","p_lag_psi_to_VPD","mem_psi_to_VPD","agg_TE_psi_to_VPD","period_psi_to_VPD","p_TE_TA_to_VPD","p_lag_TA_to_VPD","mem_TA_to_VPD","agg_TE_TA_to_VPD","period_TA_to_VPD","p_TE_ET_to_TA","p_lag_ET_to_TA","mem_ET_to_TA","agg_TE_ET_to_TA","period_ET_to_TA","p_TE_psi_to_TA","p_lag_psi_to_TA","mem_psi_to_TA","agg_TE_psi_to_TA","period_psi_to_TA","p_TE_VPD_to_TA","p_lag_VPD_to_TA","mem_VPD_to_TA","agg_TE_VPD_to_TA","period_VPD_to_TA","GS"
"1","US-A32",1.53325283612465,13,30,30.1031434894866,24,6.25984213201445,0,36,64.8703036470037,24,4.7768205863252,0,33,53.088304792246,NA,3.50682620290726,14,72,64.8614567458148,24,4.04599274672993,0,72,70.5577175431578,27,3.9001614029781,0,72,58.6332221595015,12,5.59588870962371,0,15,47.4120266880852,24,1.32766301060681,0,52,24.3482735656679,24,21.5013936528111,0,4,56.7926749675693,NA,3.61513083144801,0,6,11.9442469214634,NA,1.04203053189587,0,2,2.72619866924574,12,17.2292587192966,0,1,39.1624237473771,NA,"FT"
"2","US-A32",1.69305810243116,13,8,29.0504945375363,24,6.45293982496518,0,36,66.0249434517365,24,5.13524903103132,0,13,55.2846726607548,NA,2.1648146634959,0,72,40.6784244568219,12,2.29560945678841,1,72,40.8624755076808,27,2.20286514568114,0,21,33.1941280760173,12,5.72206618122351,0,15,45.6193747519671,24,1.39446999604835,0,4,24.6366006394641,12,22.5367370699159,0,4,56.6081301818398,NA,4.10310914424113,0,6,17.3624793505703,24,1.32570570777384,0,2,4.4405576829857,12,18.7502621545903,0,1,47.612580193156,NA,"GS"
"3","US-A32",5.62583897019035,13,11,90.5145124648678,24,9.27419546198648,16,13,146.667926827594,24,9.67203050177148,0,9,187.647542975912,12,4.57007461951337,13,1,4.57007461951337,24,9.59365650666764,5,9,109.148695048305,24,10.6996783623499,2,12,205.363065838873,NA,7.95008899238394,0,11,84.9963023572473,24,NA,NA,NA,NA,24,24.3575329310161,0,1,110.511655030872,NA,7.06347195200815,0,1,27.4355547450321,NA,NA,NA,NA,NA,43.2,18.6297365957672,0,1,59.0144785099231,NA,"NGS"
"4","US-A74",2.13010013926079,2,72,38.8435871911133,24,5.48343887121664,0,72,60.566685931349,24,4.67123938175152,0,72,56.5122383779525,24,2.75959521363519,0,72,49.582301342124,24,2.98726191581985,1,72,52.4808336079442,27,3.06345427639447,0,72,52.9036467234432,NA,4.9687118706785,0,11,34.5291845070039,24,1.2541070436342,0,5,14.5580853931724,24,23.3066712422058,0,36,59.2705031692391,NA,3.46313927150591,0,5,15.8073425594868,NA,1.42837889028263,0,3,9.24299728618779,12,20.0957484881815,0,10,43.0046476328826,NA,"FT"
"5","US-A74",2.34416954268975,1,12,37.5290623487501,27,6.26272723397285,0,36,80.1757434721956,24,6.18270293424456,0,60,77.5880762151435,24,7.81631853042273,2,72,158.180382023837,24,6.51468564628775,1,72,128.651176572991,NA,8.13897382349267,0,72,134.288550228918,12,6.18775683289786,0,9,39.0692886531881,24,1.61405522742629,0,2,8.20128391282412,12,25.3303139387934,0,1,67.0179862282992,NA,5.14296478636979,0,3,10.5198811671267,24,1.99000235588128,0,3,10.2051497778812,5.83783783783784,23.2182021961436,0,1,55.9589295740242,NA,"GS"
"6","US-A74",2.21857740338001,0,9,36.3254215760542,24,6.6322969583161,0,10,74.0870665702117,24,5.31887970726673,0,9,56.3847502833383,24,7.27953064299216,0,72,137.83517688364,24,8.40221487251201,2,72,150.631716489931,24,7.87077148670816,1,72,138.494776234807,7.71428571428571,6.37202298842322,0,10,48.1363517603794,24,1.96530141379188,0,2,15.9978714371924,24,22.7616630156456,0,1,63.2209730147025,NA,4.38196403409013,0,2,7.18916519078076,24,1.67160454046195,0,1,1.67160454046195,NA,18.86167360561,0,1,34.4433458995739,NA,"NGS"
"7","US-Akn",NA,NA,NA,NA,NA,3.67897814510041,0,72,29.5596801736921,24,2.66500134531187,0,72,21.8319401018208,24,NA,NA,NA,NA,NA,NA,NA,NA,NA,NA,NA,NA,NA,NA,NA,4.1783811678203,0,72,33.9523135358069,24,NA,NA,NA,NA,NA,9.88661689374656,0,72,30.7917322689445,NA,2.13758619579487,0,72,19.0431763435033,24,NA,NA,NA,NA,NA,7.45675497294045,0,72,23.0707701896734,NA,"FT"
"8","US-Akn",NA,NA,NA,NA,NA,3.66857566550444,0,72,37.9983769716107,24,3.66609268370417,0,32,32.9537813217541,24,NA,NA,NA,NA,NA,NA,NA,NA,NA,NA,NA,NA,NA,NA,NA,4.42693781586615,0,72,45.6876127523515,12,NA,NA,NA,NA,NA,13.9175444229238,0,39,45.8603090245866,NA,3.23060971531475,0,40,31.0113345295331,24,NA,NA,NA,NA,NA,10.9943062921531,0,36,36.1572847129763,NA,"GS"
"9","US-Akn",NA,NA,NA,NA,NA,4.28606882520932,0,72,40.164304923132,24,2.83773654353687,0,58,35.0921073097692,24,NA,NA,NA,NA,NA,NA,NA,NA,NA,NA,NA,NA,NA,NA,NA,4.66330444419094,0,72,41.411910638672,24,NA,NA,NA,NA,NA,8.03296782070052,0,72,43.0424498248843,NA,2.29344976666627,0,72,31.6370251943089,24,NA,NA,NA,NA,NA,6.0823049952179,0,72,35.7308098791845,NA,"NGS"
"10","US-AR1",2.34566222226215,0,72,33.0030905803693,24,3.75006965975167,0,72,40.3580752588255,24,3.09620200847085,0,72,33.42227639077,NA,5.8192879173185,0,72,88.9814638224259,24,3.66641409259545,1,72,72.0951924654881,24,3.5029820825112,1,72,65.865400940291,43.2,2.92645192157787,0,72,30.1956967314981,24,0.947443931219593,3,72,16.9886804300429,24,17.302913896606,0,72,41.18832163379,NA,1.72752139544468,0,13,13.2125798459313,27,0.515507802676851,0,1,0.515507802676851,24,12.6896608766384,0,16,28.6887526886261,NA,"FT"
"11","US-AR1",2.65778529665711,0,10,34.8975094326886,24,3.34904317514952,0,72,41.2307013013569,24,4.03775528949955,0,72,44.1556007278336,24,5.2823546751138,1,72,85.2755136611276,24,3.45151918558869,1,72,70.0149860750575,24,3.59801912883556,0,72,72.5218280710377,43.2,2.95745098671033,0,11,27.5729381677371,24,1.01484192918113,4,4,8.39793834022904,24,21.1527508067795,0,32,53.3709450975576,NA,2.82230100447318,0,11,19.0638452640807,24,0.943735769958713,0,3,2.57152167912611,24,18.2636047484957,0,19,46.4846984751424,NA,"GS"
"12","US-AR1",2.12355630171508,0,72,39.050721530653,24,3.86872621320246,0,72,55.1781762507042,24,4.11410855563385,0,72,60.6221936664346,43.2,4.66950368216552,1,72,79.9076380522208,NA,4.28544614032246,13,72,85.3560653002812,24,4.87730031782943,6,72,95.0577623134994,43.2,1.89127274461214,0,12,20.7359880272491,24,0.853112355072703,8,4,7.67200744933245,27,17.8233038954102,0,34,61.3921675167783,NA,1.57500578932066,0,4,5.18480873728674,27,NA,NA,NA,NA,27,13.4513295595998,0,6,35.2463398988832,NA,"NGS"
"13","US-AR2",1.15715186352743,2,72,21.6806003087091,12,3.76229890379006,0,72,41.7574046046024,24,2.86565820817935,0,72,36.151310187765,21.6,2.37984104787922,0,72,41.5127572584192,24,2.38371919694158,10,72,47.6043371803875,27,3.06793310255581,1,72,57.8236103052173,24,2.1669103675384,0,41,23.7482769907549,24,0.698433441768052,22,3,8.90064625638923,8,21.5044917244142,0,72,48.0881068692135,NA,1.35987414811165,0,18,13.7515106853384,27,0.631430064579342,0,1,1.72958215933078,24,16.4903297763977,0,41,38.0331211973587,NA,"FT"
"14","US-AR2",1.71451592977657,0,72,33.3065185478766,12,3.89382339799112,0,72,45.0172800750958,24,3.66851307041318,0,55,42.4344149448096,21.6,2.82237588704272,1,72,49.2996932858284,36,2.73051163226462,1,15,43.1510523337198,27,3.05195101270455,1,72,49.8412660105812,NA,3.27187936481724,0,17,35.8205216364501,24,1.08896466201238,0,2,11.8725023244949,24,24.8276357972174,0,29,62.800632658694,NA,2.96088182030645,0,8,29.5458470719613,NA,0.956808319287066,22,5,5.37161593781841,24,21.7281316094374,0,17,55.7573055678359,NA,"GS"
"15","US-AR2",1.74215009459964,3,53,31.0940991003791,21.6,3.47598718808619,0,12,44.1981631117137,24,3.13649607651621,0,72,49.7190307790238,24,1.60948941615392,6,4,21.1263333872599,24,1.73571662514954,23,10,30.2773319175727,24,2.54291293033791,2,17,44.5487801565738,24,2.18862638581198,0,13,17.6313106371895,24,0.93764785837051,5,1,1.87252262788175,43.2,22.1680654046323,0,20,66.8551573527069,NA,1.36534031110858,0,6,8.74798030087509,27,NA,NA,NA,NA,24,14.6980481617467,0,1,36.9399023683181,NA,"NGS"
"16","US-ARb",NA,NA,NA,NA,NA,5.17787689205375,0,72,60.564608905465,24,4.83897070639906,0,72,51.3246955900039,24,NA,NA,NA,NA,NA,NA,NA,NA,NA,NA,NA,NA,NA,NA,NA,4.42908427237933,0,72,51.4456371574564,24,NA,NA,NA,NA,NA,16.6834950037659,0,34,57.5780967305244,NA,3.67419172244399,0,11,26.1010468457499,27,NA,NA,NA,NA,NA,13.467847003902,0,7,40.4058346847906,NA,"FT"
"17","US-ARb",NA,NA,NA,NA,NA,5.93772692151842,0,60,69.3216881696172,24,7.87079049265117,0,72,73.5073914889393,NA,NA,NA,NA,NA,NA,NA,NA,NA,NA,NA,NA,NA,NA,NA,NA,5.32800019930215,0,36,61.1051423270867,24,NA,NA,NA,NA,NA,20.0315254304038,0,29,75.1177190105319,NA,6.60655838144563,0,11,46.8677741399987,24,NA,NA,NA,NA,NA,17.567215673367,0,14,63.7271465514295,NA,"GS"
"18","US-ARb",NA,NA,NA,NA,NA,5.25404327446553,0,9,70.1817243799153,24,4.85486743357736,0,10,73.7516844463149,24,NA,NA,NA,NA,NA,NA,NA,NA,NA,NA,NA,NA,NA,NA,NA,4.81530847964706,0,8,45.711603885213,24,NA,NA,NA,NA,NA,18.0151657972956,0,11,69.4394348656878,NA,3.69427139970344,0,3,8.89525341304619,24,NA,NA,NA,NA,NA,13.8845594638908,0,2,16.4491856945799,NA,"NGS"
"19","US-ARc",NA,NA,NA,NA,NA,5.56763314978954,0,72,60.3889432830476,24,5.42809590318873,0,72,50.9658715156998,NA,NA,NA,NA,NA,NA,NA,NA,NA,NA,NA,NA,NA,NA,NA,NA,4.79213185438147,0,72,53.9311139474426,24,NA,NA,NA,NA,NA,15.3836509492251,0,29,58.0615046370681,NA,3.8752689944962,0,9,24.6196706506563,27,NA,NA,NA,NA,NA,11.9711755652707,0,17,41.1511804671131,NA,"FT"
"20","US-ARc",NA,NA,NA,NA,NA,6.06564553097257,0,14,70.6847701497459,24,8.20791659814046,0,11,68.5452647727622,24,NA,NA,NA,NA,NA,NA,NA,NA,NA,NA,NA,NA,NA,NA,NA,5.59332949951267,0,34,68.1110219339961,24,NA,NA,NA,NA,NA,18.101436813938,0,34,79.9522808087355,NA,7.15183187894544,0,9,45.4541315128684,24,NA,NA,NA,NA,NA,16.7672287570295,0,14,69.7069025340533,NA,"GS"
"21","US-ARc",NA,NA,NA,NA,NA,5.7890918461427,0,12,68.3655575972989,24,5.1373866642425,0,12,63.8563056653651,24,NA,NA,NA,NA,NA,NA,NA,NA,NA,NA,NA,NA,NA,NA,NA,5.49747608028966,0,11,56.3477386422629,24,NA,NA,NA,NA,NA,17.7631534669569,0,13,73.05437057912,NA,4.26312282049478,0,5,16.5752775258943,24,NA,NA,NA,NA,NA,14.181965787838,0,3,21.5670389067156,NA,"NGS"
"22","US-ARM",0.285359479549095,0,72,5.22851477151676,24,3.13505075090316,0,72,17.4641168448853,24,2.36408635224653,0,72,10.8005465351315,NA,0.979256835207686,0,72,15.5894089793048,24,1.00846658474572,0,72,16.7308544182142,24,0.940481335411799,0,72,14.2360105112499,24,3.77782047904674,0,72,17.7695284616852,24,0.279405634126188,0,72,4.76691332787321,NA,19.0379251129316,0,72,28.4492699037106,NA,2.35261562037205,0,40,9.07614612146921,NA,0.216049021607657,0,3,2.84035161246056,NA,15.1456137398849,0,72,22.3620933818809,NA,"FT"
"23","US-ARM",0.278291571692344,5,2,2.61464723249036,27,3.10727955345466,0,72,20.7442077910812,12,3.3693936793383,0,72,16.876802504756,NA,1.55935204757289,10,72,35.0910503493036,6.17142857142857,2.43093729983278,0,72,46.6306465983161,24,2.94093413862373,0,72,44.2349350496002,NA,3.79303167548746,0,72,21.2067618518147,12,0.357036967610324,0,72,6.75407357193981,24,22.4947267059863,0,72,35.8351869374515,NA,3.35924785219246,0,17,14.4424413038194,NA,0.403798291977301,0,5,4.06103140177895,12,19.3265593648685,0,18,30.6535880227112,NA,"GS"
"24","US-ARM",0.388618755038701,23,40,7.32947055956502,24,2.9801435987806,0,72,22.1099695832845,24,2.16451885045068,0,72,15.2765224835739,NA,1.9181910387397,0,72,35.9793667437515,24,1.77136541325385,8,72,38.9553841462837,NA,2.21819440314187,0,72,41.7867856963939,24,3.3702374062356,0,72,19.0475437234596,24,0.255973831280673,11,11,4.50596469232075,NA,18.720533276493,0,72,31.5487909092026,NA,2.03472229092635,0,72,11.2446949674582,NA,0.269660146167634,0,2,0.702862684580712,24,14.9362399302559,0,72,24.7366459781796,NA,"NGS"
"25","US-ASH",NA,NA,NA,NA,NA,11.8063150913937,0,9,131.402281730618,24,8.55763330233626,0,6,94.9713137417301,NA,NA,NA,NA,NA,NA,NA,NA,NA,NA,NA,NA,NA,NA,NA,NA,4.95618860022256,0,6,46.8643558395751,24,NA,NA,NA,NA,NA,21.4027467707512,0,1,107.730196341612,NA,3.7901978889235,0,1,16.728630398707,24,NA,NA,NA,NA,NA,21.1576803495966,0,3,83.8660217643871,NA,"FT"
"26","US-ASH",NA,NA,NA,NA,NA,NA,NA,NA,NA,NA,NA,NA,NA,NA,NA,NA,NA,NA,NA,NA,NA,NA,NA,NA,NA,NA,NA,NA,NA,NA,NA,NA,NA,NA,NA,NA,NA,NA,NA,NA,29.6673107873976,0,1,56.3887670119282,NA,NA,NA,NA,NA,NA,NA,NA,NA,NA,NA,30.9781959043733,0,1,44.4854389952003,NA,"GS"
"27","US-ASH",NA,NA,NA,NA,NA,14.732325298539,0,7,148.457879417674,NA,12.9785127667816,10,2,161.783318708909,27,NA,NA,NA,NA,NA,NA,NA,NA,NA,NA,NA,NA,NA,NA,NA,4.73318268995591,0,2,11.9106275891137,21.6,NA,NA,NA,NA,NA,20.2529832902743,0,1,52.0155100449581,NA,NA,NA,NA,NA,24,NA,NA,NA,NA,NA,18.9934716812042,0,1,29.1510045476451,NA,"NGS"
"28","US-ASM",NA,NA,NA,NA,NA,10.2230753845572,0,72,177.959235995639,24,7.67715032435217,5,8,129.586385483609,24,NA,NA,NA,NA,NA,NA,NA,NA,NA,NA,NA,NA,NA,NA,NA,8.95627134931992,0,16,154.370742954324,24,NA,NA,NA,NA,NA,22.3180596760652,0,24,176.716299029746,NA,7.02576904179839,18,2,37.2552553494928,24,NA,NA,NA,NA,NA,21.1377655812814,0,1,39.7434893608377,NA,"FT"
"29","US-ASM",NA,NA,NA,NA,NA,12.3685448455072,0,9,178.376089752396,24,11.9732668188729,3,8,145.499068174626,24,NA,NA,NA,NA,NA,NA,NA,NA,NA,NA,NA,NA,NA,NA,NA,10.1131257431444,0,5,77.9255415850837,24,NA,NA,NA,NA,NA,28.7520487619994,0,1,182.66940161969,NA,9.21262606468502,16,1,26.8861983793933,24,NA,NA,NA,NA,NA,25.9882655160979,0,1,35.7256066242949,NA,"GS"
"30","US-ASM",NA,NA,NA,NA,NA,NA,NA,NA,NA,NA,NA,NA,NA,NA,NA,NA,NA,NA,NA,NA,NA,NA,NA,NA,NA,NA,NA,NA,NA,NA,NA,NA,NA,NA,NA,NA,NA,NA,NA,NA,NA,NA,NA,NA,NA,NA,NA,NA,NA,NA,NA,NA,NA,NA,NA,NA,NA,NA,NA,NA,"NGS"
"31","US-Bar",0.59976368316156,0,72,10.1390120736348,24,5.70203980791299,0,72,36.92674371559,24,2.9351846967427,0,72,14.631582500572,24,0.950831137302441,0,72,15.5209251550091,24,0.737354213567584,0,72,11.9521876904417,24,0.676131487101059,0,72,10.0377015942003,24,5.02789237613485,0,72,35.9205997378779,24,0.407622350786206,0,72,6.65734184067771,24,17.7504075904417,0,72,29.1637644864751,NA,2.0423313196375,0,72,11.7492711074058,24,0.313513591767074,0,30,4.93141700599604,24,13.8347647311806,0,72,24.3415897531236,NA,"FT"
"32","US-Bar",0.729176806576646,0,6,12.4808957294127,24,5.42717118577873,0,72,29.6420988144391,12,4.20968502233969,0,72,22.5711607429027,NA,1.35269399485052,0,72,23.8214986690789,12,1.40878498628324,0,72,21.2197169749042,24,1.4998227875559,0,72,21.3580026557416,24,5.02414808072648,0,72,30.8875671442784,12,0.636114062507888,0,9,7.80071187406213,24,25.3472298049055,0,72,42.6688709956911,NA,3.4080897970091,0,72,20.4741740642017,NA,0.602138991937669,0,11,8.55482440636201,24,22.3116915138733,0,72,37.8872402578745,NA,"GS"
"33","US-Bar",0.603202842107418,18,72,12.6017202855961,24,2.90661927945374,0,72,25.3092408344415,24,1.70446336980657,0,72,16.3700856261577,24,0.87179546850816,0,72,17.7827759172611,24,0.650041602767682,1,72,13.9434659064316,NA,0.735297935770784,0,72,14.663445522662,24,2.40728905950106,0,72,22.2706589354407,24,0.390647088458703,1,72,8.51963479587957,24,15.4683727254316,0,72,30.6391018262546,NA,1.12636296810011,0,72,11.3997885888176,24,0.396230827581177,0,38,7.64039152825935,24,11.8342004345001,0,72,22.7130961663772,NA,"NGS"
"34","US-Bi1",0.581957665460343,2,17,11.0071955124326,24,3.39028289028292,0,72,30.2886145564117,24,2.33203681105628,0,72,21.8614418808898,NA,2.2304624391737,23,72,45.6587630582561,24,2.22628347820655,1,72,47.5213012264283,24,2.50944759995373,8,72,50.8924785286305,NA,3.44573554671252,0,72,29.4093528195964,24,0.437808176992101,7,4,5.51125642425407,24,23.4069651982196,0,72,45.8610788241512,NA,1.9152178085834,0,72,18.5876607085795,12,0.414325404046887,1,1,4.86135367338985,21.6,19.8080977550094,0,72,38.9215436353668,NA,"FT"
"35","US-Bi1",0.773232063085897,23,72,15.3693553567012,24,3.04831762062018,0,72,33.5798630167616,24,2.25492141284891,0,72,26.9391018240266,NA,1.93425587611935,1,72,37.2701996979275,24,2.72458156390673,1,72,39.2702999672335,21.6,3.70010479514083,1,72,46.6083724133667,NA,3.00198270306581,0,72,31.2646118233028,27,0.649961224417262,0,11,7.23368314830109,24,24.8959651794919,0,72,51.9461520442996,NA,1.97540911979599,0,6,22.2062815108322,12,0.796898172495807,0,13,10.2678054968036,NA,22.4973969900573,0,72,46.9381514413144,NA,"GS"
"36","US-Bi1",1.28561619293647,0,41,28.7905648649199,NA,5.46683527531275,0,36,62.57396957979,24,4.52158775189265,0,13,53.9186515875246,24,3.2191584699453,12,72,67.9853683524262,21.6,3.13372225633639,1,72,62.1945017489477,21.6,3.36447475170815,23,72,71.1686671371454,NA,5.82263789564343,0,17,55.5477240731017,24,0.891886510645854,5,1,2.6520931079253,24,22.0266862713857,0,72,68.3510005430772,NA,3.72271704740183,0,8,30.440579534091,24,0.960514275455877,1,2,1.90939646087702,43.2,18.270869058003,0,30,57.4208009722241,NA,"NGS"
"37","US-Bi2",0.524324428024803,0,4,3.8067869694019,24,2.68731045744806,0,72,27.589627195836,24,2.00644242106969,0,72,24.0860371839637,NA,3.52557514565577,23,72,65.5121760043186,24,3.96736535349069,21,72,77.4216801918006,24,4.14719328104908,22,72,92.7372390275877,NA,2.44687107368838,0,72,25.4251481726912,24,0.559368526325005,2,9,7.90109217480862,24,25.0982593332684,0,72,50.4869942946489,NA,1.50476954157883,0,8,17.4894552128796,12,0.52042062453882,9,58,10.6821497166188,8,20.1586367758196,0,72,41.2071086478436,NA,"FT"
"38","US-Bi2",1.04367081548175,3,1,3.08083647155928,24,5.33826162076008,0,59,66.9235470357625,24,3.83124273468239,0,47,66.3381442908856,NA,6.45141418474233,21,72,117.183559331057,24,6.99551698974116,18,72,136.248471879797,24,7.34195116397094,8,72,149.937741722145,12,4.23353981960489,0,44,58.8763253482096,27,1.23709315571321,7,3,11.5453724186078,24,29.4695977386503,0,52,89.3677433293132,NA,2.99367337116059,0,4,49.8049966848661,24,1.1704377962738,8,3,7.71103339094771,24,26.5612695329761,0,43,82.0510469960794,NA,"GS"
"39","US-Bi2",0.556625480237482,1,3,3.21203567420767,24,2.41684310062075,0,12,28.1637134825234,24,2.12136228793617,0,72,28.5786361287324,24,3.43713467065787,0,72,68.4129421313286,24,4.63603123830368,21,72,84.0217237087888,24,5.01054124882807,9,72,107.163135988979,NA,2.37209891897457,0,16,23.1145134275548,24,0.698116474636473,4,8,8.1622497462258,24,24.5293115842512,0,72,55.1006399199494,NA,1.68397890527996,0,7,17.8116168864456,24,0.687430857628017,0,6,12.7216360913012,8,18.9657491467866,0,72,43.6993765570273,NA,"NGS"
"40","US-BRG",1.4151806405374,0,8,22.9036200352837,21.6,6.35465246742268,0,72,53.8974239411247,24,3.90434692367412,0,63,31.18928270069,NA,2.7771868180555,1,72,51.3295204771567,24,2.42776905550353,0,72,37.6397823841045,27,4.21983530364729,0,72,38.4895771279238,27,4.95701715399875,0,72,44.7098966151289,24,1.11644326043808,0,12,14.9352245431039,24,16.4748827841158,0,31,39.8264040476728,NA,2.91311539414643,0,15,19.5986460672584,27,2.18814760033099,0,12,18.9699828298386,24,17.1533207841398,0,39,41.1681956312615,NA,"FT"
"41","US-BRG",1.85892781969316,0,6,26.2985129826055,24,7.1791613217023,0,72,68.2367968568793,24,5.75166292510801,0,12,47.1596775588028,24,4.0704866655793,1,72,73.1386857494695,24,4.77740855626077,0,72,84.1247419197275,24,6.12634218570054,0,72,73.3480184904585,NA,6.12639998698678,0,19,62.7896011412348,24,1.69446050225168,0,3,15.5344925427581,24,22.0990394769479,0,16,62.7828299893156,NA,4.76938492682395,0,13,43.2755178600991,27,2.19928113618315,0,3,9.35335866293681,24,21.8627176700284,0,72,63.6495367074594,NA,"GS"
"42","US-BRG",1.98508295806301,7,10,34.2049117718839,30.8571428571429,5.85822992982086,0,57,69.3324574562753,24,3.81642597850828,0,43,50.4444686471714,NA,2.54606205349456,7,42,49.0787024972178,27,3.54714505676862,0,68,61.4526584954889,27,7.91882186530537,0,72,69.3961477903221,24,3.3621825987061,0,14,39.8359543291989,24,1.60181662877272,0,4,16.0056759115562,24,16.1643817429208,0,52,54.001112721792,NA,2.21241040850565,0,12,27.0116952961706,NA,3.70287712358346,0,12,30.8292702782325,24,17.4911203825863,0,29,56.8624413721654,NA,"NGS"
"43","US-CdM",1.57623153825952,0,72,29.3771632761342,21.6,3.15568175301101,0,72,41.5514898257043,24,2.00822637630508,0,72,28.2535974931639,24,2.00135338821219,0,72,32.2179938982003,12,2.4887824775536,0,72,34.4359785218671,24,2.26006618929578,0,72,32.2873281401829,NA,2.71540794941917,0,72,32.519087035868,24,1.31464170088208,1,72,20.8587765098793,24,29.5870535075444,0,72,53.3737191359757,NA,1.37294175353989,0,68,18.4523907613474,24,1.08114844082943,0,38,16.3471588296907,27,25.9073428044164,0,72,46.8139239982048,NA,"FT"
"44","US-CdM",2.21578509544414,21,72,41.2614635889618,24,2.97671624832036,0,72,42.2368722972972,24,2.10723351744076,0,72,34.0710992019726,24,4.14755077176787,2,72,69.4617616556476,24,4.68381368612866,0,72,70.2605830771092,24,4.01483230233227,0,72,60.720124836727,24,2.62076250069436,0,61,32.8163411699128,24,2.35744788949369,1,72,30.5828362506607,24,34.8098080825518,0,72,64.2146087168633,NA,1.62375306000483,0,19,24.2120838858282,24,1.6255380870558,1,72,23.6838692335345,24,32.6201122790142,0,68,60.4220471504387,NA,"GS"
"45","US-CdM",2.01564243140977,22,17,38.3052839869801,24,4.59231232588226,0,72,57.0998526454103,24,4.14574580829476,0,72,51.575880019732,24,1.66015570619895,2,72,32.9064130835017,11.3684210526316,2.18843588729821,1,72,40.5590445280145,21.6,2.22494290056793,0,72,40.1446934172281,NA,3.63090635662097,0,14,39.2080442862874,24,1.65731330300382,1,34,32.2541210425623,24,28.4904833387222,0,72,72.1458041619283,NA,3.07742466648182,0,11,30.4536969673589,24,1.63496182024438,0,14,24.4126665625721,24,27.7872147394569,0,72,69.8017378877899,NA,"NGS"
"46","US-CF1",1.4651202182121,3,72,29.6647410049752,24,2.88069728549139,0,72,38.0619032437382,24,2.79754619021099,0,72,29.1882662624021,NA,3.83722120206839,0,72,79.7038449840868,NA,4.81508263790069,1,72,100.965697311137,NA,4.06933642803511,0,72,78.8294318433421,NA,2.56058317654384,0,72,31.6788684810788,24,1.55859237671369,0,72,33.1459600374279,24,19.539611826594,0,72,46.7083040000546,NA,2.03745670594086,0,47,20.4024087393167,NA,0.849111830647956,0,40,17.6548927100237,12,17.7566732033129,0,72,40.7774363649445,NA,"FT"
"47","US-CF1",5.43231829062539,15,3,61.754745025379,NA,4.97845310222879,0,8,71.5458193119935,24,5.03723244800043,0,2,75.9804177130416,24,7.00230876024351,15,7,142.893811125384,24,8.64188119217355,11,72,184.609955190785,NA,7.96307056672568,0,72,172.146305133194,NA,4.85991026111903,0,22,76.1644291359106,27,6.11701624822076,9,72,136.603554247873,NA,25.6703396717674,0,28,99.6359934669092,NA,4.41736958527329,0,1,53.0298524929958,24,5.50078444796926,8,10,99.4588279883051,NA,23.666079120842,0,1,74.8800899539386,NA,"GS"
"48","US-CF1",0.869927514892373,1,3,5.9842917394204,24,2.60136715439567,0,72,36.9738055505337,24,2.87242230210842,0,72,30.7008847117838,NA,3.88464228945967,3,72,74.519408801601,24,5.26065312779961,1,72,111.579719557936,24,4.94372496411603,0,72,98.0266155409658,NA,2.36824928109169,0,72,29.3843363793344,24,1.1989894225116,1,72,23.6856792855009,24,18.9188096111264,0,72,51.3395104697735,NA,2.25284525723539,0,8,18.544948574552,NA,0.729230804805288,0,2,10.1881285187999,12,16.7864776227388,0,72,43.4188421627315,NA,"NGS"
"49","US-CF2",0.503172975851314,6,1,4.61765806499073,24,3.0038652577298,0,72,37.4476659545,24,3.20062011698592,0,72,34.2762413365648,NA,2.12543240522252,2,34,40.1125309638022,24,2.70855914293455,0,72,48.4901191108801,NA,2.81005024959276,1,72,53.5356359743568,NA,3.00162788922311,0,72,34.0715111267681,24,0.532816233347564,0,7,4.2669395822963,NA,19.8006521428959,0,72,55.3430804473125,NA,2.32540583100174,0,18,21.0417145295648,NA,0.480908392579881,0,1,2.23308893115467,21.6,15.3091407000129,0,72,42.3939111579071,NA,"FT"
"50","US-CF2",4.10055621019118,5,5,73.7782911847241,24,7.39797474583346,0,7,67.3845595266622,24,7.40946645961178,0,1,80.481079104385,30.8571428571429,5.08420607718045,23,17,100.052881854297,24,4.86181986705671,3,4,83.0037077623725,12.7058823529412,5.35719740231759,4,17,109.999413743287,12,6.86618481351791,0,12,66.0621679877256,24,3.56550753037961,4,1,17.386229820989,11.3684210526316,23.1325728265477,0,5,99.9496726948082,NA,6.75011493730022,0,1,33.0988453902389,NA,3.91910853133017,11,1,7.70709290216592,27,19.7581749766187,0,1,23.8778385692738,NA,"GS"
"51","US-CF2",0.682389829437361,3,6,10.0568821951595,24,2.63005430079433,0,72,38.0656776915509,24,3.16429828636927,0,72,38.4649853380128,NA,3.0575573615659,1,72,58.7355364986643,24,3.15825407673972,0,72,64.5419695508757,NA,3.63257601039708,0,72,74.3152046356157,NA,2.72290386026384,0,38,33.0557689537784,24,0.614783075537885,2,5,3.42067752092127,NA,19.997988345029,0,72,63.0558861901865,NA,2.26459514324216,0,8,14.9893349290379,NA,0.574730978505444,17,2,3.21941112079331,21.6,14.8593686007346,0,72,46.4298966332173,NA,"NGS"
"52","US-CF3",NA,NA,NA,NA,11.3684210526316,2.71719015264724,0,72,34.5903624555818,24,3.49318182268234,0,72,37.1413697843273,NA,2.1216280761306,15,3,25.4258957238901,24,2.41906811458889,3,5,42.2662774500295,24,4.45778138901908,18,72,85.8243707813831,24,2.68163685477314,0,72,32.3632702311773,24,NA,NA,NA,NA,NA,20.5625056393676,0,72,58.6571329673759,NA,2.34835357138199,0,23,24.3050299224974,NA,0.746662016286336,0,16,11.9431237207477,24,15.8710213869864,0,72,44.3022331945055,NA,"FT"
"53","US-CF3",NA,NA,NA,NA,NA,5.47790658121607,0,5,64.7344333210525,24,6.02167544982754,0,1,90.4749609236702,27,NA,NA,NA,NA,NA,NA,NA,NA,NA,12,NA,NA,NA,NA,NA,5.01686908781038,0,13,47.7546081473949,27,NA,NA,NA,NA,NA,24.0202526945084,0,4,99.3666274571759,NA,4.46930156746438,0,1,49.2020333607792,24,NA,NA,NA,NA,NA,21.2022867155031,0,1,55.0526047009269,NA,"GS"
"54","US-CF3",0.732607570135075,1,2,3.17975898743293,24,2.20970765846737,0,11,30.0129687902967,24,3.27284762188656,0,13,36.2687428001545,24,3.0692858262654,15,13,54.808481395859,24,2.82922093884542,2,6,47.1321386654797,21.6,5.01797505830809,18,72,92.4137071966605,24,2.82259037980002,0,11,32.8527814651818,24,0.707677431696456,0,1,1.8513850839381,12,21.2311339556371,0,72,69.3312583602251,NA,2.69172602002551,0,6,20.0791424042147,24,0.815859812623706,0,20,15.1147542726617,24,14.7297802251771,0,72,48.4884617011546,NA,"NGS"
"55","US-CF4",NA,NA,NA,NA,27,3.17484364369322,0,72,37.8183612398395,24,2.60153476670667,0,72,34.4959798234412,NA,1.8961210547856,21,1,7.50014961139517,24,3.25559442730041,0,29,59.5631596705318,21.6,4.10041991895742,0,23,58.1028284489098,NA,2.72325054255463,0,72,31.53720757953,27,0.880641779059338,0,9,11.8399019062694,NA,20.9307708279205,0,72,51.7237381822279,NA,1.91371257719803,0,72,23.4678577440211,NA,0.97848405879976,0,3,9.09203905911674,24,18.7608427550424,0,72,44.8963069441723,NA,"FT"
"56","US-CF4",4.01038155486497,1,2,25.6114708834742,24,4.93424535882556,0,14,75.0378560904833,24,4.90421310289089,0,25,82.2854198710855,24,9.47789604652932,2,72,193.128465314718,27,10.3807902966569,8,72,229.136158672581,NA,11.8776943235327,8,72,255.465490440511,NA,4.85677535562093,0,13,54.2096425291574,24,3.70914608668256,1,9,54.6494764150443,NA,28.2832463595224,0,8,98.7181829098952,NA,4.59424345272107,0,1,51.4771765039289,NA,4.15888711157541,2,6,70.9389951521145,12.7058823529412,26.220793417106,0,1,76.8903593410329,NA,"GS"
"57","US-CF4",NA,NA,NA,NA,21.6,2.7493771088335,0,72,37.8326082386269,24,2.58405131696284,0,72,36.3290219158608,NA,2.55325893282846,0,1,2.55325893282846,24,3.9542126791806,0,7,62.956172319452,24,4.67181600920299,0,8,49.7847497302121,NA,2.69244443773328,0,72,33.3016726358143,24,1.2276949325153,0,16,18.6916031899699,12,19.206382776916,0,72,56.5486626749145,NA,2.04050079821919,0,7,22.0945700595852,21.6,1.21145198660252,0,3,9.9477242832858,24,16.5276003925085,0,72,47.1845614261392,NA,"NGS"
"58","US-CGG",1.00188038677574,4,9,14.3417295570838,27,2.77951578240819,0,72,43.3462176621179,24,1.55469516947548,0,17,24.3632693749173,43.2,4.4794117073997,20,72,90.506324519872,24,4.22512253799243,13,72,89.1690571011731,24,3.96577984247437,2,72,74.216650428901,NA,2.72600720404193,1,72,40.4509652190999,27,0.756620155527294,19,1,2.20637890688411,24,27.077204974321,0,37,58.8438985716386,NA,1.60904205780221,1,2,27.3900952813702,12,0.668202632246231,0,1,3.71068656585793,12.7058823529412,30.6970316572011,0,72,63.3990041348283,NA,"FT"
"59","US-CGG",1.00188038677574,4,9,15.0659237389172,27,2.77951578240819,0,72,43.3462176621179,24,1.55469516947548,0,17,24.3632693749173,43.2,4.4794117073997,20,72,90.506324519872,24,4.22512253799243,13,72,89.1690571011731,24,3.96577984247437,2,72,74.216650428901,NA,2.72600720404193,1,72,40.4509652190999,27,0.756620155527294,19,1,2.20637890688411,24,27.077204974321,0,37,58.8438985716386,NA,1.60904205780221,1,53,28.4070966933918,12,0.668202632246231,0,1,3.71068656585793,12.7058823529412,30.6970316572011,0,72,63.3990041348283,NA,"GS"
"60","US-CGG",NA,NA,NA,NA,NA,NA,NA,NA,NA,NA,NA,NA,NA,NA,NA,NA,NA,NA,NA,NA,NA,NA,NA,NA,NA,NA,NA,NA,NA,NA,NA,NA,NA,NA,NA,NA,NA,NA,NA,NA,NA,NA,NA,NA,NA,NA,NA,NA,NA,NA,NA,NA,NA,NA,NA,NA,NA,NA,NA,NA,"NGS"
"61","US-Cop",1.00807802811174,14,15,19.6157840266348,27,2.41523541447089,0,72,47.7907814123007,24,2.20080430065678,0,72,43.2056555830914,21.6,1.72225759804932,5,38,17.9783499227668,24,0.925579381583407,1,72,18.0670975099249,27,1.12264396633236,1,72,21.826385765827,NA,1.2734291630754,0,72,21.4173163292502,24,0.57713298736079,23,5,10.7789923156366,24,34.0728338117775,0,72,55.529103677743,NA,0.984040221379385,0,10,10.8484213964618,24,0.497701325850527,15,5,4.71587980460952,21.6,24.7121411331398,0,1,37.5845898543549,NA,"FT"
"62","US-Cop",1.53213294942424,19,12,27.3817354670491,24,2.73299345113798,2,72,54.5072252855858,24,2.59948081434204,3,72,53.6948249177404,19.6363636363636,2.14150132629313,4,16,33.2948478428546,24,2.48189470767637,3,72,51.5328188272816,NA,2.73948032514827,4,72,58.4021887566624,27,1.34206183347829,0,13,19.5817777179476,24,0.642152962579591,0,8,11.3640099864414,NA,40.0326716734411,0,6,64.917890343,NA,1.20037506295271,0,10,13.5198670644071,18,0.633791087106048,0,4,6.7185818722295,21.6,34.5424037160255,0,1,40.8486171598657,NA,"GS"
"63","US-Cop",1.52373808502264,3,2,21.4146810089725,12,3.36787852633526,0,72,70.8835048162193,12.7058823529412,3.36017453598393,16,72,75.5788890685286,27,2.64771168832043,7,72,53.0496350517809,24,3.02449861859505,14,72,64.1255644056169,NA,3.5911590689744,21,72,77.8978437805745,NA,2.46183409330145,0,11,41.2202566586581,27,1.01823082112883,23,1,1.01823082112883,8,34.6866962956787,0,1,79.9283598305357,NA,1.96852920630605,17,4,16.7704431896365,21.6,1.13065904126634,20,1,1.13065904126634,NA,28.7208640558022,0,1,55.5981789109958,NA,"NGS"
"64","US-CRT",1.01528837771385,21,72,20.201271361413,24,4.84885069221298,0,72,52.4335639829476,24,3.75890679820821,0,72,38.2738736832378,24,1.50018514562883,0,72,24.3834467026682,24,2.32894228984432,0,72,25.0956813469828,24,2.1452156209487,0,72,29.0223614377797,24,5.56466578326422,0,72,53.2764103032147,24,1.56419155920547,0,13,16.787324061066,24,18.321228148824,0,72,50.8981385873955,NA,3.09940799856729,0,11,24.1358743220152,24,1.01049929058344,0,13,14.2349871549611,24,11.8368677763776,0,72,37.0913111915546,NA,"FT"
"65","US-CRT",1.51300344630191,1,6,28.6082351754112,24,5.20618889899061,0,11,64.4837800856155,24,5.64171476254837,0,12,61.814794917794,24,6.25758144079532,0,72,107.115963910253,24,9.4015070035895,0,72,103.002419205555,24,11.8796371869521,0,72,107.900845449198,NA,5.90119193912529,0,10,47.3684450707821,24,1.88274225764964,0,4,6.10975370972101,24,24.4130279451614,0,13,60.9150715699499,NA,5.0389906245274,0,11,34.8396532631266,24,1.96937510993466,0,4,7.53354078218802,24,20.5962007657469,0,8,47.4214481734723,NA,"GS"
"66","US-CRT",1.34876392103947,20,9,28.2226385079635,30.8571428571429,4.8372530072967,0,72,56.9899411533958,24,3.45564373772463,0,72,50.9423828932647,24,1.57843446710324,0,7,22.1482443106954,24,1.4931419067394,0,19,26.7138683386718,NA,2.19200856963021,0,72,36.8021071302529,NA,4.83982550456269,0,13,47.2813721558911,24,1.11854559377403,0,2,12.1108378171839,24,16.0471580927612,0,41,60.1647811232813,NA,2.69769498996936,0,9,27.3900128411423,24,1.26957290280975,0,4,12.0477051709185,43.2,10.9744907525541,0,30,44.1157656355658,NA,"NGS"
"67","US-CS1",NA,NA,NA,NA,NA,10.7066826192067,0,72,140.946328526144,24,7.13657465205296,0,72,111.430705662699,24,NA,NA,NA,NA,NA,NA,NA,NA,NA,NA,NA,NA,NA,NA,NA,9.01448334332412,0,38,102.055519814549,24,NA,NA,NA,NA,NA,17.4395219921571,0,72,88.3676926675437,NA,4.30879068052737,0,10,43.4127725665625,24,NA,NA,NA,NA,NA,12.398907606477,0,14,67.0463116500994,NA,"FT"
"68","US-CS1",NA,NA,NA,NA,NA,18.9874577348513,0,6,184.70531066289,24,11.2888016202512,0,1,58.5607679653386,24,NA,NA,NA,NA,NA,NA,NA,NA,NA,NA,NA,NA,NA,NA,NA,19.2386309386813,0,6,111.114339567701,24,NA,NA,NA,NA,NA,20.5956696965959,0,1,20.5956696965959,24,16.3274538355979,0,2,32.5375805885104,24,NA,NA,NA,NA,NA,30.3430533304728,0,1,60.839511129013,NA,"GS"
"69","US-CS1",NA,NA,NA,NA,NA,9.13507436524097,0,72,139.198122224088,24,5.49261559151462,0,72,105.319051916668,24,NA,NA,NA,NA,NA,NA,NA,NA,NA,NA,NA,NA,NA,NA,NA,8.91233440387371,0,72,119.759161098873,24,NA,NA,NA,NA,NA,17.3320033338201,0,41,103.905798145049,NA,3.51453826483547,0,1,11.3366954171785,24,NA,NA,NA,NA,NA,10.8356040071944,0,7,46.1365366413337,NA,"NGS"
"70","US-CS2",7.76775317793995,18,12,105.072369049044,24,5.7486241128158,0,72,54.4790558339197,24,3.89610301520299,0,72,33.323142505659,24,16.2293235540502,6,72,248.155910735714,24,12.695752664287,1,72,214.671244951189,27,11.077678963081,0,12,130.393294018999,24,6.00546667465677,0,14,47.0463817508738,24,5.50547885677871,23,3,71.2357439416711,24,14.0786897843689,0,13,38.0713579713825,NA,4.52758373162848,0,11,28.1942002175565,24,5.81209093224051,23,6,25.8085609414065,24,20.4146317199168,0,36,54.0857887639385,NA,"FT"
"71","US-CS2",6.72162278929801,17,6,58.9905892684735,24,8.25916780088142,0,13,77.2100451096743,24,6.63450180471083,0,10,60.701109040664,24,14.346486666271,6,7,179.030927306543,24,12.695752664287,1,12,199.159975212845,27,11.7356156055084,0,11,110.742835287435,24,8.23635623600478,0,11,61.1310728259621,24,5.50547885677871,23,2,34.2132638583202,24,23.7174440945943,0,11,66.4185874804437,NA,5.90687329354396,0,11,45.2878272407234,24,6.49747008392303,0,2,17.6390804237314,24,22.8763083239046,0,15,71.682499699659,NA,"GS"
"72","US-CS2",NA,NA,NA,NA,NA,4.15628207374365,0,11,53.2870011401398,24,3.19212899217387,0,12,42.0820195922105,24,NA,NA,NA,NA,NA,NA,NA,NA,NA,NA,NA,NA,NA,NA,NA,6.25234506244458,3,9,85.2662800046755,24,NA,NA,NA,NA,NA,22.2223446463197,0,61,63.9092701097151,NA,4.08055227979051,0,11,39.7953560236135,24,NA,NA,NA,NA,NA,20.6721169126951,0,12,51.3454741790497,NA,"NGS"
"73","US-CS3",NA,NA,NA,NA,NA,9.63175748269381,0,72,134.17478041036,24,6.35974824593545,0,72,90.9551354056756,24,NA,NA,NA,NA,NA,NA,NA,NA,NA,NA,NA,NA,NA,NA,NA,8.02813747058293,0,72,98.337552315809,24,NA,NA,NA,NA,NA,17.4307213064577,0,41,78.4352826139405,NA,4.33940271404657,0,9,34.1183020589319,24,NA,NA,NA,NA,NA,13.1711431023207,0,33,63.5726694203043,NA,"FT"
"74","US-CS3",NA,NA,NA,NA,NA,13.2710305422412,0,8,135.891646190514,24,11.4681464658449,0,9,119.991467187251,24,NA,NA,NA,NA,NA,NA,NA,NA,NA,NA,NA,NA,NA,NA,NA,12.3044550672744,0,8,83.2067234180287,24,NA,NA,NA,NA,NA,25.114418727357,0,1,52.1384418853301,NA,10.1151519877534,0,5,48.4951847396709,24,NA,NA,NA,NA,NA,24.8486646808472,0,1,81.6321355331904,NA,"GS"
"75","US-CS3",NA,NA,NA,NA,NA,9.45344598940168,0,72,147.320635034748,24,5.62438920745732,0,72,100.794778279459,24,NA,NA,NA,NA,NA,NA,NA,NA,NA,NA,NA,NA,NA,NA,NA,8.17290071602858,0,72,107.553241104378,24,NA,NA,NA,NA,NA,16.5444353737283,0,19,93.4662562097355,NA,3.63037825937418,0,2,15.3146543534879,24,NA,NA,NA,NA,NA,10.6332569754315,0,3,37.0898838684892,NA,"NGS"
"76","US-CS4",NA,NA,NA,NA,NA,10.0414795770327,0,72,137.845919879698,24,6.42572827331867,0,72,95.9640640099732,24,NA,NA,NA,NA,NA,NA,NA,NA,NA,NA,NA,NA,NA,NA,NA,9.30434892156612,0,72,105.450819321944,24,NA,NA,NA,NA,NA,18.5152577921708,0,62,76.6515504843226,NA,4.19500338739185,0,7,24.4637317461644,24,NA,NA,NA,NA,NA,13.6521615294288,0,12,51.2439615780645,NA,"FT"
"77","US-CS4",NA,NA,NA,NA,NA,16.2133177639149,0,9,174.339703061552,24,13.5666479763908,0,10,162.482972501789,24,NA,NA,NA,NA,NA,NA,NA,NA,NA,NA,NA,NA,NA,NA,NA,14.3173435578523,0,8,101.972516268998,24,NA,NA,NA,NA,NA,26.6063840186726,0,1,67.3143716974125,NA,10.4746908300836,0,1,16.6533154607388,24,NA,NA,NA,NA,NA,24.6130803049654,0,1,38.0023867462224,NA,"GS"
"78","US-CS4",NA,NA,NA,NA,NA,7.36387542263824,0,72,128.045938607429,24,4.82837255120891,0,72,93.2432868991456,24,NA,NA,NA,NA,NA,NA,NA,NA,NA,NA,NA,NA,NA,NA,NA,6.83905684664843,0,72,105.407734488304,24,NA,NA,NA,NA,NA,19.7715497743851,0,34,86.322239627786,NA,3.6114839574179,0,1,15.4581462031842,24,NA,NA,NA,NA,NA,13.4691978694111,0,8,44.386620044333,NA,"NGS"
"79","US-CS5",7.05801879264263,4,72,152.597208827219,24,9.62431490232538,0,33,135.488895039664,24,7.02757094496387,0,72,113.167699508981,24,7.76282723863928,18,72,157.619578221608,24,7.84726860916963,0,30,160.854906195888,24,8.11962126800201,1,52,165.020152313949,12.7058823529412,9.13711985404173,0,14,101.36881246941,24,5.9987243547242,0,39,121.326341747201,12,22.3517266100434,0,64,102.161580328031,NA,4.92789032164167,0,11,41.3202358604822,24,6.20785313385015,0,4,70.1774041652649,12,17.5335991857243,0,6,69.7869069327756,NA,"FT"
"80","US-CS5",7.98707885633398,22,4,90.2670884873493,24,13.0329930932415,0,6,148.226545627066,24,11.4127044475286,0,7,129.486185690269,24,7.72004238308324,22,10,128.940968857428,24,9.14135157813722,0,3,149.213401942311,24,8.21183013988024,1,3,148.626823548682,12,12.9139749047254,0,12,104.271534700828,24,6.177544312791,23,1,6.177544312791,24,25.9445875574997,0,1,46.1711652063235,NA,9.65815329058823,0,1,48.4478842698386,24,6.23335937139572,0,2,17.9242841009089,12,24.2778213507531,0,1,36.945988486503,NA,"GS"
"81","US-CS5",NA,NA,NA,NA,NA,10.6715613807045,0,72,182.243805265982,24,7.75067080386576,0,72,155.837460342885,24,NA,NA,NA,NA,NA,NA,NA,NA,NA,NA,NA,NA,NA,NA,NA,9.09217822796113,2,12,146.068873414589,24,NA,NA,NA,NA,NA,22.6609253108535,0,1,130.236086050316,NA,4.62303651775538,0,1,21.1912241656306,27,NA,NA,NA,NA,NA,16.4985474710311,0,1,62.9488908895974,NA,"NGS"
"82","US-CS6",4.37258555313697,23,72,91.8961161929234,24,9.84834788842493,0,72,131.689222608215,24,7.13935860565571,0,72,110.40341249406,24,4.2831593011077,1,72,82.8008988976584,24,5.14438566404509,0,72,72.4754422691302,24,8.31536851219331,0,72,88.9909063061875,NA,8.03803329760154,0,14,86.0758005743451,24,3.81417861454783,0,7,32.0727946659826,24,22.6496702034173,0,18,85.8503663756814,NA,4.32876626286275,0,9,43.8645581857035,24,4.11665421739387,0,6,16.1270086176541,24,16.4861126249497,0,29,69.7239172630474,NA,"FT"
"83","US-CS6",8.24166104482861,23,12,136.120467309861,24,14.9639237675372,0,5,157.192787869411,24,12.8834295544238,0,1,145.070448387692,24,9.20868772601091,2,8,167.884553382242,24,9.79335012673675,22,13,171.905087570622,24,9.56530432820402,0,27,200.140062636907,NA,14.6301018407816,0,8,96.9409685232629,24,7.34577167479219,3,3,56.6818367631502,24,30.3389545760291,0,1,114.717505313469,NA,11.2567789268249,0,3,47.5906204575293,24,7.0225606691144,0,1,19.8745965417986,NA,27.4549481643469,0,1,67.6925638636664,NA,"GS"
"84","US-CS6",3.77559387632313,0,33,76.1060459677591,27,6.9463993593077,0,9,110.720055917628,24,6.43198056712138,0,72,119.015909657098,24,3.24100111933823,1,8,42.809053453771,24,5.04074070659692,0,2,22.8343573296299,24,11.4232279339202,0,72,89.0827142450628,NA,6.90327982390826,0,11,75.0764626381936,24,4.52197493644978,0,1,4.52197493644978,NA,21.1952401616107,0,72,99.5525045492624,NA,4.1537595187493,0,7,35.4736137596188,24,6.40923959258576,0,2,13.5339154495468,NA,14.4516435684434,0,37,73.6605135086288,NA,"NGS"
"85","US-CS8",NA,NA,NA,NA,NA,10.2227570604219,0,7,119.002356036834,24,8.94751650495131,0,62,137.363362899072,24,NA,NA,NA,NA,NA,NA,NA,NA,NA,NA,NA,NA,NA,NA,NA,9.37439753789524,0,12,97.3865984124339,24,NA,NA,NA,NA,NA,27.5267495142853,0,13,114.501379109543,NA,6.6223510846493,0,10,70.3924838748282,24,NA,NA,NA,NA,NA,22.7771375667509,0,1,62.3849922995755,NA,"FT"
"86","US-CS8",NA,NA,NA,NA,NA,11.6621360504736,0,7,136.831535448276,24,10.6211081322182,0,12,155.271501670881,24,NA,NA,NA,NA,NA,NA,NA,NA,NA,NA,NA,NA,NA,NA,NA,10.3341299438715,0,10,101.267783169217,24,NA,NA,NA,NA,NA,29.4157288746887,0,1,98.9542653091656,NA,8.59695314841827,0,7,81.5308705572003,24,NA,NA,NA,NA,NA,27.6689659219086,0,1,56.4508228946606,NA,"GS"
"87","US-CS8",NA,NA,NA,NA,NA,14.0769587039718,0,6,134.219550829291,24,14.1193270588249,0,8,173.068409207509,24,NA,NA,NA,NA,NA,NA,NA,NA,NA,NA,NA,NA,NA,NA,NA,13.7731816459285,0,6,103.048376865317,24,NA,NA,NA,NA,NA,26.8156531457815,0,1,117.274894364824,24,10.9754262767088,0,2,20.4255797646766,24,NA,NA,NA,NA,NA,21.0561398767874,0,1,41.9666543839999,24,"NGS"
"88","US-Cst",0.897225763370487,0,8,14.1528564295127,24,8.50875061667944,0,72,49.9419698638121,24,5.45440096087558,0,72,33.6491541381654,24,2.73725191959127,1,72,46.7738428095841,24,3.52594925399417,1,72,46.4031173831132,24,5.99851104281754,0,72,51.1765821841443,24,7.82854841151526,0,17,47.272346260741,24,0.835937022182866,0,16,12.623673111838,24,12.6308861756406,0,72,35.3992549982511,NA,4.02166319562942,0,17,26.6194470230047,24,1.34897590042153,0,11,10.4293587425334,24,11.8945394210092,0,39,33.0319616380701,NA,"FT"
"89","US-Cst",1.18514192813453,0,6,14.0412643935504,24,8.59663107885894,0,14,56.3612387774127,12,6.40264428856217,0,13,39.5178808941299,24,4.50862408927967,4,72,80.152504472537,24,6.21228652767272,1,72,80.08315562294,24,9.23023648277341,0,72,85.333715152349,24,8.94443283862556,0,18,64.529919828749,12,1.41334563891598,0,7,13.3301375945722,24,16.0224523429875,0,16,48.9382383650174,NA,5.75907253095617,0,17,42.3611053882598,24,2.11454840424572,0,30,20.6303171211016,24,15.5102625833209,0,37,50.8772547719454,NA,"GS"
"90","US-Cst",1.42874378228371,18,19,28.4558940383357,27,10.0726161425361,0,72,70.1899568672863,24,6.34942184764928,0,72,56.7033639247233,24,1.36000556993668,1,72,27.6546332011901,21.6,1.50242739620295,2,72,26.7249048332855,21.6,2.26466102898298,0,72,29.2831328871947,24,7.45677775291792,0,42,51.8494607144548,24,0.909394586956528,0,9,14.7574319318766,24,11.2420938547447,0,35,42.4457026393688,NA,3.91890814778757,0,9,25.8669349734523,24,1.3272850853703,0,7,6.94658243616855,24,12.0287572931904,0,7,31.5982052121428,NA,"NGS"
"91","US-DFC",1.43711685797833,0,72,27.2202399650958,24,4.22142128433714,0,72,56.7166703695331,24,2.89432352319123,0,72,30.40088137284,24,2.41196110212218,0,72,46.7654149766288,24,2.39226066504993,1,72,44.0100307172141,8.30769230769231,2.78259163001904,1,72,47.732661489098,NA,4.01455700085662,0,72,60.0448144738684,24,1.02322981675193,0,20,19.9784752482078,7.71428571428571,17.4207146537725,0,72,43.6134634481975,NA,1.8849294835419,0,72,23.1380761223547,NA,1.00702642460391,0,7,11.8360143561896,24,12.5910828503402,0,72,36.1663216999079,NA,"FT"
"92","US-DFC",2.20134290784193,0,1,10.3087579169204,24,3.56215827377354,0,12,32.7453075726246,NA,3.8702837917317,0,10,33.801945113403,24,3.0944698401381,0,39,61.225753514543,11.3684210526316,2.65006259718898,1,17,49.71832428206,NA,3.35697626306027,0,72,63.0476520566807,NA,3.66004639702223,0,29,52.0344295422821,21.6,2.15922343685496,0,2,20.8560988383189,7.71428571428571,24.8533427618607,0,39,71.7738079114005,NA,3.58467525616878,0,9,45.1932659424638,24,1.9964111145212,0,6,19.4489838753823,NA,20.1058848016605,0,28,61.2365670794969,NA,"GS"
"93","US-DFC",1.75434855116204,5,72,36.0201841880617,24,4.78170170130766,0,72,68.2261722104674,24,2.95658667437695,0,72,41.3092119433149,24,2.93653946510484,2,72,59.0701476953827,24,2.64208280646163,21,72,56.7982909509921,21.6,2.7246612639937,0,72,54.4951428912815,21.6,3.80545116735689,0,72,53.9645399335261,24,1.24839316235498,0,41,25.7999386785786,24,16.0280599628671,0,72,49.9070348160775,NA,1.95428248345953,0,14,25.4885506811798,24,1.32802489893647,0,3,11.5808747028295,24,12.6177344012623,0,72,43.7235343780758,NA,"NGS"
"94","US-DS3",1.06457078837622,18,3,19.262753102747,NA,4.81053948894163,0,72,50.5392144781748,24,2.72228410542129,0,14,38.0012345698133,24,3.07447937072361,3,72,60.5922212236471,24,3.36182167188487,18,72,69.8738652330694,NA,3.52188571534953,0,72,77.597505198482,NA,4.62948438801971,0,38,46.7289000542044,24,0.998623095782509,4,1,12.9911059989816,NA,22.2702767742554,0,38,66.3747755732264,NA,2.14291031064367,0,6,14.7670601722652,NA,1.04186655098308,1,2,10.6186973252409,NA,18.8301995354051,0,36,55.1635765085596,NA,"FT"
"95","US-DS3",2.44424930164896,3,1,9.50789958800469,18,8.28922346739593,0,9,85.8075539822364,24,5.83292558659468,0,11,81.3939873157301,24,5.75726928471251,20,72,124.073695393922,NA,6.4442905598766,23,72,143.829078456589,NA,6.35911107085379,21,72,137.069163059272,NA,7.80182990351272,0,11,63.4162754365269,24,NA,NA,NA,NA,NA,28.6359681847502,0,37,122.77295744824,NA,4.46849852927776,0,8,47.9613850850365,24,NA,NA,NA,NA,NA,28.3071561917913,0,31,118.180192291128,NA,"GS"
"96","US-DS3",1.30752484940662,5,1,1.30752484940662,NA,5.18936431619893,0,11,58.7765341016757,24,3.45233957968172,0,72,58.7954037069467,24,2.71534669879255,23,38,56.3148002581375,24,3.77007238780368,22,72,77.6634258287914,24,4.43135911815604,10,72,98.4621446561614,NA,4.30557223273937,0,12,44.0450392099598,24,1.5209441563573,6,3,18.5507473202025,24,20.8464038450229,0,43,75.7400805698858,NA,2.39472317634726,0,2,21.7281268325148,24,1.65707017313455,0,72,35.6593680308354,NA,17.3188235115284,0,28,64.3069448733598,NA,"NGS"
"97","US-Fmf",1.18751849499667,23,72,20.3076031623796,24,4.62285216475555,0,72,41.2957861943464,24,3.53339777583027,0,72,31.9733210925502,24,2.66094603156779,1,72,43.6155041162544,24,3.35372275815899,0,72,47.0524179230228,24,3.13348067988097,0,72,45.6165983923319,24,4.6018702356226,0,72,39.4826190539868,24,1.20109014259947,0,72,17.9296587511693,24,34.8485902422842,0,72,60.0766290838825,NA,2.53725825622903,0,72,21.7891180437992,24,0.9722150345248,0,72,13.7185132669481,24,25.2142496186961,0,72,45.3061329192762,NA,"FT"
"98","US-Fmf",1.32696816354471,23,72,22.017183111613,24,4.69111796983568,0,72,41.8776719763064,24,4.20733895963393,0,38,38.4668255183422,24,3.38942740331276,1,72,56.5865486202255,24,4.45776988100068,0,72,61.7990377950748,24,4.59943329293961,0,72,63.6698786378678,24,4.67445827325171,0,13,36.0396771755005,24,1.51172467823336,0,72,21.1985655348975,24,39.1426916342959,0,1,68.5888107049155,NA,3.28913710595749,0,10,28.228801804172,24,1.36533458703842,0,72,18.1194732789052,24,32.3589285336679,0,72,58.602899146811,NA,"GS"
"99","US-Fmf",1.7235429869169,23,8,19.2858151091383,24,4.65450196172225,0,72,61.1793559966578,24,3.52748792065131,0,72,55.8068656075501,24,2.62691093839555,0,6,25.5754554232904,24,3.16321425170035,2,72,59.8904932124271,24,3.15190326544657,3,72,61.304917760889,12,3.7246752864412,0,11,39.4109915976554,24,1.50249371701569,5,3,19.5208555158793,21.6,28.4420842041391,0,1,70.1929938147853,NA,2.44942533989556,0,3,22.0292986042702,24,1.34975568661117,21,1,3.96654194749656,21.6,25.6569522047531,0,1,61.2320986471662,NA,"NGS"
"100","US-Fuf",1.2965479437909,23,72,21.7094799407883,24,4.1012409113225,0,72,38.0625711253745,24,3.31229578852931,0,72,30.8381204223793,24,3.02973734836819,1,72,44.7414146896124,24,3.02580715967834,0,72,41.3764867890133,24,2.88707506017147,0,72,39.7318825007818,24,3.93885445365041,0,72,34.1489058290418,24,1.16141874868732,0,72,16.7017143513067,24,34.9196368389307,0,72,58.9386121075254,NA,2.15528010188684,0,72,20.9267964543094,24,0.913214071548432,0,9,12.1299961286333,24,27.4746244488589,0,72,47.4812805109903,NA,"FT"
"101","US-Fuf",1.33623322256816,1,12,20.6505921624387,24,4.4908947311067,0,36,40.3768289136836,24,3.79191877638005,0,72,37.7713469632473,24,3.69570696714561,1,72,58.4032320188685,24,3.96368026786482,0,72,53.6036169779427,24,4.42104747317053,0,72,55.9474172578739,24,4.24255072896834,0,14,34.2097834405892,24,1.46166089771756,0,9,15.1118340493929,24,37.8583054221112,0,1,68.1293675680369,NA,2.98100454964059,0,8,22.7526839943343,24,1.32712131196996,0,7,13.2412644596811,24,32.6727777296379,0,1,57.6970744457044,NA,"GS"
"102","US-Fuf",1.32042254306292,22,16,26.8034979212622,24,4.33848103001778,0,13,52.8673698053914,24,3.02520813694784,0,72,47.0200669973603,24,1.90198698896266,3,55,33.4391785833215,24,1.93622591336465,4,72,41.8595273214683,24,1.88975601717212,5,72,38.6871247564792,43.2,3.54974536566632,0,10,31.1265789658686,24,1.13676235837288,21,22,20.3941025440566,24,29.0843950846664,0,1,64.6585189418693,NA,2.15784997269137,0,5,23.6550814486602,24,0.997856750474755,4,2,10.9194075745089,NA,25.9664073637364,0,1,62.1250781835466,NA,"NGS"
"103","US-Fwf",1.03789579712025,0,72,16.489156865814,24,5.00272654022833,0,72,40.3382768781278,24,3.58432645378467,0,72,29.2584390983857,24,2.85385201268893,0,72,45.5942524000165,24,2.58379255936594,0,72,47.7519625072876,24,2.430619398458,1,72,46.3394023565038,NA,4.03387478050077,0,72,30.0812458684203,24,0.693155182267754,0,63,11.9296956325582,24,34.9990296978266,0,1,54.122445823705,NA,2.31087762094128,0,72,16.9517903947011,NA,0.54898330623314,0,3,4.94278339777794,24,29.263665187542,0,1,45.5941527492238,NA,"FT"
"104","US-Fwf",1.69135550204991,0,11,22.1209851443025,24,5.76241968980262,0,12,48.5050366181563,24,5.16798032597567,0,72,46.1201996050739,24,2.7288843078456,1,72,46.5173446220641,24,2.88918051279866,0,72,49.5373713618649,24,2.58746960441182,0,72,48.1455779106128,NA,4.77228771181966,0,11,30.8449974528955,24,1.15974790107731,0,11,17.5016777719447,24,39.7237404800409,0,1,70.426766767234,NA,3.71992732138977,0,55,31.4465852942026,NA,1.07754220763356,0,4,9.19309637010871,NA,37.6405075469079,0,1,66.976328669524,NA,"GS"
"105","US-Fwf",1.00090997227642,0,9,13.4893091294923,24,4.37816354942502,0,72,37.6612149860387,24,3.06932954798367,0,72,36.5403844657355,27,3.05113657640578,1,72,52.5669406670096,24,2.75452890734845,3,72,57.7382700596494,24,3.59643319907893,7,72,68.6930073338802,24,3.71147270315613,0,33,28.6071962474584,24,0.620239425208227,18,4,3.00347192538866,24,32.6684251113932,0,1,63.4209029492559,NA,2.2017512427316,0,6,13.3528326145054,24,0.765396660395399,19,5,11.334610548724,24,28.1307709663886,0,1,55.0042246512412,NA,"NGS"
"106","US-GLE",0.325700028252485,22,72,6.58088803694386,11.3684210526316,2.66025076355964,0,72,17.6124795932097,24,2.23022923668407,0,72,11.3355985501525,24,0.688675407753753,9,72,14.4042024991859,NA,0.687737477212922,7,72,15.2752528574836,NA,0.683570905729971,6,72,14.9548592543373,NA,3.02908311938172,0,72,19.1379184593291,24,0.33012131814335,13,72,7.40458555482469,24,24.7398685830985,0,72,37.2840962091946,NA,2.10953332536751,0,43,9.89237816314926,27,0.24554622442827,0,7,4.97550440096292,NA,18.55923796373,0,72,31.2999380040518,NA,"FT"
"107","US-GLE",0.71748705099734,15,57,15.5263758898697,24,4.74383855744407,0,12,28.9567311230114,24,4.58519979520684,0,35,27.2172190698936,24,1.68151180077055,11,72,34.0820764476479,27,1.53612506139273,0,72,34.7135175542519,NA,1.56801386469151,3,72,34.5467021520884,NA,4.29580968316528,0,19,27.9310409777148,27,0.696216536333963,17,8,13.5470350516138,24,34.1314829160001,0,1,48.8067494068474,NA,3.83761567018619,0,11,22.3547731186546,24,0.697026890985751,13,7,14.2822947613976,16.6153846153846,33.7828298805032,0,12,52.2616387617694,NA,"GS"
"108","US-GLE",0.342930276214688,20,14,7.6258092296367,NA,1.6629062073088,0,72,12.5506418058963,24,1.3923753566561,0,72,10.9934234144778,NA,0.895113947927656,9,72,19.3668318245665,43.2,0.887757902674544,0,72,19.5697709035298,NA,0.962477019858736,0,72,21.1729366153974,NA,2.18057573695592,0,72,13.6526596567622,24,0.420523177259656,8,4,8.58775029074668,NA,20.5861968169119,0,72,34.9873158679758,NA,1.47307859876096,0,16,8.55121048103043,NA,0.305787191044882,9,3,4.13652094424317,NA,15.8378503286448,0,72,27.6055443464937,NA,"NGS"
"109","US-Ha1",NA,NA,NA,NA,NA,4.72518667793,0,72,24.6390637159146,24,2.49074573249305,0,72,10.1124164324791,NA,NA,NA,NA,NA,NA,NA,NA,NA,NA,NA,NA,NA,NA,NA,NA,4.07401097019499,0,72,23.2733779030882,24,NA,NA,NA,NA,NA,11.248956754147,0,72,17.9608556138545,NA,1.68533565704125,0,72,7.66016960487499,24,NA,NA,NA,NA,NA,9.47199409270251,0,72,15.6347616049594,NA,"FT"
"110","US-Ha1",NA,NA,NA,NA,NA,5.38265486410498,0,72,25.5317191234781,12,3.95710165767139,0,72,16.149884189217,NA,NA,NA,NA,NA,NA,NA,NA,NA,NA,NA,NA,NA,NA,NA,NA,4.97616289907202,0,72,26.2108211254453,12,NA,NA,NA,NA,NA,14.4233382394774,0,72,25.4183458600954,NA,3.08567306543901,0,72,13.6332314458493,NA,NA,NA,NA,NA,NA,12.9972649807439,0,36,22.6200688825613,NA,"GS"
"111","US-Ha1",NA,NA,NA,NA,NA,2.51061969416518,0,72,21.2129788465584,24,1.32973108803424,0,72,10.9293917635714,24,NA,NA,NA,NA,NA,NA,NA,NA,NA,NA,NA,NA,NA,NA,NA,2.30068278819655,0,72,17.1972839956355,24,NA,NA,NA,NA,NA,9.78045774400614,0,72,20.4217597805873,NA,0.96225292203053,0,72,7.16675600831813,24,NA,NA,NA,NA,NA,7.22909725448784,0,72,15.2025755321474,NA,"NGS"
"112","US-HB2",1.58401861332015,1,7,15.5112391334747,24,8.72383494360303,0,7,64.352283019566,24,5.10252254815083,0,9,42.994721533952,24,5.18024619359226,21,72,95.6168677409817,24,5.90130860005805,4,72,114.439297346425,24,9.77275493760261,0,72,116.77029502956,24,5.95885948144398,0,10,49.0749502501943,24,1.31077275045965,23,8,11.9074945116416,24,16.7630029498153,0,10,48.2523989363664,NA,3.54052241268543,0,6,28.1021831350702,24,2.22934462146067,0,8,17.8271619728318,24,16.7055207419924,0,6,50.2584967419902,NA,"FT"
"113","US-HB2",1.98980878316844,0,9,20.1170759649167,24,9.2089963697115,0,6,67.3019814296993,24,6.819582443876,0,7,49.5971357984553,24,2.30097608089386,2,6,29.6742759936342,24,2.88939250810702,3,11,45.0808280036091,24,3.32050260281218,0,11,48.1708191208132,24,6.64042121979352,0,9,49.0551832856122,24,1.9251739792173,21,6,16.166819734253,24,19.1159958796662,0,10,57.0665668514163,NA,5.05494884026436,0,11,42.8626733750349,24,2.3275113810164,0,11,24.2945426307639,24,19.1045779888412,0,8,54.4910107550899,NA,"GS"
"114","US-HB2",3.39156699950779,2,6,29.2698977555665,24,10.2294218506096,0,7,75.3489100520321,24,5.11810350464415,0,8,45.0117962290361,27,7.35018969849204,22,3,101.183962849378,24,7.6805865693823,2,1,51.4081272295081,21.6,13.1868772519086,0,7,84.7526452584718,27,7.49571917534746,0,4,43.0176811016372,24,3.88033582631743,1,2,11.2585188878316,24,15.017226021453,0,2,25.1469819900229,NA,3.61926447982366,0,1,7.19454455141293,24,5.92133955230709,0,2,29.9150769890785,24,18.759371121938,0,1,18.759371121938,NA,"NGS"
"115","US-HB3",1.33552202042414,0,61,20.5849225383518,24,7.54631597362535,0,72,50.2694462498987,12,4.91623350278308,0,72,31.4440229140571,NA,3.48464473026798,1,72,50.1841595810284,24,3.42562464512293,0,72,50.9819800798309,24,3.8611859082162,0,72,50.3660498102719,24,5.89001777447386,0,72,37.163353630398,12,0.91690600425515,0,14,12.1906172565302,24,17.4477342301292,0,40,40.9640917944686,NA,3.22277124019514,0,5,11.9797702215942,NA,0.869541613012553,0,2,3.13230468185812,24,14.639751215881,0,8,29.3912392241454,NA,"FT"
"116","US-HB3",1.63905534443551,1,36,27.2143350160941,24,8.88887847108265,0,40,62.8175746688685,12,6.86455652921943,0,14,38.8903550332461,NA,3.28843162507165,1,72,52.1224373996906,24,3.7149141608493,0,72,50.0132219722992,24,4.33327032437393,0,72,51.9923657969912,24,8.26493626642207,0,18,55.4353728789128,12,1.38658827471665,0,5,13.8709315942079,24,19.7838312968639,0,18,50.6033389426274,NA,5.28346014289313,0,8,26.751671152178,NA,1.37037182402415,0,3,5.79185297596645,24,17.4837215860613,0,8,42.3779305559217,NA,"GS"
"117","US-HB3",2.17889885692796,3,40,38.1513899010134,24,5.90895138221371,0,39,67.1743168639315,12,4.19938610610454,0,8,53.889721912668,NA,2.31672729765044,1,72,43.4755049197297,NA,2.47993420636762,1,72,50.5350345160752,12,2.48832177718431,1,72,51.5447729064269,NA,2.61390199727824,0,8,18.8337748565844,24,1.17409975995898,1,1,3.45189244521104,13.5,17.2480407781262,0,11,54.7059979326153,NA,1.78670312162921,0,1,1.78670312162921,NA,NA,NA,NA,NA,NA,14.2300346156073,0,8,33.6817203431842,NA,"NGS"
"118","US-Hn2",1.70620338701456,15,18,28.6098631356681,24,3.83729916170363,0,72,64.2806285204274,24,2.83750160281633,0,72,54.3095816014785,24,1.90235472666573,2,36,37.9413156357543,24,1.95590937534136,0,15,31.0469102652556,21.6,3.14629997423525,0,72,40.3008439472355,NA,3.130900821129,0,72,51.364792843745,24,1.20512509030492,0,5,11.2648083315013,NA,26.5446978321661,0,72,65.5925432382469,NA,1.80173440053152,0,2,23.3969988062028,24,1.44651856025717,0,4,13.0985820190979,36,20.5914893265673,0,1,46.3686388684854,NA,"FT"
"119","US-Hn2",1.89719418448516,22,6,27.4322537662075,24,3.8580748763989,0,59,69.52283502522,24,2.92444398712839,0,24,65.2110154579685,24,4.63825065292725,2,38,84.2817493947533,24,3.87200390380208,0,72,72.3427978843268,21.6,4.736652910473,1,72,86.4942447583076,NA,3.18697026626729,0,14,52.7995321523057,24,1.16144513732425,0,3,3.27853655503756,43.2,29.3053636772463,0,1,76.6552079488435,NA,2.28255952706051,11,1,12.6169338108616,24,1.15301842233938,0,3,4.49197039859762,NA,25.1115377012528,0,1,57.4330037553644,NA,"GS"
"120","US-Hn2",4.37272694145228,6,51,92.0091221141759,NA,8.0562780442277,0,72,107.63408253339,24,5.91769526002244,0,72,104.515071136335,NA,3.52087187253211,23,8,64.2906093991904,24,NA,NA,NA,NA,NA,3.23772752469521,1,1,12.5064040532173,NA,6.97372971946803,0,65,94.5577676900789,24,2.6621346533313,3,2,18.3367134843274,19.6363636363636,23.456782253734,0,1,91.6009443037842,NA,4.5759612392292,0,1,59.1066583393878,NA,2.71289112038792,0,1,5.36349752309349,36,17.4508311726559,0,1,69.7460327282997,NA,"NGS"
"121","US-Hn3",NA,NA,NA,NA,NA,4.83962231366179,0,30,79.5968358087554,24,4.82658335069623,0,72,86.0568523377301,12.7058823529412,NA,NA,NA,NA,NA,NA,NA,NA,NA,NA,NA,NA,NA,NA,NA,4.82789595520574,0,15,68.8908039848045,24,NA,NA,NA,NA,NA,28.2352110835531,0,1,100.288533501469,NA,3.80900586152051,0,2,43.9574299870915,NA,NA,NA,NA,NA,NA,21.276665564917,0,1,73.2765579122748,NA,"FT"
"122","US-Hn3",NA,NA,NA,NA,NA,5.28227662797407,0,2,40.951829148244,24,6.07604269678267,0,7,110.778899043865,12.7058823529412,NA,NA,NA,NA,NA,NA,NA,NA,NA,NA,NA,NA,NA,NA,NA,5.38460245921701,1,6,49.9370354107436,24,NA,NA,NA,NA,NA,33.3097905968228,0,1,124.736466382589,NA,5.06119777784917,0,1,27.3264447126229,NA,NA,NA,NA,NA,NA,28.4348644506674,0,1,83.5986134755102,NA,"GS"
"123","US-Hn3",NA,NA,NA,NA,NA,8.65472307081621,22,9,138.76637580372,24,8.2046928017183,0,72,171.657732972134,NA,NA,NA,NA,NA,NA,NA,NA,NA,NA,NA,NA,NA,NA,NA,NA,8.07552677392563,0,13,119.608564698498,24,NA,NA,NA,NA,NA,26.9158656058811,0,1,172.020207329226,NA,6.63530887028203,0,3,117.387630544048,24,NA,NA,NA,NA,NA,20.4519014752196,0,1,136.288287682979,NA,"NGS"
"124","US-Ho1",0.481118226142012,21,72,10.8010843411276,24,5.83719029920946,0,72,52.0656951035682,24,2.70266551724444,0,72,16.295735308681,24,0.381586145032235,9,72,8.42679042638994,24,1.96178734792921,4,8,28.7910012323609,24,0.425609255002179,0,21,8.80718307506939,NA,5.76224886644702,0,72,49.5926815969532,24,0.985366005825397,0,7,16.3424972555376,21.6,13.3382884636609,0,72,41.4898201899219,NA,1.70264840230666,0,72,10.6682580725146,24,0.303664190812186,0,72,6.65748351159507,NA,7.86213802800919,0,53,26.2946841640952,NA,"FT"
"125","US-Ho1",0.571767193981157,21,72,12.4152668532162,NA,5.38303362531388,0,72,50.4063444967591,24,3.63848493900381,0,72,23.038854775685,NA,0.516835214258174,3,72,11.3353248322904,NA,NA,NA,NA,NA,24,0.80740811131513,0,3,10.5248627579661,NA,5.39384121041184,0,42,46.9821434433713,24,1.29542945891153,0,2,2.55022333949561,24,16.4571923093009,0,35,54.7477499223779,NA,2.6934064086693,0,15,16.4400784728033,NA,0.530240235301014,1,4,4.18658294424457,NA,11.7245342316723,0,9,33.7420978565671,NA,"GS"
"126","US-Ho1",0.740352293270341,18,72,16.235190059955,NA,4.73046300719606,0,72,51.8518301576818,24,1.73701156564402,0,72,22.1056920822889,24,0.535016135386473,9,72,11.9083674445527,24,NA,NA,NA,NA,24,0.780300728973382,13,72,17.1741670324922,NA,3.8481854828334,0,40,43.2480394314439,24,1.34058166269607,4,1,2.66890793109761,27,12.2701314319166,0,72,56.5747242650619,NA,0.908618095886603,0,4,7.88614838799968,24,0.562422762901106,11,72,12.6450788156553,NA,7.32275984181762,0,9,30.0572080985176,NA,"NGS"
"127","US-Ho2",NA,NA,NA,NA,NA,5.95588284446332,0,72,46.3847919805194,24,1.84663887602428,0,72,11.7180229071866,24,NA,NA,NA,NA,NA,NA,NA,NA,NA,NA,NA,NA,NA,NA,NA,5.25950467454993,0,72,41.6244817874099,24,NA,NA,NA,NA,NA,11.0062470153763,0,72,30.0376302254338,NA,1.39275792772971,0,72,9.53205396925813,24,NA,NA,NA,NA,NA,7.88454055236531,0,34,21.1722994486075,NA,"FT"
"128","US-Ho2",NA,NA,NA,NA,NA,6.35711216337685,0,61,40.4509802319307,24,2.58831754011432,0,72,16.9987409288057,NA,NA,NA,NA,NA,NA,NA,NA,NA,NA,NA,NA,NA,NA,NA,NA,5.61377659929175,0,72,38.7914586505296,24,NA,NA,NA,NA,NA,15.2128426262929,0,16,44.8293218708325,NA,1.99414557844606,0,72,14.0158532663975,NA,NA,NA,NA,NA,NA,11.869279998972,0,6,23.6355618961708,NA,"GS"
"129","US-Ho2",NA,NA,NA,NA,NA,6.30704808679442,0,72,66.1550502040707,24,1.41036360696616,0,72,18.8765277838215,24,NA,NA,NA,NA,NA,NA,NA,NA,NA,NA,NA,NA,NA,NA,NA,3.25105824331402,0,72,34.9381576611365,24,NA,NA,NA,NA,NA,8.23150350929645,0,42,32.8308934819115,NA,0.849361898972035,0,72,10.9077506699396,24,NA,NA,NA,NA,NA,6.48072668412395,0,3,12.8611043924838,NA,"NGS"
"130","US-HWB",1.18154058537187,0,72,23.2598068082364,21.6,7.70649426616974,0,72,55.1821872236446,24,4.60946182578278,0,72,35.9412152134267,24,2.22457264252086,1,72,38.9014224692414,24,2.70831957045922,0,72,43.559128929293,24,2.46921290526722,0,72,39.9089410857813,24,6.9248574482554,0,72,49.1914017023962,24,1.17384298878087,0,72,21.2754769849688,24,19.5438335170828,0,72,52.0674887295605,NA,3.61517759039516,0,72,27.5921678229538,24,1.0607048366127,0,4,9.8089162022404,24,15.2185396031195,0,72,44.5124590207479,NA,"FT"
"131","US-HWB",1.75491838588148,0,10,30.0540923056313,21.6,8.29380247034901,0,72,64.7757623663708,24,6.16163383374766,0,16,49.6640592710682,NA,4.24833970800551,1,72,79.9139955029028,NA,5.5036662202565,0,72,79.7987014368348,24,5.74026549703449,0,72,77.5305091599815,24,7.37975147963845,0,43,59.2138960595529,24,1.79576778024062,0,4,12.3685290343739,24,22.3526470182938,0,72,67.6339753912825,NA,5.34944790823717,0,32,46.4307662772414,NA,1.89127597941285,0,4,9.19635254042362,24,21.2127287299545,0,72,67.7761833932152,NA,"GS"
"132","US-HWB",1.67368009693353,1,20,28.846993968953,NA,6.64481838369987,0,72,63.9093062240236,24,4.56480295683881,0,72,54.8564815078697,24,1.90998045824153,0,8,21.440109574276,24,1.74812559778582,0,15,32.9151265705463,24,2.27767345893465,0,12,38.9339015618697,24,5.886327456093,0,63,53.6707668679508,24,1.26725740234827,15,1,4.96304633477404,NA,20.2264603101856,0,65,70.3571668294916,NA,3.1413075609635,0,6,23.2038558429685,24,1.3222009798718,0,2,4.89605817468981,6.17142857142857,13.9635609477803,0,29,52.0834598396305,NA,"NGS"
"133","US-Jo1",0.235666791435178,20,7,3.24524337144303,24,1.51018970146354,0,72,22.4186038547434,24,1.18979596622376,0,72,15.6391170805693,24,1.37292092228215,1,72,26.0837044973208,24,1.37411565496895,0,72,26.6267147414046,NA,2.20331861041004,1,72,39.9092139175596,24,1.33680742167989,0,72,17.5024321515759,24,0.151681185668973,0,1,0.282345041512205,12,36.3836726033644,0,72,47.0600456249428,NA,0.87446604660931,0,72,10.1266541814485,24,0.24523557058317,0,7,3.31235030096592,24,28.0434381137657,0,35,36.0908629992299,NA,"FT"
"134","US-Jo1",0.302796305756325,20,5,4.26226788901123,24,1.60852395044903,0,72,23.4513954144203,24,1.35374370260203,0,72,18.578992397184,24,1.45776188058764,20,72,28.3320320959849,24,1.86748918066171,0,72,33.1626176116933,NA,2.84489608104552,0,72,47.6617718154768,24,1.34458478478946,0,72,17.5385302034296,24,0.174785465865079,0,1,0.672570243844768,12.7058823529412,38.6813883854085,0,72,50.8336538493558,NA,0.954623475409056,0,72,11.8611095284295,12,0.259926741659854,0,7,3.46983666951217,24,31.7293408777478,0,32,41.5603373422737,NA,"GS"
"135","US-Jo1",NA,NA,NA,NA,12,2.76560004713435,0,72,52.8677153860726,24,2.7591203451439,0,72,56.1119277996237,24,1.36826804695913,12,72,25.9689874804333,24,2.25631019503592,2,72,47.5004355751806,NA,3.16451022338305,0,72,57.7945109715706,NA,1.68052953568702,0,17,22.4214816973601,24,0.546077577464178,0,1,0.546077577464178,24,36.6304944783953,0,20,67.4167082664206,NA,1.59438909802598,0,7,21.7384016998559,21.6,0.673208400956811,0,1,7.35115955096674,8.30769230769231,32.5618907622898,0,1,54.831126489122,NA,"NGS"
"136","US-Jo2",1.11602029180795,0,72,16.7828633470114,24,2.3084844162261,0,72,30.903754196797,24,1.45550310009672,0,72,18.6511894650645,24,4.29891474767896,0,72,54.8477825977707,24,3.82857124646305,1,72,43.7585156397368,24,3.88914112331885,1,72,48.8883377730294,24,1.84406770278134,0,72,21.698641383118,24,0.525272109541047,1,72,7.97523255998991,24,36.2953037350418,0,72,49.4559069760085,NA,0.967809022019149,0,72,10.9943852339167,24,0.494035561011426,0,9,6.97300752315548,24,28.1586837166896,0,72,38.5278639429544,NA,"FT"
"137","US-Jo2",1.35723317723224,0,72,21.5000893402574,24,2.31459990794659,0,72,30.8557686627119,24,1.56074032027466,0,72,21.8212831324599,24,5.77294276396775,1,72,68.8702257466339,24,5.21756898974275,1,72,59.5311945943285,24,4.75397029364521,1,72,55.4578552055657,24,1.80252218979592,0,72,20.7291556709136,24,0.731497751218466,0,72,10.313673914174,24,39.7740790039748,0,72,55.315745870931,NA,1.05483104708466,0,72,12.9195381418975,24,0.642776951217026,0,8,7.5424101370722,24,32.430724840462,0,72,45.2684355078135,NA,"GS"
"138","US-Jo2",2.57437735391382,0,72,38.4295084600827,24,3.09626448540432,0,72,59.3236182549757,24,2.94353949745434,3,72,54.2544412447882,24,6.88198412877792,2,72,100.769225122176,24,4.12823827613265,15,72,90.7246392990243,24,4.54586452383461,4,72,89.9610501996757,24,1.84504112934526,0,9,26.7710075690638,24,0.876378064397072,0,5,6.56173836889581,NA,34.1852731648121,0,16,67.8019213183591,NA,1.66589863334043,0,7,22.0972763376775,24,0.911343154676825,0,2,6.70842951188796,24,33.3283162394676,0,9,67.4879493062642,NA,"NGS"
"139","US-KFS",0.727799217746456,0,72,11.1035899201485,24,3.86144512496395,0,72,27.6128575616524,24,2.82694148100714,0,72,16.283154315134,NA,1.52038167990171,1,72,23.2555600098893,NA,1.82321666221149,1,72,30.6061417968595,43.2,2.07443470763681,0,72,24.3310793991045,43.2,3.13280566153211,0,72,22.0746568807751,24,0.644698674396796,0,72,10.3428821228475,24,12.6702727621087,0,72,25.4979895309283,NA,2.09041536426452,0,72,11.5956261182183,NA,0.569670307639232,0,72,7.7111373173828,24,11.5120916771481,0,72,22.3212150357245,NA,"FT"
"140","US-KFS",1.01177606366468,0,18,14.655221816948,12,4.23967316331439,0,72,27.2101079777893,NA,4.52447443310201,0,72,25.9355806698689,NA,1.12951975741846,20,72,23.1234123075232,NA,1.99967321313402,1,72,31.0343987264588,36,2.21598254070642,1,72,26.9862650091728,24,3.57244708453968,0,72,23.3578970282897,NA,0.937267505742279,0,38,15.5535690676158,24,17.5268176132003,0,72,37.857557218387,NA,3.78366933046832,0,72,21.7342900548617,NA,1.06563229607393,0,13,12.5843215014194,24,17.0497371476548,0,72,35.8018217543458,NA,"GS"
"141","US-KFS",0.613290040490688,0,43,11.559879245837,NA,2.14845685487583,0,72,25.5083656853127,24,1.93205810084253,0,72,18.9759337046803,24,2.11593986021662,0,72,41.7262110652767,24,3.28032902752485,2,72,62.0488943096044,24,3.03522766137793,0,72,52.4258330194418,12.7058823529412,1.94764885817756,0,72,19.2329573204497,24,0.712320505935807,0,72,13.8583361466577,24,11.2912905679161,0,72,29.2203988127349,NA,1.92683679058422,0,72,15.4421772860657,NA,0.601626777807278,0,72,11.8796232033899,8,11.4260566666289,0,72,27.994445485467,NA,"NGS"
"142","US-KLS",0.592468902789097,23,72,12.1483350032192,24,2.72945673051626,0,72,30.3468077203573,24,1.6298654249977,0,55,17.2854998196866,NA,2.61771670502938,0,72,51.1572278883461,24,3.01842562544531,22,72,58.0476896689189,24,1.74624423979252,1,72,36.5304393152943,21.6,2.22424446350839,0,72,24.8405820741164,24,0.600726204960678,1,72,11.5260803937699,24,9.89098305013072,0,72,26.1511348914044,NA,1.24628572112115,0,20,12.6843236322445,NA,NA,NA,NA,NA,12,9.45483895256026,0,72,24.4928470799631,NA,"FT"
"143","US-KLS",0.780559558179927,0,1,3.45399443923245,24,2.54771875858274,0,39,30.359631330674,24,2.51809699585129,0,13,24.2527065949477,NA,3.50684967131167,2,72,66.6654422132221,24,3.87269484038376,22,72,74.2327517382733,24,2.98333692830201,14,72,63.0701060302214,12.7058823529412,2.2238842306536,0,72,27.6243099397668,24,0.817751415740171,0,7,9.54658037351312,24,13.1537910985108,0,72,40.1243310904555,NA,2.26002685843357,0,8,20.3679689119732,24,NA,NA,NA,NA,11.3684210526316,12.7738376292365,0,72,38.1795920300949,NA,"GS"
"144","US-KLS",1.53403874835119,21,72,31.6510183544494,24,3.04330500905705,0,72,44.4934153878165,24,2.16438571464688,0,72,30.8516948627882,24,3.33546437508774,2,72,69.9854211985713,24,3.22675085648648,2,72,65.0125762270711,24,1.92897165210442,4,72,37.7889387184728,NA,2.23568813253499,0,72,31.2407559545513,24,0.972017570057771,22,72,19.3378940435215,24,9.95280178936826,0,72,40.4988106269501,NA,1.57579321630332,0,35,21.2029632530404,24,NA,NA,NA,NA,NA,9.45509311236421,0,72,37.1438071828255,NA,"NGS"
"145","US-Kon",0.582403694852974,9,72,12.5292775928545,27,3.60923397267343,0,72,28.760519371703,24,1.62517461834608,0,72,11.8062518256373,NA,1.24541312036293,0,72,26.0001315994267,27,1.28212458545659,0,72,25.9941330714709,NA,1.09113747770836,1,72,22.0014801292436,NA,3.15590918012082,0,72,26.5534388513687,24,0.450626646184631,8,72,9.59628032097263,24,11.0662233338148,0,72,21.092575783231,NA,1.17317304709408,0,72,9.34668073954733,NA,0.339216858746217,0,72,6.82074374958023,12,10.8804867780787,0,72,20.2715135656231,NA,"FT"
"146","US-Kon",0.924220435038606,0,24,18.8825320870167,27,3.71897898699469,0,13,23.6807878253726,NA,3.58624895058662,0,13,20.2611302332513,NA,1.93302825118,13,72,40.6708203327289,24,1.96556745728599,0,72,39.7852735451562,NA,2.04777834676438,1,72,35.7831422629201,NA,3.6952181516381,0,56,25.2824853045879,NA,0.856666903326008,0,72,17.47047304418,NA,14.9846590361224,0,72,35.2904194683372,NA,3.53842961318071,0,72,22.8456600710287,NA,0.909100022282272,0,16,14.4094292767239,24,14.8270135140206,0,72,34.867835812074,NA,"GS"
"147","US-Kon",0.780117689488977,1,72,14.7362746670457,24,3.0772489970111,0,72,34.0883390126235,24,1.42134294572887,0,72,15.9025165960533,NA,1.18548046904919,1,72,23.4823824312486,24,1.34736389709121,15,72,29.4558519464301,7.71428571428571,1.12531306704485,22,72,25.4698904554443,NA,2.21621412148216,0,72,24.235678078771,24,0.527523940304603,4,72,11.6080223829455,24,12.4330919496673,0,72,28.2734176243608,NA,0.976478324079952,0,41,10.3436138046579,NA,0.4186666124853,1,15,8.18019297932734,12,11.7432868796588,0,72,26.0087834539575,NA,"NGS"
"148","US-KS1",NA,NA,NA,NA,NA,12.3161210703452,0,14,91.2911229932919,24,10.3405612564042,0,14,78.0826094552183,24,NA,NA,NA,NA,NA,NA,NA,NA,NA,NA,NA,NA,NA,NA,NA,10.3486795811537,0,7,67.2604265066925,24,NA,NA,NA,NA,NA,27.3574004577514,0,11,78.9626677930841,NA,8.54612178506453,0,8,54.4832708975825,24,NA,NA,NA,NA,NA,25.3227924307589,0,11,72.7781322331254,NA,"FT"
"149","US-KS1",NA,NA,NA,NA,NA,12.3161210703452,0,14,91.2911229932919,24,10.3405612564042,0,11,75.3338435926981,24,NA,NA,NA,NA,NA,NA,NA,NA,NA,NA,NA,NA,NA,NA,NA,10.3486795811537,0,7,67.2604265066925,24,NA,NA,NA,NA,NA,27.3574004577514,0,11,78.9626677930841,NA,8.54612178506453,0,8,54.4832708975825,24,NA,NA,NA,NA,NA,25.3227924307589,0,11,72.7781322331254,NA,"GS"
"150","US-KS1",NA,NA,NA,NA,NA,NA,NA,NA,NA,NA,NA,NA,NA,NA,NA,NA,NA,NA,NA,NA,NA,NA,NA,NA,NA,NA,NA,NA,NA,NA,NA,NA,NA,NA,NA,NA,NA,NA,NA,NA,NA,NA,NA,NA,NA,NA,NA,NA,NA,NA,NA,NA,NA,NA,NA,NA,NA,NA,NA,NA,"NGS"
"151","US-KS2",NA,NA,NA,NA,NA,9.68935829588318,0,72,45.6934747875816,12,6.95023897006072,0,72,28.9668972990165,NA,NA,NA,NA,NA,NA,NA,NA,NA,NA,NA,NA,NA,NA,NA,NA,7.28866528302149,0,72,34.2305876786798,12,NA,NA,NA,NA,NA,18.8683215347631,0,16,37.9731312673365,NA,4.65876937354028,0,15,17.6882718237387,NA,NA,NA,NA,NA,NA,16.7822394162317,0,14,32.9971610914898,NA,"FT"
"152","US-KS2",NA,NA,NA,NA,NA,10.2441156528447,0,16,53.0419180574666,12,8.44996728805127,0,17,35.5410249255835,NA,NA,NA,NA,NA,NA,NA,NA,NA,NA,NA,NA,NA,NA,NA,NA,8.05103745513291,0,17,41.6895324349103,12,NA,NA,NA,NA,NA,21.0583869804415,0,16,45.8945079526657,NA,6.14512944744118,0,14,23.6379091958314,NA,NA,NA,NA,NA,NA,20.1095603138252,0,7,39.9278994304747,NA,"GS"
"153","US-KS2",NA,NA,NA,NA,NA,9.9024912101871,0,72,66.9713761297383,12,5.8680438308812,0,38,48.2016778773551,NA,NA,NA,NA,NA,NA,NA,NA,NA,NA,NA,NA,NA,NA,NA,NA,7.30001801916989,0,16,46.0253293585241,12,NA,NA,NA,NA,NA,15.7779913751517,0,11,43.4883192917953,NA,4.01446088620535,0,4,13.302456633528,NA,NA,NA,NA,NA,NA,13.5557524672757,0,5,33.4332198797459,NA,"NGS"
"154","US-Lin",2.72786919457434,1,72,52.1115813184614,24,4.35171240665091,0,72,72.5139811533941,24,3.80791500764959,0,44,64.0739270953602,NA,4.80552155270406,23,72,90.1843583379495,24,4.61966930126325,0,72,95.3489287662824,24,3.52595656679061,14,72,77.4373676879101,24,4.11115117104771,0,72,69.7560894355818,24,2.8040684455937,11,72,56.5146630970638,24,24.4671886923089,0,30,86.0669973222304,NA,3.30002589341964,0,4,50.5564247983423,12,1.74736988568992,15,3,13.473706968832,21.6,21.5082732378799,0,1,72.8991401544919,NA,"FT"
"155","US-Lin",2.75754280353027,1,72,53.4466405695657,24,4.36256540221538,0,72,74.4075548332947,24,3.82170608697272,0,44,65.9535939850768,NA,4.89909147910365,23,72,91.5939630215257,24,4.6348573197211,0,72,96.2247224582993,24,3.57404910506935,13,72,78.6643981039674,24,4.0945549021522,0,67,70.9463950255118,24,2.86391512611096,11,72,57.3564202952358,24,24.5956828130101,0,30,88.4538837540971,NA,3.40530066055062,0,4,50.4182829813891,12,1.83669241381905,15,2,10.6150800819141,21.6,21.972043939059,0,1,75.5909806167954,NA,"GS"
"156","US-Lin",NA,NA,NA,NA,NA,NA,NA,NA,NA,NA,NA,NA,NA,NA,NA,NA,NA,NA,NA,NA,NA,NA,NA,NA,NA,NA,NA,NA,NA,NA,NA,NA,NA,NA,NA,NA,NA,NA,NA,NA,NA,NA,NA,NA,NA,NA,NA,NA,NA,NA,NA,NA,NA,NA,NA,NA,NA,NA,NA,NA,"NGS"
"157","US-LS2",1.58858144925519,0,72,26.4236589872844,24,5.95930857231998,0,72,49.9864811555243,24,3.58694674440978,0,72,32.4095511328908,24,2.64088414979109,1,72,29.5305176557669,24,5.78262456776886,0,72,30.4855701202664,24,7.03645818575384,0,72,32.8244289189423,NA,5.31754769237834,0,14,36.2055953258296,24,2.94557252596637,0,32,19.0813373910329,24,30.2493822263423,0,72,55.4287415464326,NA,2.15197416323373,0,11,12.8243334480336,24,2.63286779129082,0,9,11.1273310695806,24,22.1255814294894,0,34,40.5653482618039,NA,"FT"
"158","US-LS2",2.23702103312913,0,9,32.3382031966285,24,6.13293541310941,0,12,47.0911308790258,24,5.16832638181668,0,12,42.5770269112299,24,9.66293833446783,1,72,99.219251884403,24,14.0302656486554,0,72,90.5204776956602,24,12.7694717058096,0,72,88.7768549771595,24,5.53414115275206,0,19,40.703522542724,24,2.84195894135244,0,7,16.9068093991027,24,35.0098898012713,0,72,67.2706545234215,NA,3.84139814551359,0,11,21.5860742641312,24,2.289241136503,0,7,14.0157733509562,24,30.3505995195977,0,8,55.1870954296611,NA,"GS"
"159","US-LS2",2.0356274398662,0,72,40.306131049779,24,3.76221313491667,23,72,57.7896802929442,24,2.6755139712394,1,72,47.95114388362,24,3.31787252933713,1,72,47.9218089902146,12,6.08285938767955,0,72,53.3684145732407,NA,6.3121083987177,0,72,56.6343019065752,NA,2.67440541947237,0,18,32.5335394827454,24,2.18364513604753,0,25,25.2525780119581,NA,24.5790565109268,0,14,58.1259007205213,NA,1.37069520968413,0,2,12.568898130342,24,2.19706994657728,0,2,18.5957630908996,NA,21.9937802697977,0,28,54.1614470721279,NA,"NGS"
"160","US-Me1",3.07838922257375,0,10,46.758470986573,24,6.05480885239679,0,7,58.4777796440871,24,5.83536427572715,0,10,74.3744323899463,24,2.99205021870646,2,7,35.8600420488783,24,4.22445722658614,1,5,34.8693438739608,24,6.64465955885466,2,5,62.0935840854811,NA,5.82198046389118,0,10,48.8394491732331,24,2.5280910237113,0,9,30.4169921812888,24,28.9539338740351,0,72,112.938032576492,NA,3.48683437928739,0,5,18.6036633891517,24,2.08776175534281,0,1,12.1724804180692,21.6,21.5011602025232,0,9,71.277847980718,NA,"FT"
"161","US-Me1",4.81967502936907,1,5,57.0467714212737,24,5.69628639436941,0,3,19.0735611415857,24,6.86592175499655,0,3,73.6455359280311,24,5.13082551830769,1,10,53.3133607559322,24,7.50712248825077,2,3,39.811844966568,24,8.8972966098995,2,2,21.9857813862707,24,5.22574052268997,0,5,22.9806730913564,24,4.55418009046053,0,3,25.4067932887588,24,32.2058359936436,0,1,123.928477685782,NA,5.6907293184492,0,2,18.5041046135097,24,4.25782990491572,23,1,4.25782990491572,NA,28.4243386933592,0,1,96.5691835635544,NA,"GS"
"162","US-Me1",3.76046006639648,22,6,48.1431750777387,24,7.95632242114728,0,7,86.4186155192648,24,6.73869701697282,0,11,92.6811847389765,24,4.05213940619748,3,4,31.685105268303,24,5.07902925355666,1,2,50.0197768694882,21.6,6.61675310334701,2,5,65.4564561240809,24,7.15756802365215,0,10,71.070131478074,24,3.29055751975827,2,7,30.3885605844427,24,33.4067109375726,0,19,136.088307744706,NA,4.72494428725319,0,6,38.925026191812,24,2.87795280546473,2,1,5.58099852737238,21.6,24.1680084938845,0,1,66.2183875027245,NA,"NGS"
"163","US-Me2",0.23355960180964,2,51,4.54111525714964,12,1.65136209373085,0,72,11.8642580416135,24,1.34578384103921,0,72,8.78567695207386,NA,1.11602408025469,12,72,22.847192654553,12,1.3540603723226,0,72,21.4850363231177,24,1.93202880919471,0,72,23.0345007581668,24,1.53396711160698,0,72,10.5048539120538,24,0.245092929955263,0,40,3.78263604978957,NA,22.7777243335569,0,72,29.6838916360343,NA,1.02788378493076,0,72,7.0585310455758,12,0.311703073282994,0,18,3.55661824976844,NA,20.8843209731874,0,65,26.5338575925354,NA,"FT"
"164","US-Me2",0.279444933222185,3,13,5.28803080402365,24,1.71734259236767,0,72,14.0488380049842,24,1.55135309699068,0,72,11.6305043192305,NA,1.37076176662704,12,72,26.8407763131988,12,1.77620048931882,0,72,27.1905733381673,24,2.65310104549799,0,72,29.7002759668106,24,1.60927471341557,0,72,12.7594553710695,24,0.315238885493366,0,16,4.36412551648358,24,24.5938075913053,0,72,33.9857636851692,NA,1.25794912914148,0,72,9.91599874549628,12,0.459364389840128,0,9,4.28916512198145,24,23.6627797933551,0,64,32.0449585400021,NA,"GS"
"165","US-Me2",0.458930418791204,12,4,6.68648165767312,24,2.0825474413144,0,72,19.1821066392369,24,1.68300955313576,0,72,17.9240604274762,12,1.71518196264365,11,72,32.9386493847353,12,1.59695361682308,23,72,33.5088572602315,11.3684210526316,1.91063861596166,0,72,36.6844452156401,21.6,1.42892604698584,0,17,12.6835881672035,24,0.385151803681256,12,7,5.54367009156916,NA,23.6165514054579,0,72,39.4849409681515,NA,1.13741247275065,0,15,9.74168252959409,NA,0.470493796127152,0,17,7.51606206615606,NA,22.4992815165375,0,72,37.2362810636744,NA,"NGS"
"166","US-Me3",1.0170845577973,1,72,18.4289220051233,24,2.25133350134116,0,72,26.2095166130394,24,1.63386165984585,0,16,21.6484545201281,24,2.09094640153542,1,72,25.6460685169065,24,5.04602342663019,0,72,36.4971599705205,NA,7.19530948391195,1,72,37.2536405042282,NA,2.02016104171625,0,41,22.0924854081161,24,1.69589582399183,0,39,17.1417816408935,24,23.3761852656257,0,64,45.9300020527528,NA,1.19654611841171,0,7,12.7476924793409,21.6,1.94938975577025,0,4,10.557295306082,NA,20.9291269121696,0,32,39.5698634452592,NA,"FT"
"167","US-Me3",0.965946698651652,1,72,18.1283234232889,24,2.22382561971993,0,72,26.1470108924082,24,1.63612033668155,0,15,21.4552346196652,24,2.05935258073928,1,72,24.779796549327,24,5.0539937848203,1,72,34.6067196134187,NA,7.47687554275144,1,72,37.4001290177413,NA,2.03452427301326,0,41,22.1121426126861,24,1.72192870784532,0,19,16.4731897028418,NA,23.6877204132596,0,64,46.8642743002737,NA,1.22234925688069,0,7,13.1266747459935,24,2.05856138848774,0,5,11.5376139782477,NA,21.2696835587316,0,32,40.2637035664162,NA,"GS"
"168","US-Me3",7.97094751185119,21,14,160.211984144636,43.2,9.5720492512713,0,3,46.7786530252073,24,7.2795861894799,0,2,14.2432247743043,12,NA,NA,NA,NA,NA,NA,NA,NA,NA,27,NA,NA,NA,NA,NA,7.77119013751144,0,5,39.9613509348475,24,5.72173636945303,0,1,5.72173636945303,24,25.7115425949244,0,1,139.457414964933,NA,NA,NA,NA,NA,24,5.08320144847182,0,1,5.08320144847182,24,24.5506414450637,0,1,78.5358011407672,NA,"NGS"
"169","US-Me6",0.385087504968535,9,72,8.08245035468733,24,2.2414275709161,0,72,18.4671874003702,24,1.27635660216384,0,72,12.0965980235184,24,0.8369443254241,1,72,16.0306177788334,24,0.944619212154509,0,72,18.6557162916914,24,0.90239421852268,0,72,15.8770793145397,27,2.36941746001491,0,72,17.7898110080709,24,0.4392015005106,13,72,8.95628456755814,27,21.369860244363,0,72,35.9484053152418,NA,1.03610991500451,0,36,9.5526665707286,24,0.377130478351062,0,10,4.68608546736149,24,17.6073545341499,0,72,28.3038257579269,NA,"FT"
"170","US-Me6",0.665309258801907,23,8,11.659045103082,24,2.03125143579657,0,72,20.5373616840521,12,1.47556070490277,0,72,16.4574488901432,NA,2.51045749699435,1,72,44.5830749113346,24,2.475157998492,0,72,43.5391415881537,24,2.12202102708979,0,72,43.2291133191941,12,2.15707501019343,0,72,19.6534870989307,12,0.54813466860598,0,16,8.51483334669237,24,22.5737829272671,0,72,42.3980882406698,NA,1.3021556322483,0,35,14.1098369914657,24,0.441425756440936,0,4,3.67271777202792,24,19.1769534881511,0,72,34.2796173662898,NA,"GS"
"171","US-Me6",0.686255946605946,12,72,14.8022199670922,24,3.22183940559469,0,72,35.7710854645979,24,1.99100307614204,0,72,26.1297695546837,24,2.48137741656456,10,72,45.9366453718561,24,2.5707333010933,18,72,54.9449702746448,21.6,2.97663012434786,0,72,53.2948019012202,NA,3.00014068936525,0,16,27.1388877540437,24,0.610810070410111,0,5,10.4314590639352,21.6,21.8579425150305,0,72,47.033099090256,NA,1.35923311809119,0,3,8.93933347029708,24,0.724915505348313,0,2,3.20174390693335,24,17.545516184792,0,11,35.435738987961,NA,"NGS"
"172","US-MMS",0.403520328953634,0,72,6.7399370864171,24,3.5814553440298,0,72,26.0220998946083,24,2.18728049678918,0,72,11.2848991825374,NA,0.825529765267248,0,72,14.0188541055486,24,1.76927211056805,0,72,15.1790843205816,24,2.23837957263986,0,72,13.6762435297715,NA,3.25614614696601,0,72,29.385164082081,24,0.57337531609312,0,72,5.32294918580089,24,15.7535801177083,0,72,23.4785985470256,NA,1.5902924181912,0,72,10.2602982414723,24,0.744389806468223,0,62,5.01323712426562,NA,14.1876293665714,0,72,23.6169963497575,NA,"FT"
"173","US-MMS",0.497442067823746,0,10,6.85316704858522,24,3.097337255985,0,72,19.2239743419115,24,2.99208818345783,0,72,15.2065489466958,NA,0.714016674662634,0,72,13.0584319793866,12,1.51379862569447,0,72,12.6468746930769,NA,2.59988591229172,0,72,14.1786201881475,NA,2.79707202186339,0,72,20.3599594901888,24,0.795620375789024,0,14,6.49662491257418,NA,20.2473072501999,0,72,31.0564478682595,NA,2.55858017967936,0,72,14.8339561302779,12,1.34771146496679,0,16,7.62989668213086,NA,20.234553798052,0,60,30.910252253756,NA,"GS"
"174","US-MMS",0.640167677032029,0,72,10.5146087334158,24,2.80494281430406,0,72,25.8124809336076,24,2.07866057157963,0,72,17.491256991258,24,0.719717751112824,0,72,11.4395859824276,24,1.65540912735173,0,72,14.7469453349256,24,1.40869276321872,0,72,12.817947076917,NA,2.38737935242696,0,72,21.4863497341459,24,1.02101200061888,0,72,10.0447141803516,NA,13.4783358658341,0,72,27.7072986516088,NA,1.39189134079313,0,72,11.9580049596881,24,0.916102911058838,0,28,8.50726149571085,NA,10.8546617546474,0,72,22.103732177585,NA,"NGS"
"175","US-Mo1",0.473997244456783,0,23,9.27025472987812,27,5.58357200181355,0,72,30.8490139032225,24,4.34766757595031,0,72,20.9598180437378,NA,1.64221701951863,12,72,33.4122091815448,24,2.00561675740138,1,72,36.8717274700532,24,2.8754724643213,0,72,37.7162675771652,24,5.44595218927324,0,72,27.0463825497286,24,0.445309952218526,0,72,8.2398027142167,19.6363636363636,17.0937788739753,0,72,32.1941292541255,NA,3.25673768883365,0,14,13.4437717682345,NA,0.521849221414819,0,10,5.84477244921531,24,13.1920986143921,0,16,25.320493528466,NA,"FT"
"176","US-Mo1",0.995931515365264,6,11,17.3012490517138,24,6.92216492356803,0,64,51.2762746065213,24,7.11729869362301,0,12,43.8309470614183,NA,3.0303163679501,15,72,63.3097569775435,21.6,3.82840058559495,0,72,61.5902928398871,12,5.4383441900054,0,72,63.6521566079585,NA,7.16749739750249,0,68,49.0073034335544,12,0.966229086260152,0,4,10.4628920100177,NA,21.5528397767249,0,14,52.5465103208654,NA,6.46694045002844,0,11,31.6555888688483,NA,1.24718108140788,0,7,10.9078209437352,24,19.51716755444,0,14,47.9277099611393,NA,"GS"
"177","US-Mo1",0.56349759306778,0,72,11.7651485869185,24,4.93632602884208,0,72,33.7247842607822,24,4.0790306369385,0,72,25.7061390827165,NA,1.17278562809099,9,72,23.9994569011621,24,1.47849427296184,2,72,29.7514003398719,24,1.90335513683948,0,72,32.2849168381455,24,4.26787614789322,0,72,24.9567617404495,24,0.491468464059744,0,3,6.83628329399881,24,16.7953865539664,0,72,34.457217150526,NA,2.71570493253565,0,15,14.5561002570933,NA,0.559884628259217,0,9,5.891767643731,24,13.2030116302945,0,42,28.0904103173018,NA,"NGS"
"178","US-Mo2",0.767022669621796,1,72,14.0108905150397,24,6.05818645160721,0,72,41.3854256012164,24,4.84679206157409,0,72,26.2134212757057,NA,2.50743389778042,0,72,53.4125931073566,24,3.4714767453653,0,72,57.6314916511039,24,3.98598432276319,0,72,55.8244055136792,24,6.17622109494428,0,72,39.6983909063784,24,0.608469265938144,0,17,9.27477444412788,24,16.6784310496837,0,72,37.6907018721889,NA,4.09197676015424,0,72,21.4155657777675,NA,0.643464974520746,0,38,9.76324686214723,24,14.5817345615176,0,72,35.1997848389257,NA,"FT"
"179","US-Mo2",0.918473093882471,1,11,12.8472505144074,24,6.80171925778796,0,62,45.785565463564,24,7.25081681474651,0,34,39.1556698131439,NA,4.99184413472842,21,72,102.530744667033,24,5.95921618744378,0,72,92.3771915318133,24,6.24644732280236,0,72,86.4499330640049,24,7.3307839683493,0,72,46.7073936193853,24,0.784452324283754,0,5,3.95528850504268,24,20.8184072429723,0,72,52.6598749701905,NA,7.82279255882458,0,14,38.6131289633181,NA,0.93210898159935,0,7,7.89792775766328,24,21.5623783475912,0,72,56.2695749140175,NA,"GS"
"180","US-Mo2",1.02086674754073,7,34,19.2462929298225,24,3.96880226904344,0,72,47.534733131595,24,3.53858981608026,0,72,36.5436394558266,24,2.10948521064176,17,13,41.3279230370595,24,2.80907083682425,2,72,58.0948993446268,NA,3.04532550181652,0,72,52.8072776477145,NA,3.92836933125443,0,14,33.7255160562962,24,0.801805110227051,0,18,16.0228769468882,27,15.7970003525822,0,38,43.0654879786653,NA,3.18011907588273,0,14,24.5496436538635,24,0.764811468936045,0,18,14.6453468790531,NA,13.4827947694608,0,32,38.1771094015399,NA,"NGS"
"181","US-Mo3",0.731182597872755,3,72,14.3078610598197,24,5.47993897241382,0,72,36.9651621782091,24,4.17358924953487,0,72,26.8938301813239,NA,2.31513968782231,0,72,46.7228175596967,21.6,2.46653473289711,0,72,45.5565307794503,27,3.2456329126759,0,72,45.4496145551589,NA,5.35743612581024,0,39,32.0556798544703,24,0.493124293250622,0,19,8.89351472166743,12,19.6763921961724,0,72,37.756855802406,NA,3.10010379438595,0,16,16.7201457837527,NA,0.533712209036414,0,13,5.41525731534521,NA,15.3109202597509,0,38,31.3085365729896,NA,"FT"
"182","US-Mo3",1.18602381070424,6,11,18.0322903264717,24,7.99986230828511,0,15,53.9036454231075,24,7.23816823074735,0,13,49.9388565346253,NA,5.62472708321951,15,72,107.734798545784,24,5.60430624772324,1,72,99.514735881509,21.6,7.67177898018192,0,72,110.293767965811,NA,8.0121293404564,0,18,49.7470104336127,24,0.829015166509504,0,4,5.41313037309812,24,24.843984777454,0,17,62.2077604164709,NA,6.28346699339223,0,9,35.5566021850698,NA,1.14556761552687,0,6,9.73276237513277,24,23.3762749840234,0,9,56.7869811523771,NA,"GS"
"183","US-Mo3",0.744764787456381,11,72,15.5445579720593,27,4.03728063636385,0,72,37.368395073494,24,3.4169643088823,0,72,28.4116405239686,24,1.416355031685,1,72,29.4912966952828,NA,1.48950085258613,8,72,32.1723945323822,24,1.88139196127469,1,72,33.0031795858417,24,4.1666234445198,0,18,27.1545996835763,24,0.506837959527819,0,3,5.34155995021295,24,18.2631835777154,0,19,38.1076188865943,NA,3.10770191443157,0,10,11.6744128949812,NA,0.584784103752129,0,4,4.49538799953543,NA,14.7460363401254,0,14,32.5885797248532,NA,"NGS"
"184","US-MOz",0.430099215514433,0,72,8.45662085608977,24,4.63272328492374,0,72,29.1997309081316,24,2.88062052847323,0,72,14.758852668088,12,1.09438203730872,1,72,19.9514151119593,24,1.71969190659889,0,72,20.8465252602882,24,1.83234163225953,0,72,17.4538685362886,24,4.3457070901851,0,72,31.2391100762259,24,0.433222357156362,0,72,6.09258820493563,24,18.3122878316925,0,72,28.5635935657714,NA,2.02224080826258,0,72,12.5465091775139,12,0.430260199341404,0,34,4.80311329916749,24,15.0794577444334,0,72,25.914624974808,NA,"FT"
"185","US-MOz",0.527020465139034,1,62,10.7644100553846,24,4.17492225332865,0,72,26.0660348994019,12,3.86195578457727,0,72,20.2778197228678,12,1.24392529017085,1,72,23.11954121523,24,1.66950155634282,0,72,23.098004816273,24,2.38672922689771,0,72,23.3685082880769,24,3.94044051734363,0,72,26.5677186689902,12,0.595964222562585,0,6,7.61630770206926,24,23.4627345594808,0,33,37.1367316004731,NA,3.23737999185684,0,72,18.7316438230654,12,0.823537160474137,0,31,9.16589370132519,24,22.5681330480374,0,36,36.0896509151137,NA,"GS"
"186","US-MOz",0.455853621159897,22,72,9.62204115759015,24,3.5206698203797,0,72,29.7610428661422,24,2.5277371433867,0,72,20.7999385011365,24,1.02976719084798,1,72,21.3031639997906,27,1.72327173932696,1,72,24.676790436255,24,1.53844221621261,0,72,23.6850976539022,12,3.20488812293634,0,72,24.5325428473975,24,0.442957981331163,0,6,6.25789852419172,24,15.7974703724507,0,72,32.3007668802364,NA,1.68290235404118,0,63,14.2002162747292,24,0.415891081879017,0,4,3.10426475510666,12,12.4416123801878,0,72,25.9006370344989,NA,"NGS"
"187","US-Mpj",NA,NA,NA,NA,NA,1.90453941551237,0,72,23.2115828851479,24,1.15346506922003,0,72,12.7117780590439,21.6,NA,NA,NA,NA,NA,NA,NA,NA,NA,NA,NA,NA,NA,NA,NA,1.93527400187831,0,72,19.5044109109087,24,NA,NA,NA,NA,NA,24.7887422022757,0,72,34.9835615803899,NA,1.04016485846124,0,72,9.23117979784857,NA,NA,NA,NA,NA,NA,23.6183493449987,0,72,33.7102305972758,NA,"FT"
"188","US-Mpj",NA,NA,NA,NA,NA,1.71487939922657,0,72,21.4193758416229,24,1.43710238671097,0,72,17.0803933321253,21.6,NA,NA,NA,NA,NA,NA,NA,NA,NA,NA,NA,NA,NA,NA,NA,1.82975069426369,0,14,16.856024455006,24,NA,NA,NA,NA,NA,30.4088222059548,0,72,44.1807940918234,NA,1.38797003144786,0,72,13.6086074010706,27,NA,NA,NA,NA,NA,29.530788571731,0,72,44.0385554506198,NA,"GS"
"189","US-Mpj",NA,NA,NA,NA,NA,2.57381599164468,0,72,27.9122141978146,24,1.43569837479161,0,72,22.1939647039513,24,NA,NA,NA,NA,NA,NA,NA,NA,NA,NA,NA,NA,NA,NA,NA,1.94745727916122,0,72,17.8488089714268,NA,NA,NA,NA,NA,NA,20.7969671828759,0,34,37.6161526191912,NA,1.36005347775793,0,72,17.6344253813654,24,NA,NA,NA,NA,NA,26.7890854264212,0,72,47.7888119203217,NA,"NGS"
"190","US-NC1",0.685892271916271,0,37,11.7752348759868,24,4.00890769242839,22,72,40.4026161683765,24,2.0704119938181,0,72,19.0308302994615,NA,2.00156206329839,0,72,33.2386506696317,24,2.92198657029789,0,72,35.084089760978,24,2.64678423097136,0,72,33.8534015851692,NA,5.28455011923037,1,72,36.7738001643255,24,0.658126184358387,0,14,8.29177836423469,24,17.2265777355188,0,72,33.9843630116788,NA,1.5615433621253,0,18,13.8500437291373,NA,0.627162498741708,0,13,7.3614551623408,24,13.2883784701617,0,72,26.82088636161,NA,"FT"
"191","US-NC1",0.968694601103736,0,6,14.6979832746532,24,4.59030327221273,22,72,52.8328520215817,12,2.95143800666103,0,15,28.7019875606471,24,2.24941297681286,1,72,35.4730324492303,24,3.3359814445927,0,72,36.3374713307095,24,3.08827456174419,0,72,33.316687387522,24,6.74664893840501,1,42,52.6437846600488,12,1.28388196717831,0,12,13.7669837356816,24,20.5292417805766,0,39,46.0196932044891,NA,2.62113386504513,1,8,24.5879785840493,24,1.04632073275079,0,8,6.24118691250462,24,17.1654228222047,0,18,38.8032637092696,NA,"GS"
"192","US-NC1",0.976590687383823,0,72,20.188438823984,NA,3.94162037354422,23,72,49.3290708742966,12,2.18899398979164,0,62,28.3422416678692,24,2.36913449404131,7,72,48.9472376490215,27,2.78543984400681,0,72,51.0163996885189,24,2.72274245887784,0,72,50.887521780563,12,3.65139405262007,0,19,33.7069957997324,12,0.646735164361974,1,6,9.02247760150218,12,16.2726566001247,0,64,41.9198088005194,NA,1.74368955095787,0,5,10.4827356027289,24,0.731248012858353,0,13,8.86063695140018,24,13.1478022964669,0,32,34.7745442087605,NA,"NGS"
"193","US-NC3",0.896788686036906,0,72,14.774960599811,24,4.65965262571321,0,72,35.9912704843607,24,2.58870697843388,0,72,19.8757889859941,NA,2.8420519054977,1,72,41.633462433636,24,2.96847158902262,0,72,36.9400079588455,24,3.26091798563241,0,72,34.5218848384943,24,3.97364577592241,0,72,29.4586613214522,24,0.610593292705689,0,10,8.10493445159284,24,15.5551030137941,0,72,31.7510657663216,NA,1.81580361704218,0,16,12.6262903601005,NA,0.64343272352087,0,8,4.95285858029285,24,11.8400106396488,0,18,24.5772453453885,NA,"FT"
"194","US-NC3",1.13777672940099,0,52,19.3098054667942,24,5.77778827225491,0,72,49.8580660902883,12,4.30376250485414,0,12,26.0476839832297,24,4.60618313618016,1,72,70.3036775216451,24,4.72796250078794,1,72,62.1984222511729,24,5.74793518598558,0,72,61.5263434096002,24,4.97965218119958,0,72,45.8564031801699,12,0.881882724392137,0,4,7.46207617231593,24,19.4210214743823,0,66,43.0175826483697,NA,3.45186706603376,0,20,25.3559479592114,24,0.967524592807285,0,5,7.16117874668958,24,16.7904006861669,0,72,38.7823440837909,NA,"GS"
"195","US-NC3",1.07379261387268,1,27,20.7313591124632,36,2.93570450951401,0,72,37.5226622303679,24,2.38057855486004,0,22,30.0176629404893,24,2.43918746486979,1,72,42.3081726954995,NA,2.30027867453335,1,72,42.3576879762063,24,2.77686472994942,0,72,45.9735288275563,21.6,2.4258929586191,1,40,26.5834258547843,24,0.692906336085607,0,3,4.9735569817131,24,14.3762106600206,0,30,38.4055450700463,NA,1.54751029352526,0,3,9.41688062272488,21.6,0.837860888062315,0,8,7.04623183288916,24,10.7203335169456,0,19,30.8333397768791,NA,"NGS"
"196","US-Ne1",0.455459944933431,5,72,9.32410105909249,24,4.63440768371464,0,72,25.7143671518769,24,2.61241712239187,0,72,12.5386438525444,NA,0.774909822874889,14,72,15.6206994749628,24,0.707250512411381,1,72,12.845992988943,27,0.794107993590232,1,72,11.1123571322037,27,3.85210495967194,0,72,21.0468656860557,24,0.23851530673127,10,72,5.05972267149978,24,18.232527162195,0,72,28.3495588842021,NA,1.66264245390756,0,72,7.43439087038769,NA,0.201325039994744,0,4,2.9207597188104,12,13.7997189966859,0,72,21.3699227180445,NA,"FT"
"197","US-Ne1",0.717925295184747,8,42,14.6563870387863,24,6.9327679798686,0,72,31.1433709891905,NA,6.17978550176483,0,72,26.966602834551,NA,1.83363485585652,14,72,37.2794959985647,24,1.69633334741453,2,72,34.1223706877503,27,2.64251274521162,1,72,35.9028818518589,NA,6.31016422188908,0,72,28.6438916735363,NA,0.502645869819542,12,12,9.21039153235317,24,22.2389557698699,0,72,40.692514862316,NA,4.95092257619216,0,13,20.7802093654562,NA,0.617751929086932,0,3,5.49636337371361,12,19.7189113600155,0,72,36.8120422192198,NA,"GS"
"198","US-Ne1",0.522166724479805,1,72,10.1255048905567,24,3.0758067068661,0,72,30.1418650418984,24,1.78945143352279,0,72,14.3446205487148,24,0.893426829325966,1,72,16.9325724386672,NA,0.939967328407187,1,72,18.4543451546095,NA,1.0384036291608,1,72,17.2741477383664,24,2.44247748838191,0,72,18.5724397054725,24,0.281867549524053,0,72,5.76374291991132,24,17.5909307144811,0,72,30.1708539052055,NA,1.15700457610794,0,39,7.22518632077437,NA,0.236166128756788,0,2,2.16710894761148,24,12.1274883153097,0,72,21.5882222790975,NA,"NGS"
"199","US-NR1",0.484663471703547,22,72,7.72206639133191,24,2.31967657227393,0,72,13.9417999303559,24,1.99577034292678,0,31,9.96621934092231,24,0.800526382284878,3,72,13.9896121765715,24,0.967609862367168,1,72,17.9440864030374,24,0.675803391558117,1,72,11.1222614421622,24,2.42002141735329,0,72,14.7744851466709,24,0.658766320696086,21,72,12.9650629509445,24,24.1749253586352,0,72,32.9237777947449,NA,1.85228354627512,0,72,8.93505380150286,24,0.348508291911563,0,72,6.22820266497577,24,20.0581210508912,0,72,28.5698102044671,NA,"FT"
"200","US-NR1",0.837280737575603,23,7,11.4661361604419,24,3.88201889297899,0,72,22.03994216666,24,4.26704914413967,0,14,20.3614788524258,NA,1.30737183852532,1,72,26.0003843088517,24,1.19752029758055,0,72,22.2650299659233,24,1.36842204338333,0,72,22.8833698061049,24,3.61504134042164,0,72,21.7879170848713,24,0.633586672664128,22,10,10.7723245900321,24,29.8538634036595,0,11,42.5434129190838,NA,3.68671205002779,0,18,18.1363631935447,NA,0.665150283545793,0,4,7.14235114640932,24,28.4213052637274,0,12,39.8788523031305,NA,"GS"
"201","US-NR1",0.372270596922574,23,6,3.85441327343596,24,1.0344649796026,0,72,11.3503493012285,24,0.946815065812801,0,55,10.2185330669037,24,0.673557129363963,8,72,14.3558240568529,24,0.864804959957178,4,72,17.1403235739567,24,0.638448131200672,0,72,13.2883780063249,24,1.19029010420856,0,72,11.9426112319035,24,0.570485640240412,23,72,11.6008304746988,24,22.0551505978655,0,72,32.4383772118783,NA,0.979253624758219,0,72,9.45608024315638,24,0.372399203162152,6,72,8.05551439732135,24,19.1225175500889,0,36,28.1444205795198,NA,"NGS"
"202","US-Oho",0.636016640840517,2,72,13.0499754226714,24,5.45044204440053,0,72,38.874781654189,24,3.28340308050361,0,72,19.2913402514957,24,1.38704088744198,1,72,27.2520907228794,24,1.75079807263411,0,72,26.4692947976865,24,1.66973313672933,0,72,24.4865056247747,24,5.56672906625204,0,72,39.1844734544897,24,0.559582467846587,0,72,9.01925987458939,24,16.7682496914522,0,72,31.1867404144351,NA,2.50265752347139,0,15,14.6620842035294,24,0.528505360413436,0,29,7.36520881104512,24,12.6508464535254,0,72,26.6791251062677,NA,"FT"
"203","US-Oho",0.753395289591962,0,55,15.018227380742,21.6,5.25470078957398,0,72,31.5902437439378,24,4.58431847611386,0,14,25.4152331462361,24,2.38484853002675,1,72,47.1566471846031,12,3.12786589501598,0,72,46.0146236767219,24,3.58129923803073,0,72,48.2979081132439,24,5.54903889333311,0,72,31.8817226868877,24,0.788128598140079,0,7,7.82234221565031,24,21.7019384584155,0,15,41.3118356780994,NA,4.3610608422935,0,14,23.3712903062783,24,0.944381100318966,0,7,8.32193818309034,24,19.5628401279041,0,15,36.9913756008271,NA,"GS"
"204","US-Oho",0.769179614474542,22,12,15.3813906427745,24,2.63941910003826,0,72,30.856365058523,24,1.69754191669908,0,72,23.0892205066454,24,1.15037791396613,6,72,23.2002025004331,24,1.20246058225748,1,72,22.8806517605095,24,1.27868819016555,3,72,23.8091594132867,24,2.53797964183703,0,72,28.0843370082284,24,0.613428460134771,0,51,11.555113072515,24,13.0664224937993,0,72,34.6425129905529,NA,1.48256847417659,0,10,15.3057886221108,24,0.593361542058355,0,26,10.9727158437844,NA,10.0043681494584,0,72,27.7784086478995,NA,"NGS"
"205","US-ONA",0.983740060032644,0,14,13.9698617944609,24,8.63862313617867,0,72,52.2555467086033,12,6.66571140902544,0,16,32.376389193617,12,2.98216449037216,0,72,37.9004840335264,24,3.86297461498022,0,72,42.7094685092639,24,5.04001707673252,0,72,41.0153853182658,24,7.5640524665958,0,72,45.2897625710582,12,0.997560709005409,0,12,11.9569514378326,24,21.2975268557688,0,17,44.3252758483421,NA,5.59124995337929,0,72,29.261350233818,12,1.2626162759016,0,12,11.215337767787,24,19.6692159079319,0,72,43.7218832529918,NA,"FT"
"206","US-ONA",1.03253883775117,0,14,14.8925485462166,24,9.19702306905691,0,40,58.3225644046394,12,7.56978460395405,0,15,38.6541438420307,12,1.60088775183921,1,72,21.5867537710036,24,2.16845749429709,0,72,23.3915597555012,24,2.79229676030794,0,72,23.0973738054037,24,8.20267948910506,0,72,52.2911318323556,12,1.17649019415784,0,8,11.7141697592142,24,23.9766514770376,0,17,52.6805421210835,NA,6.84991439781936,0,72,37.6060419011562,12,1.44363009840696,0,8,11.2833149145854,24,23.2749574474117,0,72,53.6275709917033,NA,"GS"
"207","US-ONA",1.38213397243629,0,5,11.2561491119583,24,7.68058218832904,0,72,72.0254042416252,12,5.06880053883605,0,13,44.4872017067169,NA,4.78573643437974,0,72,85.0181348971503,11.3684210526316,5.74693101956863,2,72,117.340618777724,24,6.933861965372,0,72,101.907986747068,24,5.36916594981971,0,42,52.4460291737499,12,1.27311079600965,0,3,9.12769909956133,12,12.5239084906598,0,18,51.1646379004071,NA,3.86165040836348,0,6,34.7097376910632,11.3684210526316,1.73584872880312,0,5,10.7983328723048,24,12.5702623477638,0,33,57.4958288645815,NA,"NGS"
"208","US-PFb",5.23931555859289,0,7,77.3551240625934,24,12.4384194814886,0,10,154.292908092442,24,9.97673474777202,0,10,109.505256994625,24,8.78669527308051,0,11,121.129208186845,NA,8.75741650576034,0,5,127.815624230782,NA,10.5119711878098,0,4,116.692310301929,12,10.4125643777015,0,9,112.185544356521,24,4.70856698358415,14,2,26.7922319740553,27,24.0797921962411,0,1,100.619567297182,NA,8.31422915477438,0,3,77.3081903542363,24,5.13112991407145,0,2,18.7181381094431,12,22.0290424505302,0,1,73.3559675957576,NA,"FT"
"209","US-PFb",6.07892480699511,23,5,43.9207785196753,24,14.1217220433716,0,10,185.263128704485,24,12.7524303163097,0,9,94.8292915066101,24,11.7635492209138,1,7,79.9673870869915,NA,9.94614536175537,0,3,45.0613170579786,27,10.8788284192259,0,4,76.8646529476022,NA,13.140523829262,0,9,140.178791145176,24,5.60410154289773,0,1,20.7075292385578,24,26.7617804729832,0,1,83.7775288058767,NA,9.89064863196768,0,1,53.6373550300203,24,5.35521149229331,14,1,10.5386217486988,12,24.5234574403274,0,1,77.5897707625861,NA,"GS"
"210","US-PFb",NA,NA,NA,NA,NA,NA,NA,NA,NA,NA,NA,NA,NA,NA,NA,NA,NA,NA,NA,NA,NA,NA,NA,NA,NA,NA,NA,NA,NA,NA,NA,NA,NA,NA,NA,NA,NA,NA,NA,NA,NA,NA,NA,NA,NA,NA,NA,NA,NA,NA,NA,NA,NA,NA,NA,NA,NA,NA,NA,NA,"NGS"
"211","US-PFc",5.8560477414476,2,1,22.1130865327324,24,13.6222545873485,22,12,190.509805306861,24,10.4890508884408,0,11,175.566846062233,24,7.09052641957321,4,2,73.7662886644573,24,8.64184095332228,1,12,87.2392976508094,24,9.6221085211971,0,20,155.164374172037,NA,11.9516377537244,0,11,111.643680739781,24,4.94731608954229,0,1,4.94731608954229,24,22.5679352813792,0,1,79.6037028584851,NA,7.34371168033934,0,1,37.939252457099,24,4.71138666564569,0,1,4.71138666564569,12,18.5761387183728,0,1,42.6113329417166,NA,"FT"
"212","US-PFc",6.75892535082361,22,1,39.1254273099269,24,17.0538639722332,22,11,191.982208385218,24,13.9649211783192,0,11,231.430483430219,24,8.95130733216507,4,5,80.0175734204066,24,10.8872295331967,0,9,80.7749116179503,24,10.9483347250781,0,4,99.5318145749042,NA,15.665715055913,0,9,144.009554667104,24,6.93457354216092,0,1,6.93457354216092,24,24.6880936083615,0,1,60.5500366443394,NA,9.91068795954915,0,1,47.2841658662006,24,NA,NA,NA,NA,12,19.1802134032462,0,1,36.6991568634335,NA,"GS"
"213","US-PFc",NA,NA,NA,NA,NA,NA,NA,NA,NA,NA,NA,NA,NA,NA,NA,NA,NA,NA,NA,NA,NA,NA,NA,NA,NA,NA,NA,NA,NA,NA,NA,NA,NA,NA,NA,NA,NA,NA,NA,NA,NA,NA,NA,NA,NA,NA,NA,NA,NA,NA,NA,NA,NA,NA,NA,NA,NA,NA,NA,NA,"NGS"
"214","US-PFk",6.02485155490567,23,2,51.3869008879158,24,10.7372261433078,0,8,146.240109315054,24,8.68208145332685,0,9,94.728282478474,24,6.96085258257022,14,1,34.3766194603373,NA,7.99377089346725,14,1,76.4562298581859,NA,8.32804879747126,12,4,75.6187737582451,12,8.70083011084868,0,10,99.1677562870818,24,5.57914008474744,0,1,38.7623909127217,NA,21.4886062228949,0,1,66.5802718857672,NA,6.83639249541234,0,1,29.337721277058,24,5.28303591272637,0,2,18.8447334457641,12,19.8970140553796,0,1,37.3383714659766,NA,"FT"
"215","US-PFk",6.93180360597377,23,2,63.4986903988127,24,12.3717471777839,0,7,154.551325569029,24,10.5249171404155,0,2,84.6440109911509,24,9.99350417894494,5,2,112.960880180832,27,11.316033673514,0,3,125.568260062689,NA,14.0636176225694,0,6,156.672855020864,12,9.7326513363609,0,9,104.008511917139,24,6.7004027123927,23,3,29.9335275657385,27,24.6325389499066,0,1,33.1768815756591,NA,8.60776917692433,0,1,24.8110554009119,24,6.9293120291997,23,2,31.1867699549397,12,21.0653332512933,0,1,21.0653332512933,NA,"GS"
"216","US-PFk",NA,NA,NA,NA,NA,NA,NA,NA,NA,NA,NA,NA,NA,NA,NA,NA,NA,NA,NA,NA,NA,NA,NA,NA,NA,NA,NA,NA,NA,NA,NA,NA,NA,NA,NA,NA,NA,NA,NA,NA,NA,NA,NA,NA,NA,NA,NA,NA,NA,NA,NA,NA,NA,NA,NA,NA,NA,NA,NA,NA,"NGS"
"217","US-PFL",4.62431809342229,3,2,21.0238294575952,24,12.4123659982756,0,9,152.670487369374,24,9.08979130298768,0,8,80.8095919949128,24,6.17003057148754,18,8,45.2641522870612,24,5.52594920256469,19,2,33.6221335317348,21.6,5.18839634435555,0,5,81.1785957268737,19.6363636363636,10.9018693049895,0,7,85.559082621431,24,NA,NA,NA,NA,24,21.0843046160824,0,1,26.3044401052026,NA,7.56585888414195,0,1,25.0070455703578,24,3.75400841077185,9,3,25.703095430231,5.83783783783784,19.8546357383976,0,1,42.8410732231067,NA,"FT"
"218","US-PFL",5.9792199665692,0,3,33.2653252579164,21.6,13.5258724796809,0,9,173.785050312195,24,10.1808539191008,0,9,90.8305633767678,24,8.20903271608393,1,10,83.8236008109664,NA,8.42150457868208,1,2,59.7672118424327,11.3684210526316,9.42218539148381,1,2,49.0142384524835,19.6363636363636,12.821892695919,0,6,81.7539583417525,24,NA,NA,NA,NA,12,23.6994587111878,0,1,23.6994587111878,NA,8.26810453030829,0,1,52.4635392570263,24,4.38452052221635,23,1,12.6193711166902,21.6,21.9070386538689,0,1,59.8686383049849,NA,"GS"
"219","US-PFL",NA,NA,NA,NA,NA,NA,NA,NA,NA,NA,NA,NA,NA,NA,NA,NA,NA,NA,NA,NA,NA,NA,NA,NA,NA,NA,NA,NA,NA,NA,NA,NA,NA,NA,NA,NA,NA,NA,NA,NA,NA,NA,NA,NA,NA,NA,NA,NA,NA,NA,NA,NA,NA,NA,NA,NA,NA,NA,NA,NA,"NGS"
"220","US-PFm",NA,NA,NA,NA,7.44827586206897,10.1909644166676,0,5,99.2140536637545,24,9.94761803254319,0,9,87.472826763466,24,9.97579504415279,0,6,148.34047500401,NA,10.9740549503991,10,15,214.058606655731,24,9.98825201397214,0,4,157.656885352231,24,8.80487899737129,0,9,74.498788997817,24,NA,NA,NA,NA,8,22.3072593549963,0,2,45.4609543489276,NA,7.53858092774863,0,1,41.6793326004055,24,NA,NA,NA,NA,12.7058823529412,18.4064390372709,0,1,41.6841294565077,NA,"FT"
"221","US-PFm",8.32685105249811,16,1,16.3983360332895,27,13.5177805157502,0,7,170.061704938838,24,12.3407696382902,0,11,111.62015081684,24,10.859301677707,14,5,150.888875277951,NA,11.8348826260573,9,2,113.718863991775,NA,12.7861879039802,11,1,44.4342949524446,NA,12.4721283508149,0,8,95.3889286490398,24,NA,NA,NA,NA,24,24.2644802564381,0,1,54.3743112213202,NA,9.43403855223548,0,1,40.2776761872935,24,NA,NA,NA,NA,27,20.1180407251437,0,1,28.3145917490246,NA,"GS"
"222","US-PFm",NA,NA,NA,NA,NA,NA,NA,NA,NA,NA,NA,NA,NA,NA,NA,NA,NA,NA,NA,NA,NA,NA,NA,NA,NA,NA,NA,NA,NA,NA,NA,NA,NA,NA,NA,NA,NA,NA,NA,NA,NA,NA,NA,NA,NA,NA,NA,NA,NA,NA,NA,NA,NA,NA,NA,NA,NA,NA,NA,NA,"NGS"
"223","US-PFn",5.80157826102173,15,11,62.3916456015836,27,11.0859042223649,0,6,98.3403420165388,24,8.60517039321119,0,1,30.0919411693166,12,6.1835467731529,10,2,76.268049982282,27,8.70189664138024,7,8,136.768264336564,24,7.68026608472931,0,4,104.511912979488,12.7058823529412,7.60199343117911,0,2,35.1386931325059,24,5.43256211255132,23,3,24.5143279825553,21.6,23.1584484797804,0,1,23.1584484797804,NA,5.54759591842272,0,1,10.7876240261396,11.3684210526316,4.35187582849949,16,1,4.35187582849949,12,23.5234744540278,0,1,23.5234744540278,NA,"FT"
"224","US-PFn",6.94230759289816,15,6,68.0368815257243,24,12.8643087555185,0,5,117.123764846471,24,13.1344278425546,23,10,156.978701183448,27,9.67656673460176,5,8,169.782174678699,24,10.9999544772223,1,15,208.974633089305,24,12.7986596256412,0,34,271.156445376999,NA,11.4902749745685,0,2,38.1884801658905,24,5.73887703363034,19,1,17.1784247399312,24,30.6776439103818,0,1,51.7544452367946,NA,11.1012555334447,0,1,21.3486344225689,24,6.69855982965001,0,1,13.1690458150151,21.6,26.0060604671307,0,1,26.0060604671307,NA,"GS"
"225","US-PFn",NA,NA,NA,NA,NA,NA,NA,NA,NA,NA,NA,NA,NA,NA,NA,NA,NA,NA,NA,NA,NA,NA,NA,NA,NA,NA,NA,NA,NA,NA,NA,NA,NA,NA,NA,NA,NA,NA,NA,NA,NA,NA,NA,NA,NA,NA,NA,NA,NA,NA,NA,NA,NA,NA,NA,NA,NA,NA,NA,NA,"NGS"
"226","US-PFp",NA,NA,NA,NA,24,14.648418501391,0,3,130.057410967112,24,12.0429892214705,0,3,74.4019570579573,24,8.56457597682432,12,5,69.9869404407425,24,10.073083129656,2,1,83.3143073417642,NA,9.0578069116035,11,2,92.0497249267373,NA,13.8152765287626,0,6,119.383370022985,24,NA,NA,NA,NA,27,21.7834022151337,0,1,21.7834022151337,24,10.2260673060481,0,1,10.2260673060481,24,5.56536174434113,0,2,16.5305828044223,11.3684210526316,20.3702433098764,0,1,20.3702433098764,24,"FT"
"227","US-PFp",NA,NA,NA,NA,24,NA,NA,NA,NA,NA,NA,NA,NA,NA,NA,15.1016501956598,16,18,189.586327904867,NA,NA,NA,NA,NA,NA,NA,NA,NA,NA,NA,NA,NA,NA,NA,NA,NA,NA,NA,NA,NA,NA,NA,NA,NA,NA,NA,NA,NA,NA,NA,NA,NA,NA,NA,NA,NA,NA,NA,NA,NA,"GS"
"228","US-PFp",NA,NA,NA,NA,NA,NA,NA,NA,NA,NA,NA,NA,NA,NA,NA,NA,NA,NA,NA,NA,NA,NA,NA,NA,NA,NA,NA,NA,NA,NA,NA,NA,NA,NA,NA,NA,NA,NA,NA,NA,NA,NA,NA,NA,NA,NA,NA,NA,NA,NA,NA,NA,NA,NA,NA,NA,NA,NA,NA,NA,"NGS"
"229","US-PFq",6.58905491866641,14,8,96.7437597951513,24,12.0803903287118,0,10,171.989026181224,24,8.91296039953986,0,10,102.111311425571,24,7.11953536593097,7,1,73.7704249915866,12,7.8399166829531,13,1,74.6401450567988,11.3684210526316,7.53513664213896,23,5,131.054443830197,NA,11.5738967489359,0,11,129.314239361736,24,6.11917659401389,15,2,23.0641623172094,12,23.6055247712471,0,1,95.4482923531535,NA,8.07641139965532,0,3,55.925397942327,24,5.25935989617618,18,1,45.8735747388577,24,23.4912250211123,0,1,61.6397373687267,NA,"FT"
"230","US-PFq",8.41114609553065,22,1,54.9482761765376,24,12.3592146546797,0,6,145.168091330223,24,10.4949602000489,0,8,82.9057483364629,24,10.9406193570012,6,4,99.305725381902,24,10.0648491315702,8,1,29.217299676835,12,9.92021581082497,22,6,130.021281118071,12,12.278488039089,0,8,142.024205401731,24,NA,NA,NA,NA,NA,28.3779448664081,0,1,83.0889403498274,NA,8.78752299494101,0,2,65.8317473476083,24,7.31441164291344,22,1,42.2817683711444,24,27.283793407596,0,1,52.9022662691457,NA,"GS"
"231","US-PFq",NA,NA,NA,NA,NA,NA,NA,NA,NA,NA,NA,NA,NA,NA,NA,NA,NA,NA,NA,NA,NA,NA,NA,NA,NA,NA,NA,NA,NA,NA,NA,NA,NA,NA,NA,NA,NA,NA,NA,NA,NA,NA,NA,NA,NA,NA,NA,NA,NA,NA,NA,NA,NA,NA,NA,NA,NA,NA,NA,NA,"NGS"
"232","US-PFt",5.77628617441824,22,4,66.4959745366093,24,12.3826409682351,0,10,133.887338128263,24,9.92301324910905,0,10,125.48864399242,24,7.34762082853927,2,3,59.8632013243432,27,8.19547136389169,0,3,37.2809470164201,27,7.54219455888934,0,3,44.6925009528445,12.7058823529412,11.6580685563524,0,5,104.796768807938,24,5.30626382671231,0,1,14.4939978424178,24,23.7206592553896,0,6,112.59478506583,NA,8.10161359797788,0,1,25.8950351303215,24,4.29686795694004,0,2,16.1783411308683,24,19.7020283938137,0,1,38.9528713506146,NA,"FT"
"233","US-PFt",7.7027967504306,1,6,82.0137068605166,24,15.1040120224709,0,7,147.703028568306,24,11.5313902815513,0,9,128.925683292829,24,8.99560204089192,1,4,74.030709665803,27,9.12030093130783,0,3,62.6385340730084,27,8.66541411994677,1,3,36.3179020863451,27,13.8827683016091,0,5,87.8166136460833,24,6.6294210753927,0,3,25.0495078084678,24,23.9244532321031,0,1,99.0428675181058,NA,9.98393865123807,0,2,57.7382089581689,24,5.58785578993733,0,1,5.58785578993733,24,20.735508119941,0,1,43.7358176481194,NA,"GS"
"234","US-PFt",NA,NA,NA,NA,NA,NA,NA,NA,NA,NA,NA,NA,NA,NA,NA,NA,NA,NA,NA,NA,NA,NA,NA,NA,NA,NA,NA,NA,NA,NA,NA,NA,NA,NA,NA,NA,NA,NA,NA,NA,NA,NA,NA,NA,NA,NA,NA,NA,NA,NA,NA,NA,NA,NA,NA,NA,NA,NA,NA,NA,"NGS"
"235","US-PSH",NA,NA,NA,NA,NA,9.98802480075999,0,9,171.19405338524,24,8.15375165631959,5,31,158.307839845632,24,NA,NA,NA,NA,NA,NA,NA,NA,NA,NA,NA,NA,NA,NA,NA,8.60873518588047,0,10,86.4061024394157,24,NA,NA,NA,NA,NA,23.6081428195743,0,1,132.78945517016,NA,6.33324717446348,21,3,50.114782777479,24,NA,NA,NA,NA,NA,24.8015085909188,0,1,89.7936374618944,NA,"FT"
"236","US-PSH",NA,NA,NA,NA,NA,NA,NA,NA,NA,NA,NA,NA,NA,NA,NA,NA,NA,NA,NA,NA,NA,NA,NA,NA,NA,NA,NA,NA,NA,NA,NA,NA,NA,NA,NA,NA,NA,NA,NA,NA,NA,NA,NA,NA,NA,NA,NA,NA,NA,NA,NA,NA,NA,NA,NA,NA,NA,NA,NA,NA,"GS"
"237","US-PSH",NA,NA,NA,NA,NA,11.7402866872412,0,10,199.511084221188,24,9.96365944101741,3,12,168.616153936212,27,NA,NA,NA,NA,NA,NA,NA,NA,NA,NA,NA,NA,NA,NA,NA,9.17542716116616,0,8,86.1741696540154,24,NA,NA,NA,NA,NA,24.2988809325153,0,1,141.261980301847,NA,6.65265696058196,21,3,49.1808744388619,24,NA,NA,NA,NA,NA,24.8429025747352,0,1,74.8779064062666,NA,"NGS"
"238","US-PSL",NA,NA,NA,NA,NA,9.25927804275559,0,60,183.921518850796,24,8.04717325372461,8,12,149.555882725844,24,NA,NA,NA,NA,NA,NA,NA,NA,NA,NA,NA,NA,NA,NA,NA,8.09020496783518,0,5,69.6495005038884,24,NA,NA,NA,NA,NA,14.2892362342406,0,4,78.2437997650478,NA,5.83084781756898,0,1,44.5861614305135,24,NA,NA,NA,NA,NA,13.3492572508995,0,6,80.4789292610275,NA,"FT"
"239","US-PSL",NA,NA,NA,NA,NA,NA,NA,NA,NA,NA,NA,NA,NA,NA,NA,NA,NA,NA,NA,NA,NA,NA,NA,NA,NA,NA,NA,NA,NA,NA,NA,NA,NA,NA,NA,NA,NA,NA,NA,NA,NA,NA,NA,NA,NA,NA,NA,NA,NA,NA,NA,NA,NA,NA,NA,NA,NA,NA,NA,NA,"GS"
"240","US-PSL",NA,NA,NA,NA,NA,9.16242735633614,0,15,144.621657809416,24,8.66709312609332,6,3,49.0261296628884,24,NA,NA,NA,NA,NA,NA,NA,NA,NA,NA,NA,NA,NA,NA,NA,9.50534117857232,0,2,38.9067131776702,21.6,NA,NA,NA,NA,NA,13.6932518606801,0,2,48.5343091537867,24,7.88678637548581,20,2,37.3678216033865,24,NA,NA,NA,NA,NA,12.5242472627851,0,3,45.7934163873989,24,"NGS"
"241","US-RGA",1.14418871083916,4,15,22.4063998621621,24,5.17203284126825,0,13,45.2611611607615,24,3.26853679697985,0,13,34.5275893344899,24,4.78285289149895,16,72,96.3205623750638,24,5.15850499168794,0,72,99.6592902769772,NA,6.35064714857559,0,72,87.2416498663176,NA,4.81041116448775,0,72,43.6133027171739,24,0.979228594537591,0,13,15.1477438784495,27,12.1163517051578,0,72,45.5235358507828,NA,3.01749260200373,0,61,32.5267342961698,24,1.2937457617134,0,2,7.37207114360645,6,12.8157957373815,0,72,45.9355611450089,NA,"FT"
"242","US-RGA",1.55422224480298,5,10,22.1144130592215,24,7.01474653390954,0,12,66.6105058574842,24,4.91483652253678,0,11,48.9705857991081,24,7.86552935092996,20,72,157.660956685874,24,8.98877851209162,0,72,161.763016391178,24,12.4344496757805,0,72,145.103235503124,NA,6.33810743646473,0,7,61.5411534280019,24,1.36038480102253,0,2,6.15234922722842,27,14.4932858535789,0,39,82.8230529340432,NA,4.93934876976611,0,7,48.0019786697375,24,2.19467736154757,0,2,9.1463311337824,4.8,17.0017894901795,0,33,91.8923489673233,NA,"GS"
"243","US-RGA",1.36370896016562,3,2,22.3983285239632,12,4.5408841544764,0,72,53.6937433241299,24,3.08900613126236,0,11,40.4408332278327,24,5.41837240446142,1,72,104.495197823321,NA,5.73650547470697,1,72,108.081635589714,NA,5.87822219942388,0,72,101.363009822517,12.7058823529412,4.90913064155281,0,35,50.7375846310585,24,1.36319902003406,0,2,12.1532708213221,12,12.6104165319927,0,29,52.7751452273764,NA,3.35662645786082,0,15,37.5126616265007,24,1.58947543600443,0,2,6.20099866076321,6,12.5870093677118,0,72,52.5456881793203,NA,"NGS"
"244","US-RGB",0.84257735546559,2,7,10.1565267660058,24,3.42737503372559,0,72,40.8395709194984,24,2.21959740556492,0,36,31.718173103569,NA,3.85883731657452,0,72,75.8043958131921,24,3.71380725719191,0,72,71.8534563262969,8,4.50633588972889,0,72,84.7049365863224,24,3.54757097710312,0,72,42.0036531818441,24,0.643646557477336,11,1,3.08343653297558,24,18.1986677857995,0,72,53.7597524843502,NA,1.94705844976751,0,3,25.2208038700639,NA,0.764958635908106,0,4,4.85199102153892,8,15.918263978545,0,72,47.5973470099249,NA,"FT"
"245","US-RGB",1.48319796694989,0,5,12.5974407824685,24,5.06977180388783,0,4,53.4585883870894,24,4.13619238926482,0,4,59.7637054956884,NA,1.86954364429288,0,3,7.10990707004357,24,2.03462216090757,0,1,15.7732745516338,8,2.12557540970696,0,3,14.6056364513856,27,4.69460367239958,0,16,70.7804376868764,24,1.58092015609861,0,12,19.8341970398307,24,17.425384983139,0,1,93.2875415020114,NA,3.85186269769169,0,1,58.3552740613952,21.6,1.58599562490496,0,4,18.0956812094063,24,16.8452741818396,0,15,87.9418981592538,NA,"GS"
"246","US-RGB",1.07283421995358,2,6,13.1003875131285,24,3.86953338707756,0,12,46.8203821142402,24,2.69713317510189,0,13,37.3125806676832,NA,4.85257585601028,22,72,91.045351311893,24,4.47002083578102,0,72,90.063595331909,7.71428571428571,5.47094510535247,0,72,103.021559319409,8,3.9993786562088,0,15,42.2963940143646,24,0.917385480004041,11,2,5.1530897004145,24,20.3012064323987,0,72,64.6315776004561,NA,2.43972180429804,0,3,14.7986502766682,NA,0.979569461657008,2,2,5.45755839058606,12,17.5028455489673,0,43,57.1431666102725,NA,"NGS"
"247","US-RGF",1.76296192641977,17,16,34.2864045750718,24,4.87536614305414,0,72,86.7051994388834,24,3.82521279452092,0,36,80.811005720211,24,7.01522984313495,23,72,133.707712142791,24,6.01582327679223,17,72,128.458887551434,24,6.57702157994328,0,72,133.042504779475,24,4.48684852797924,0,67,80.3871503760964,24,1.52948747730898,1,1,13.2220513329623,27,23.1411929692237,0,28,94.3613230938563,NA,3.21732659019823,0,2,33.1409307368918,NA,1.31905284582865,0,1,1.31905284582865,24,19.5713919950072,0,1,71.911993480623,NA,"FT"
"248","US-RGF",1.76296192641977,17,16,34.2864045750718,24,4.87536614305414,0,72,86.7051994388834,24,3.82521279452092,0,36,80.811005720211,24,7.01522984313495,23,72,133.707712142791,24,6.01582327679223,17,72,128.458887551434,24,6.57702157994328,0,72,133.042504779475,24,4.48684852797924,0,67,80.3871503760964,24,1.52948747730898,1,1,13.2220513329623,27,23.1411929692237,0,28,94.3613230938563,NA,3.21732659019823,0,2,43.4083602110872,NA,1.31905284582865,0,1,1.31905284582865,24,19.5713919950072,0,1,71.911993480623,NA,"GS"
"249","US-RGF",NA,NA,NA,NA,NA,NA,NA,NA,NA,NA,NA,NA,NA,NA,NA,NA,NA,NA,NA,NA,NA,NA,NA,NA,NA,NA,NA,NA,NA,NA,NA,NA,NA,NA,NA,NA,NA,NA,NA,NA,NA,NA,NA,NA,NA,NA,NA,NA,NA,NA,NA,NA,NA,NA,NA,NA,NA,NA,NA,NA,"NGS"
"250","US-RGo",0.601876495178297,21,2,3.46625921410225,24,4.29450714607773,0,72,51.1366006151718,24,2.30502842051676,0,72,38.9381839402789,NA,3.13045200743759,6,35,65.8214795376882,24,3.17981885733565,2,43,62.1667134518275,24,3.74462366872211,1,72,73.0356513618528,8,4.39324597913983,0,72,52.8782102395783,24,0.647322098857766,22,1,2.39920087900263,24,21.9943848975886,0,72,63.9914056532208,NA,1.88345498790214,0,2,24.3831014677152,NA,NA,NA,NA,NA,NA,18.7196985816675,0,72,56.9872305718678,NA,"FT"
"251","US-RGo",0.775966577754619,22,3,7.05025415617198,24,4.1301188477655,0,2,47.5365009613445,24,2.84321005857915,0,3,45.9237416680867,NA,6.30828003336816,23,16,113.80468180664,24,5.3954822284188,0,11,101.836758210359,24,6.21701256510271,1,72,113.648345333875,8.30769230769231,3.73512938112731,0,13,45.1692546060764,24,0.673586040985155,22,1,1.31364473721985,24,23.2307859873004,0,51,73.3392587290826,NA,2.3955264977934,0,2,14.1077315542977,NA,NA,NA,NA,NA,8,21.9233494133005,0,18,66.1848038062916,NA,"GS"
"252","US-RGo",1.51430993860159,5,5,10.9284325494844,24,5.04302769398863,0,30,74.966673355805,24,4.12326247324531,0,22,73.1819918503549,NA,3.82741927883348,16,11,63.0616770355175,24,3.50240368259164,13,5,43.1416851799709,8.30769230769231,4.56510619401955,17,9,73.3566888615023,8,5.27379754698177,0,14,64.5680459688548,24,NA,NA,NA,NA,8,24.3461227509206,0,72,102.889978343105,NA,3.80516020103678,0,5,39.594101327768,24,NA,NA,NA,NA,8,20.3519488037324,0,11,78.4122609765449,NA,"NGS"
"253","US-RGW",1.8717977103159,4,7,29.6645468918849,24,5.16550474331619,0,12,56.5094795376084,24,5.03704503853627,0,12,50.2598064526455,24,2.83653173705225,23,72,58.0026023671978,24,2.91962936336483,1,72,60.1087137704349,21.6,3.20090810797992,0,72,60.5767711269565,24,5.04535904581163,0,10,39.8604608246916,24,1.56523433944142,0,4,27.8678564245768,NA,19.1472822544806,0,31,59.6716088915322,NA,4.22022101411437,0,10,33.3621470707252,24,1.82616197262093,0,3,25.6023543573334,24,17.8853556812794,0,34,57.0651617075052,NA,"FT"
"254","US-RGW",2.95265839733574,22,5,33.5827685247679,24,8.74002387659357,0,7,87.7149933273363,24,9.24587326562108,0,7,69.1822953771311,24,9.83388364522278,4,72,192.596088243154,24,10.9377976983791,23,72,211.872140714662,24,11.8963335578448,0,72,192.177047097711,24,7.60121288172346,0,8,61.7673112402702,24,2.73327584055007,0,2,16.3714100472736,24,23.5952803024436,0,6,63.6249144856462,NA,10.2248148268444,0,8,66.4012041135992,24,3.04174302957409,0,3,19.1038082965422,24,27.4516421013707,0,6,72.5548445033211,NA,"GS"
"255","US-RGW",2.57637750063485,0,8,41.5786182702623,24,5.33692602610131,0,11,65.0735279471525,24,4.57371256544288,0,72,61.1206033521164,24,3.80408853970533,23,72,73.1940584215876,24,3.39244796347753,2,72,71.9073923508848,24,4.11964512030716,0,72,76.9903826266692,27,5.13539540440734,0,10,49.419804298061,24,2.13624125930499,0,2,16.3887854863468,NA,18.2107016800643,0,5,66.8360350856034,NA,4.00590056891505,0,9,35.1515252512856,24,2.10300705534394,0,3,28.2772690390302,24,16.2730881135828,0,9,63.4730486690398,NA,"NGS"
"256","US-Rls",1.57084082041591,0,72,19.8608412756224,24,3.27566996694822,0,72,17.7612412199203,24,3.8788632636401,0,72,18.1408451577536,NA,1.90274782848553,0,72,25.0070203872422,24,0.908415110367736,0,72,16.6971741326158,24,1.20091873055753,0,72,17.613623623375,24,2.73786187791725,0,36,13.9645170346067,NA,0.562611204741848,0,72,9.92693102417877,24,30.0696006361862,0,72,41.8683794484599,NA,2.73507839056852,0,11,10.7510408651028,NA,0.593895428789564,0,60,8.91911135004348,24,26.302861893669,0,72,36.6148414040579,NA,"FT"
"257","US-Rls",2.20165717832382,0,14,30.7941778579346,24,4.64107877575468,0,9,28.7695621904221,NA,6.17176998077444,0,72,37.6053743540102,NA,2.3792973155743,0,72,36.484660540293,24,1.55370537912944,19,72,29.4149568907015,24,1.86521518218584,0,58,33.3455966177629,24,3.99986231466921,0,15,26.0472910893179,NA,1.22131503693708,0,14,20.8222276666532,24,34.66936458471,0,1,59.6165983698608,NA,4.69823986340939,0,11,20.7936068818123,NA,1.19829276017933,0,13,17.0948848413922,24,30.5399066183828,0,1,53.400904371471,NA,"GS"
"258","US-Rls",1.25303911042455,0,72,19.0364660610023,24,2.60753528367585,0,72,19.4486525778361,NA,3.08763605721505,0,72,19.7246202390563,NA,2.03254999766733,0,72,33.8433463856875,24,1.13345438877408,0,72,24.7718195294575,24,1.68952951261556,0,72,26.702886295248,NA,2.48995135572744,0,72,17.5420037756036,NA,0.556561562356446,2,72,12.1408737733958,27,29.2339658166328,0,72,45.157131569026,NA,2.53303150570938,0,13,14.7115337628959,NA,0.745643166334935,0,38,11.5670719195633,24,25.4315695528195,0,72,39.233394793766,NA,"NGS"
"259","US-Rms",0.635111773351108,1,72,12.8194409018478,24,4.72389167896541,0,72,32.3771837418747,24,3.97541976601109,0,72,20.9129018282097,NA,0.540197153958584,1,72,11.0731780756449,24,0.663142749890772,1,72,14.4952080125763,NA,0.544987812092126,0,72,11.566572623962,NA,4.04673813613207,0,72,28.313335875473,24,0.591947290558394,7,72,13.0275088704565,24,26.2908516995833,0,72,41.5384653279285,NA,2.83005636780908,0,72,14.4676556980932,NA,0.452824718652782,0,53,9.24157458478575,NA,21.8627499928246,0,72,36.2027293470945,NA,"FT"
"260","US-Rms",1.24685341479302,22,10,24.3385715043568,NA,5.4789402667245,0,7,36.852547813295,NA,6.0663178782049,0,57,38.5577253579615,NA,1.30669406198652,9,6,22.9553897780439,24,1.37158394842517,21,72,28.2327495646915,NA,1.31351037954188,2,26,27.5920280442566,NA,4.60624952434337,0,11,25.5867668540115,27,1.13141552731606,0,24,25.6019547761751,24,33.075933034587,0,1,57.33699702416,NA,5.00222466481642,0,14,26.9168700870194,NA,1.0584135109148,0,2,6.93053310800457,NA,32.3819803742961,0,1,55.803951771446,NA,"GS"
"261","US-Rms",0.811311350578401,19,72,17.2550564586928,21.6,3.65428627107848,0,72,24.9973784058559,24,2.96130740620366,0,72,20.9386537581069,NA,0.909879268825632,4,72,18.264191708881,24,1.01043298211108,4,72,22.1694094457806,24,0.761579799303792,0,72,16.3911130874756,24,3.37335226878984,0,39,21.5076367809996,24,0.869390959735674,8,72,19.6334739799399,24,23.6750167667806,0,72,42.4618188772342,NA,2.32847513150002,0,15,14.6985311746163,NA,0.575490649908155,8,46,12.5905253764574,21.6,19.4683976892292,0,72,35.5759126394746,NA,"NGS"
"262","US-Ro1",2.1053814176608,1,61,43.0081745441232,12,5.19008613653247,0,72,40.2608716334872,24,2.87136274169502,0,72,15.9957456060854,NA,1.40420561924934,15,1,8.23345561255372,27,1.83787385233204,2,7,26.9530246729835,NA,2.00610478998265,2,2,10.8856814981573,24,5.01672508783695,0,72,37.6385576687143,24,1.51251896439877,1,3,19.3077888964953,12,12.1680031842197,0,72,24.5419903003409,NA,1.98893835231818,0,72,9.99905648230659,NA,NA,NA,NA,NA,12,8.36060625651597,0,72,18.2579012497129,NA,"FT"
"263","US-Ro1",7.61611647127999,23,39,166.587914917954,NA,6.01341606897775,0,64,35.3029802182043,NA,5.51822268886573,0,12,30.0474136154465,NA,5.57474680467662,23,1,5.57474680467662,24,NA,NA,NA,NA,24,NA,NA,NA,NA,NA,6.20215847299573,0,72,35.3091238988789,12,5.51383571736384,5,1,5.51383571736384,NA,14.9172893756161,0,39,38.2923567431835,NA,4.81265598732834,0,14,20.2587209373142,NA,NA,NA,NA,NA,NA,12.4683567389392,0,15,30.2849690313582,NA,"GS"
"264","US-Ro1",2.07346923813469,22,16,40.8557787273408,24,3.645364375522,0,72,39.4028990146225,24,2.06545631850292,0,72,21.5625165614688,24,2.02518640095385,3,1,12.9198037529247,24,2.44299783329298,2,19,47.639147877739,12,2.6064358737664,2,6,41.1705834705377,11.3684210526316,2.89072142918042,0,72,28.0039433715799,24,2.04685578135937,22,1,25.5346389979599,12,12.5761854649763,0,72,28.7313755410096,NA,1.23384232308488,0,38,10.2616361521577,NA,NA,NA,NA,NA,12,8.57764668962008,0,72,20.1994285306353,NA,"NGS"
"265","US-Ro2",NA,NA,NA,NA,NA,5.81672182338853,0,72,47.6754527081482,24,3.51680677315795,0,72,24.7998292036413,NA,NA,NA,NA,NA,NA,NA,NA,NA,NA,NA,NA,NA,NA,NA,NA,5.97486841673395,0,72,45.0908150410232,24,NA,NA,NA,NA,NA,12.9676225375432,0,72,28.3256696035986,NA,2.69182198942967,0,15,15.8576473991697,NA,NA,NA,NA,NA,NA,9.08557498168621,0,72,21.4161205636756,NA,"FT"
"266","US-Ro2",NA,NA,NA,NA,NA,5.43421518918521,0,36,43.6033191066893,24,4.9575952413683,0,12,36.7736850119192,NA,NA,NA,NA,NA,NA,NA,NA,NA,NA,NA,NA,NA,NA,NA,NA,5.70046846989461,0,72,41.288009026843,27,NA,NA,NA,NA,NA,16.1285813340698,0,63,41.1858756795898,NA,4.53746352813157,0,15,28.5756895587455,NA,NA,NA,NA,NA,NA,14.5213810604651,0,17,35.4526025805646,NA,"GS"
"267","US-Ro2",NA,NA,NA,NA,NA,5.03657726803163,0,72,59.8496515703054,24,3.11636399368201,0,72,37.6913410247236,24,NA,NA,NA,NA,NA,NA,NA,NA,NA,NA,NA,NA,NA,NA,NA,4.85474415467599,0,72,47.2279586966647,24,NA,NA,NA,NA,NA,13.3612330649644,0,72,35.3939152267595,NA,2.09911558789346,0,5,18.0365982983171,NA,NA,NA,NA,NA,NA,8.45964440648487,0,44,24.0915341536354,NA,"NGS"
"268","US-Ro3",NA,NA,NA,NA,NA,5.15905796148104,0,72,57.6154155648718,24,1.98882334555395,0,72,28.05650530148,24,NA,NA,NA,NA,NA,NA,NA,NA,NA,NA,NA,NA,NA,NA,NA,5.26771149644039,0,72,54.4633380249037,24,NA,NA,NA,NA,NA,12.1707549435724,0,72,37.0009844309609,NA,1.45112491935713,0,41,21.5066584838808,24,NA,NA,NA,NA,NA,9.72988852696943,0,72,32.0880839587028,NA,"FT"
"269","US-Ro3",NA,NA,NA,NA,NA,5.100177873512,0,13,57.9512563690566,24,3.84324341384391,0,72,59.7414705162129,24,NA,NA,NA,NA,NA,NA,NA,NA,NA,NA,NA,NA,NA,NA,NA,5.07373637299318,0,17,51.8932144759181,27,NA,NA,NA,NA,NA,15.4173621340195,0,41,61.8548309319079,NA,3.38436758463597,0,15,50.9446812660259,27,NA,NA,NA,NA,NA,13.6432740935407,0,41,58.4585469305993,NA,"GS"
"270","US-Ro3",NA,NA,NA,NA,NA,4.68308172118805,0,72,64.8653880484976,24,1.94292479570389,0,72,33.9030563125321,24,NA,NA,NA,NA,NA,NA,NA,NA,NA,NA,NA,NA,NA,NA,NA,4.87100306388324,0,72,61.8981381662888,24,NA,NA,NA,NA,NA,12.7190997144905,0,72,48.8042532847123,NA,1.6750296983757,0,40,27.5018055937625,24,NA,NA,NA,NA,NA,10.2128518987391,0,72,41.1917944299543,NA,"NGS"
"271","US-Ro4",0.743414559204887,1,72,15.7398443435938,21.6,5.5236737297811,0,72,44.6066703162847,24,3.01267073734393,0,72,19.0814764137297,NA,0.80432809851008,0,72,17.1916528792144,27,0.883178592875364,0,72,16.3645134280051,NA,0.894545397519405,0,72,17.2099834463289,24,5.1292019853634,0,72,36.4875017241727,24,0.533732871425432,0,32,9.98217191316484,5.83783783783784,17.9949160824073,0,72,33.129878562229,NA,2.05543055640597,0,21,10.770165945474,NA,0.490594331891745,0,3,1.99562970225177,8,12.8352779173637,0,72,25.2165560947456,NA,"FT"
"272","US-Ro4",1.31329707028365,1,28,24.5688953562975,12.7058823529412,7.11526412272707,0,72,43.5521475305394,NA,5.82864660307967,0,72,37.3754477916303,NA,3.90571111394158,8,72,80.6496672864388,24,4.74437549530396,0,72,82.1499974572457,24,5.86357260767336,0,72,85.9334870657567,NA,6.95344840972719,0,72,39.7178024753068,NA,1.22449339343119,0,5,8.77423650529644,12,22.912054146224,0,6,51.2974868771049,NA,5.15059497911282,0,14,22.6949415524132,NA,1.40467330507768,0,5,5.99015534072492,12,19.3160026091241,0,8,42.2217340293112,NA,"GS"
"273","US-Ro4",0.778871886953089,21,72,17.1764590291932,NA,3.62097650145042,0,72,44.1962141605261,24,1.78901160263692,0,72,21.8675621568867,NA,0.885647128481633,1,72,18.8852816664059,24,0.911877026226346,1,72,19.1158887516485,NA,1.06297524181311,2,72,22.4004679451645,43.2,3.56843282085383,0,72,35.3076566469623,24,0.567415817959427,0,4,8.16733423445134,NA,17.8197999489161,0,72,38.5662548715407,NA,1.43112849011383,0,15,11.8015229504634,NA,0.481122400925986,0,1,0.481122400925986,NA,11.6850486171242,0,72,27.0495481645257,NA,"NGS"
"274","US-Ro5",0.779744176396515,18,72,15.5609726091047,24,6.48453851509838,0,72,54.0918047436811,24,3.75526877685903,0,72,25.5275740500128,24,2.10511180822523,1,72,43.4117506195425,24,2.63813054483939,0,72,51.0706576711022,24,2.51110422695462,0,72,43.4115627302857,43.2,6.16117715933391,0,72,46.5181228386951,24,0.571803512835772,0,72,11.119069008496,24,18.4451837768661,0,72,36.9151832038713,NA,2.47398396954631,0,65,15.7577801617628,27,0.473017052901502,0,4,4.0083744333187,21.6,12.4412963252577,0,72,29.0525454984136,NA,"FT"
"275","US-Ro5",1.0542524934722,0,6,20.0786719771397,24,6.50520856728003,0,72,49.1933339744259,24,5.43446511331342,0,37,41.303808887849,NA,3.28612346865688,1,72,63.5519885654526,27,3.56400931632847,0,72,69.3349511521582,NA,4.61218984862534,0,72,71.2198053716243,NA,6.58051424039739,0,20,42.6101819619536,27,0.924628462655842,0,4,5.37000623644978,NA,23.9397541965625,0,15,50.7792561824343,NA,4.77359300190279,0,12,23.6841040143092,NA,1.09776020402233,0,3,4.20921714975099,12,21.0930997323352,0,13,47.3475617603159,NA,"GS"
"276","US-Ro5",1.18889418209176,19,72,23.3514732092543,24,4.70236911866189,0,72,52.6887215069637,24,2.84919365769335,0,72,32.1605827137596,24,2.44204763738986,2,72,46.0711884906427,24,2.07543676657598,6,72,44.4275446306454,27,2.00661777710317,6,72,42.6275526903675,24,4.09233075753829,0,72,40.0192176609119,24,0.594933747777363,10,72,12.9787851559043,43.2,17.032012304902,0,72,42.1991818720075,NA,1.86580338221034,0,50,17.329653608482,NA,0.525234798312687,19,1,2.55867945755771,19.6363636363636,11.0735265274816,0,72,30.7532980965595,NA,"NGS"
"277","US-Ro6",0.70878151161726,17,72,14.5820225142484,NA,6.71123403306582,0,72,54.3491689299906,24,3.86833780213801,0,72,24.5054156355167,NA,2.11756834688165,5,72,43.9987149003875,24,2.22163572803599,1,72,43.5407325053835,24,2.51913761349629,0,72,44.8045232413472,24,6.65483498136461,0,72,51.1328208429128,24,0.496923103458836,0,8,9.01483976032279,21.6,19.0168159868447,0,72,36.6715324433384,NA,2.71719290925737,0,72,16.2634423452551,NA,0.465790972334658,0,3,1.88279120237255,8,12.8756457136777,0,72,28.1480159266795,NA,"FT"
"278","US-Ro6",1.05824984713438,3,45,21.9866452468805,24,6.82025555377608,0,72,46.519071198541,24,6.09168067613246,0,72,40.1565115834334,NA,3.20628266759916,1,72,65.9064954397623,NA,3.42453617048703,1,72,63.9436879317569,NA,4.33673032765855,0,72,68.2690950564774,NA,6.91723406040032,0,68,42.6941906998872,27,0.846865861211815,0,3,3.77288655409937,8,26.1542618386511,0,15,53.0043238982847,NA,5.33395094269122,0,12,25.4784267377242,NA,1.01926719053686,0,3,6.64281221266777,8,22.6771329676664,0,15,48.510939843553,NA,"GS"
"279","US-Ro6",1.04928772385754,23,72,21.5223415075926,24,5.10217175161707,0,72,58.0228953679753,24,3.03206730797672,0,72,34.7071590949105,24,1.65498367282449,23,72,32.6466699404997,24,1.53694599071388,4,72,31.9229291183554,12,1.76103588761116,6,72,38.1596915554244,12,4.38276282256111,0,72,44.0129299677892,24,0.530426957720738,18,5,8.84557492898447,NA,17.8322916539163,0,72,41.2941368363034,NA,1.82167055922435,0,37,17.6555983160111,NA,0.487590652707128,5,1,1.45468355610888,12,11.5082071130224,0,72,28.8971621850467,NA,"NGS"
"280","US-Rwe",NA,NA,NA,NA,NA,3.51042709309105,0,72,32.6518970077335,24,3.42574734954897,0,72,28.9580848357976,24,NA,NA,NA,NA,NA,NA,NA,NA,NA,NA,NA,NA,NA,NA,NA,2.59808609457489,0,72,24.7275168267035,24,NA,NA,NA,NA,NA,27.2279752502316,0,72,51.2305294312575,NA,2.13627777633174,0,39,18.028562714043,24,NA,NA,NA,NA,NA,22.1574025401688,0,72,42.1590495760795,NA,"FT"
"281","US-Rwe",NA,NA,NA,NA,NA,4.65706294512666,0,7,51.2356469902917,24,5.3453115946249,0,13,56.3347127639607,24,NA,NA,NA,NA,NA,NA,NA,NA,NA,NA,NA,NA,NA,NA,NA,3.64138353767948,0,11,30.995921207001,24,NA,NA,NA,NA,NA,34.2845920802031,0,1,76.326742255922,NA,4.05350896136487,0,12,31.9157742461939,24,NA,NA,NA,NA,NA,34.080287600687,0,1,77.0859102656065,NA,"GS"
"282","US-Rwe",NA,NA,NA,NA,NA,3.26593632591425,0,72,34.9594263883322,24,3.30946839955041,0,72,35.1014628803394,24,NA,NA,NA,NA,NA,NA,NA,NA,NA,NA,NA,NA,NA,NA,NA,2.02808787064478,0,12,16.31335010608,24,NA,NA,NA,NA,NA,22.6347675614297,0,72,49.865781245265,NA,1.87159631536945,0,6,12.5683795480055,24,NA,NA,NA,NA,NA,20.5674563698094,0,59,45.4597272258777,NA,"NGS"
"283","US-Rwf",NA,NA,NA,NA,NA,3.71430567147148,0,72,27.7648846917707,21.6,3.31831517109497,0,72,19.1573350594577,NA,NA,NA,NA,NA,NA,NA,NA,NA,NA,NA,NA,NA,NA,NA,NA,2.93852147769385,0,72,22.84501571767,27,NA,NA,NA,NA,NA,31.0325975115559,0,1,43.623202759182,NA,2.09323700445846,0,72,12.1631834700412,NA,NA,NA,NA,NA,NA,26.9695155619093,0,72,38.4410335120278,NA,"FT"
"284","US-Rwf",NA,NA,NA,NA,NA,4.49258569452308,0,51,32.0788599667209,NA,5.04414822719211,0,52,33.6749315659644,NA,NA,NA,NA,NA,NA,NA,NA,NA,NA,NA,NA,NA,NA,NA,NA,3.6922189005157,0,14,20.0903358492581,NA,NA,NA,NA,NA,NA,37.6185794201562,0,1,60.2496639082896,NA,3.89376145775256,0,17,24.2099943104805,NA,NA,NA,NA,NA,NA,36.0285880618811,0,1,55.0384186700818,NA,"GS"
"285","US-Rwf",NA,NA,NA,NA,NA,2.74331201835685,0,72,22.2798431915353,NA,2.41846895742716,0,72,19.8865511473786,NA,NA,NA,NA,NA,NA,NA,NA,NA,NA,NA,NA,NA,NA,NA,NA,2.29778880287788,0,72,17.96493949267,24,NA,NA,NA,NA,NA,28.0479269388951,0,72,45.6011100608044,NA,1.83372925503178,0,8,11.7144541238449,NA,NA,NA,NA,NA,NA,24.7723198161094,0,72,40.4262969187583,NA,"NGS"
"286","US-Rws",0.554353788193787,2,72,10.2799351939473,24,2.77018940455443,0,72,16.6409039576799,NA,3.26119523206319,0,72,17.8684501162795,NA,0.752310083119165,3,72,14.392821696198,24,0.661269522233744,1,72,14.0754004694689,NA,0.859567181621936,0,72,15.9967227221608,NA,2.36251270815,0,59,12.993526822422,NA,0.332402587633732,0,3,5.51312354209947,NA,32.9843028745991,0,72,45.4152333793986,NA,2.33491046249537,0,34,11.8157103612202,NA,0.411803729913327,0,4,5.98026390876671,21.6,28.185013910876,0,64,38.7552971713045,NA,"FT"
"287","US-Rws",1.12193887959121,23,72,22.0943539348921,24,3.6920254011819,0,72,26.8746526313304,NA,4.68354150987966,0,72,31.6662161134486,NA,1.13047692535105,1,72,21.2210120639416,24,0.910189198035064,1,72,18.3624350141447,24,1.07741565026461,1,72,20.6676745648734,21.6,3.33994966034503,0,9,20.8752423298026,NA,0.720321141477397,0,4,10.6637776736823,24,35.5003341110068,0,1,56.4509584394157,NA,3.56182181161131,0,11,15.6907646176698,NA,0.754269724592305,0,8,9.39366743129889,24,31.2102945981959,0,1,49.4522554785733,NA,"GS"
"288","US-Rws",0.697869236023281,1,35,14.6291119385794,21.6,2.47615353276306,0,72,21.0834442594869,NA,2.82566634486564,0,72,21.2304079725983,NA,1.21195627999553,2,72,23.7968529281503,36,0.929779922514423,9,72,19.9825355587527,8,1.22370892593374,0,72,24.7403942010193,24,2.39802353901572,0,72,19.5356447235351,NA,0.464626445720564,23,1,1.80889417952083,NA,31.1244119109662,0,72,50.9140764024291,NA,2.35564508344846,0,30,16.6996598770979,NA,0.602988922730589,0,3,8.70073343895568,12,25.9204105112833,0,72,41.6989307470477,NA,"NGS"
"289","US-Seg",NA,NA,NA,NA,NA,1.49820783610052,0,72,18.254716845855,24,1.04553649619258,0,72,12.1565861972505,24,NA,NA,NA,NA,NA,NA,NA,NA,NA,NA,NA,NA,NA,NA,NA,1.36595748264997,0,72,13.0285610022765,24,NA,NA,NA,NA,NA,29.7412954459526,0,72,39.4244695054943,NA,0.73930188016883,0,72,7.54312749712589,24,NA,NA,NA,NA,NA,22.7038941741476,0,33,29.972030777025,NA,"FT"
"290","US-Seg",NA,NA,NA,NA,NA,1.60658369958651,0,72,19.348403715331,24,1.24498602874027,1,72,16.0501833842051,24,NA,NA,NA,NA,NA,NA,NA,NA,NA,NA,NA,NA,NA,NA,NA,1.44153628645103,0,40,13.7333538016035,24,NA,NA,NA,NA,NA,33.3697039782089,0,72,44.720637154428,NA,0.877903808215775,0,72,9.92979049171213,24,NA,NA,NA,NA,NA,27.8624314568092,0,30,37.622110488481,NA,"GS"
"291","US-Seg",NA,NA,NA,NA,NA,1.85427901462985,0,72,23.6950881646891,24,1.51727544721082,0,72,23.2893255705414,24,NA,NA,NA,NA,NA,NA,NA,NA,NA,NA,NA,NA,NA,NA,NA,1.35140109082261,0,17,13.8639222671452,27,NA,NA,NA,NA,NA,29.4842092878177,0,72,49.9262415447882,NA,1.12063292252823,0,4,8.2937896831602,24,NA,NA,NA,NA,NA,26.854736727276,0,69,44.8340710905279,NA,"NGS"
"292","US-Ses",NA,NA,NA,NA,NA,1.79024544526918,1,72,24.265159380278,24,1.04567818721536,1,72,13.7654715114966,24,NA,NA,NA,NA,NA,NA,NA,NA,NA,NA,NA,NA,NA,NA,NA,1.40792110399656,0,72,15.929385858725,24,NA,NA,NA,NA,NA,29.8217901618806,0,72,38.5583549668729,NA,0.776981065597539,0,72,8.37178515103335,24,NA,NA,NA,NA,NA,23.9892345458326,0,72,31.247612191371,NA,"FT"
"293","US-Ses",NA,NA,NA,NA,NA,1.7911694411381,1,72,22.7991567083707,24,1.27808380940521,1,72,15.9902288493468,24,NA,NA,NA,NA,NA,NA,NA,NA,NA,NA,NA,NA,NA,NA,NA,1.42180219978383,0,66,15.2639936181045,24,NA,NA,NA,NA,NA,33.2480630348081,0,72,43.4570500048144,NA,0.883912748504225,0,72,9.95782620156248,24,NA,NA,NA,NA,NA,28.4596968536079,0,72,37.5574577442772,NA,"GS"
"294","US-Ses",NA,NA,NA,NA,NA,2.26092091350687,0,72,33.4065255906961,24,1.67226741628158,0,72,30.5498586130625,24,NA,NA,NA,NA,NA,NA,NA,NA,NA,NA,NA,NA,NA,NA,NA,1.64015147862025,0,15,19.8322317558936,24,NA,NA,NA,NA,NA,27.1830799518523,0,72,48.9685818459927,NA,1.26545847705763,0,7,18.0137844689659,24,NA,NA,NA,NA,NA,26.1967212162341,0,72,47.7620575051424,NA,"NGS"
"295","US-Sne",NA,NA,NA,NA,NA,3.18282219370687,0,59,28.223685448123,24,1.49766619243179,0,56,20.1070601613573,NA,NA,NA,NA,NA,NA,NA,NA,NA,NA,NA,NA,NA,NA,NA,NA,3.26371070189549,0,72,29.975021668318,24,NA,NA,NA,NA,NA,24.633297005973,0,66,47.0991465993871,NA,1.3071632824721,0,30,18.212959401239,NA,NA,NA,NA,NA,NA,20.6731499243038,0,72,39.9451297818483,NA,"FT"
"296","US-Sne",NA,NA,NA,NA,NA,5.4538036190046,0,9,55.0514705025908,24,3.67755598378841,0,8,33.9881515984108,24,NA,NA,NA,NA,NA,NA,NA,NA,NA,NA,NA,NA,NA,NA,NA,5.28250827612349,0,13,66.3448299032867,24,NA,NA,NA,NA,NA,26.1180954792032,0,1,77.4948855006965,NA,3.69720000911781,0,3,17.3465550769875,24,NA,NA,NA,NA,NA,22.9718850349436,0,1,64.7540836102592,NA,"GS"
"297","US-Sne",NA,NA,NA,NA,NA,3.66444934018933,0,72,35.2634187263923,24,1.70161230793312,0,13,23.9324967071828,NA,NA,NA,NA,NA,NA,NA,NA,NA,NA,NA,NA,NA,NA,NA,NA,3.69782994262823,0,72,37.2937774596703,24,NA,NA,NA,NA,NA,24.7214111174773,0,72,51.3741045224547,NA,1.48230503130587,0,30,22.1270383697443,NA,NA,NA,NA,NA,NA,20.4377121904087,0,72,43.129971938288,NA,"NGS"
"298","US-Snf",0.841295716848674,0,1,1.5558293089507,11.3684210526316,6.32977361953651,0,72,52.609153532171,24,4.56299405809578,0,72,44.4065029867109,NA,3.36966801559061,21,72,63.9706024106924,24,3.77329138153378,20,72,72.2835370797522,24,4.16769162802435,6,72,89.8044249448783,NA,6.45656282103346,0,65,52.3132127223024,24,0.730442884899207,3,3,2.12969335523289,24,25.1759527415179,0,72,67.1685016750669,NA,3.94766065982585,0,17,35.3231153457717,NA,0.820422843368589,9,9,11.8051566547966,24,21.1505381023936,0,72,57.0898378771781,NA,"FT"
"299","US-Snf",3.25790099545811,3,7,37.0246082008609,24,9.37456764751668,0,8,85.1672660738519,24,8.67938649682253,0,11,115.524514238579,NA,7.80576461060149,18,72,111.489170125329,30.8571428571429,6.30815742834759,15,20,119.134565929152,6,7.65493806461822,2,72,159.241028515709,NA,8.82990458606206,0,11,78.6714336643638,24,NA,NA,NA,NA,24,27.764857357888,0,1,124.575812155309,NA,7.53538695056858,0,3,29.3344636527736,NA,NA,NA,NA,NA,21.6,23.6975647710456,0,1,68.9174950083277,NA,"GS"
"300","US-Snf",1.13607050962807,0,2,14.7592918292345,12,6.90383248543891,0,35,63.1624969490176,24,4.48635341044054,0,72,51.0686849573465,NA,1.72746499997897,2,1,27.7067876477617,12,2.08459227041107,0,4,37.0759073375547,24,2.45856527066622,0,72,44.8920569653062,6.17142857142857,6.96693750968855,0,15,60.0945979841597,24,1.21909191689543,0,6,15.2819859871839,27,24.9858966855761,0,72,76.0108595652336,NA,3.96977642238532,0,25,42.717509061848,NA,1.18260235731365,0,20,22.7266471832044,8,21.4135829351213,0,72,65.9223052697586,NA,"NGS"
"301","US-SP1",0.570391839539777,0,72,11.496407942804,24,4.18193330535178,0,72,29.9931571876105,12,2.50456642882012,0,64,15.8384989174029,12,2.56072193776992,0,72,44.1788708043528,24,2.55373776785161,0,72,38.9244372854694,24,2.89218978190497,0,72,40.1421639681573,24,3.54452633350431,0,72,26.3174435914253,12,0.569053552907626,0,12,8.96709035230686,24,18.8810923898743,0,72,30.8468323174827,NA,1.95772065270888,0,72,14.8519100824425,12,0.755018227954759,0,72,10.5840089740111,24,18.2706499365419,0,72,31.641518194655,NA,"FT"
"302","US-SP1",0.627917021479137,20,72,13.0947150913213,24,4.41034230968405,0,72,34.9609364651249,12,3.16746618460384,0,40,20.5267268301175,12,3.87305898490191,4,72,74.6959392422754,24,3.62903723675507,0,72,64.01682029857,24,4.10123082179812,0,72,62.3539947969958,24,3.86721778983634,0,72,31.8710887240932,12,0.615295239734253,0,5,5.65924588453748,24,23.3021761435407,0,72,39.1123062784292,NA,2.57849398582461,0,72,20.0052822561764,12,0.697345341945614,0,6,7.56210454893576,24,23.5609422675716,0,72,40.9765578871151,NA,"GS"
"303","US-SP1",1.21971749874899,0,72,23.6678586537681,24,3.27966990294549,0,72,32.2783779653319,12,2.24847596650883,0,72,24.2515000580233,24,2.20410583467421,1,72,39.7890149392905,24,2.28329271318071,1,72,44.8535212381634,NA,2.31779216752785,1,72,46.8085037167168,NA,2.30796936836852,0,72,23.484039210575,12,1.09857734719306,21,72,23.4246090893859,24,11.9130841443316,0,72,30.2346565902834,NA,1.49597403333957,0,72,18.5669746974887,24,1.42850088987543,21,72,28.8535830818151,24,12.3046510937214,0,72,32.2910827688897,NA,"NGS"
"304","US-SRC",1.66099596791375,20,72,31.4845032062172,24,3.02186979113349,0,72,39.7341329213423,24,2.6544083422341,0,72,31.9580527469125,24,3.51546720716782,0,72,61.9873101093757,24,2.8687872809662,1,72,50.0518934895741,24,4.11056585246648,0,72,45.8457358075046,24,2.37445802257309,0,72,30.0594116362868,24,0.993729378784875,0,72,15.5110302988898,24,18.2105864461729,0,72,38.1743102762413,NA,1.61313435452863,0,72,17.4709016322769,24,1.02873548731762,0,36,11.4764951425978,24,15.7725031094222,0,59,32.1465399306278,NA,"FT"
"305","US-SRC",2.00270714665333,20,72,35.9856428970793,24,3.2385982002814,0,72,46.8616833049638,24,3.50431106884062,0,72,44.905859179291,24,5.94231842512017,3,72,108.026408502031,24,5.44173187410976,0,72,90.1250385993177,24,7.88190502254086,0,72,78.9338856387611,24,2.83169914695572,0,72,37.2772667542513,24,1.29193843438358,0,72,20.9713229732913,24,21.2851899458936,0,72,51.5157554322378,NA,2.5612057914545,0,72,29.1143931418356,24,1.48007816086632,0,12,14.3359950573856,24,19.0494805440098,0,29,45.3282778157896,NA,"GS"
"306","US-SRC",1.81807122074224,7,72,35.2097086952181,12.7058823529412,3.85030126114923,0,72,49.2233785607957,24,2.82688138545131,0,72,45.824738000672,24,1.84287651967904,2,72,37.7565104543177,NA,1.95744969969089,0,72,37.3027036204527,21.6,3.06710393188775,1,72,38.0524172247968,NA,3.16077037335097,0,58,39.3195616239205,24,1.11172685327908,7,7,21.0135521623157,24,17.7043389223359,0,68,56.7166228729823,NA,1.97849578779174,0,8,22.3755289860554,24,1.3323242716955,0,11,15.2801068843451,24,14.3829185485246,0,5,32.7510295991313,NA,"NGS"
"307","US-SRG",1.24727361145523,1,72,19.7058887451922,24,4.42818440143999,0,72,29.7060222327189,24,3.43157732060958,0,72,18.2190687920594,24,3.61521626736509,1,72,46.2017346392968,24,4.26199291264582,0,72,36.8609717852854,24,4.53405822553098,0,72,31.7284547629669,24,3.38810083240943,0,72,21.8130411402892,24,0.806215959960419,0,72,9.43329037198321,24,38.9331455991659,0,72,48.4417690219045,NA,1.99808957648278,0,72,10.4990258794032,24,0.6704218725419,0,59,6.62369378103672,24,31.7445862378316,0,72,39.9606573412643,NA,"FT"
"308","US-SRG",1.75284537532924,1,72,25.1343115229278,24,4.76366052149118,0,72,29.905371998925,24,4.49835782302124,0,72,26.2778626638857,24,5.23216715345507,1,72,63.8793393411316,24,7.12152278572514,0,72,54.148527587145,24,8.18718321710164,0,72,53.4517103540942,24,3.91903405553003,0,38,22.6645877708806,24,1.42765488833499,0,72,13.2078298454859,24,45.7431346823908,0,1,60.3698989993409,NA,3.3359800336519,0,72,18.818317145474,24,1.58402777516864,0,72,12.8002804637395,24,42.9266624096342,0,72,57.5048429255712,NA,"GS"
"309","US-SRG",0.724829587840919,0,72,10.7791713828043,24,2.70628508736808,0,72,19.4124417513499,24,2.45140496528186,0,72,19.2735789782574,NA,1.84046417419269,0,72,25.1850579242105,24,1.824945274843,1,72,29.2445227410168,21.6,1.98658763897418,1,72,30.5358455374946,NA,1.84217270554485,0,35,11.9671747012986,NA,0.334163826518454,5,5,4.8665687759092,27,36.0244125182155,0,1,46.8101708776385,NA,1.56163697004582,0,59,11.8383349401468,NA,0.346253131938029,0,4,2.27028880710866,21.6,35.2479026205843,0,1,45.8076680073711,NA,"NGS"
"310","US-SRM",0.843398768388391,1,72,14.494811346739,24,3.49703951794067,0,72,24.7610532423557,24,2.4438243392824,0,72,13.919610077564,24,2.6961839312779,1,72,36.9355109472016,24,4.86874952537799,0,72,33.473427534947,24,4.7264485117372,0,72,27.4055490330209,24,3.12247329599111,0,72,21.0441098645441,24,0.920547462212305,0,72,9.0282463904661,24,38.8555156431164,0,72,47.6966845638616,NA,1.53330143946544,0,72,8.61172728161021,24,0.709135990558702,0,72,5.793422560415,24,30.2677301711814,0,72,37.3769148801526,NA,"FT"
"311","US-SRM",1.16412934180995,0,72,17.4894435790329,24,3.78737263972409,0,72,24.2916717173905,24,3.3427782203184,0,72,19.8857640503173,24,2.95557891256745,1,72,37.183605229859,24,5.55490404563729,0,72,36.9573698717939,24,5.82660170604725,0,72,34.5068887952569,24,3.36001333601507,0,72,20.3195370394788,24,1.46612182827218,0,72,11.587934024472,24,45.9074605902476,0,1,58.0098249511079,NA,2.49081674327236,0,72,14.8230001566571,24,1.396680720502,0,33,9.99901524014459,24,42.0795446807635,0,72,53.8789661650296,NA,"GS"
"312","US-SRM",1.16681485635201,1,72,20.0032222780456,24,2.22707740517343,0,72,19.8924576648381,24,1.84458332131063,0,72,17.238874030755,24,2.25114297378126,0,72,34.8652685354914,24,2.21645708783375,1,72,31.6708304210108,24,2.24434068476792,1,72,32.5415407313515,24,1.53225460735726,0,72,12.5711065155544,12,0.438311479855769,0,65,8.04403135479044,NA,35.7989847854104,0,55,46.796785430301,NA,1.08648357759662,0,11,10.3311678432581,24,0.46569077586629,0,35,8.02475553572933,21.6,35.3459737107673,0,1,45.2428125277523,NA,"NGS"
"313","US-SRS",1.09475576289568,0,72,18.0105005947606,24,3.69697512047976,0,72,35.3127627852244,24,2.60283227421084,0,72,25.0164395436159,24,1.70884846001257,1,72,25.9604329493321,24,1.48728889984735,0,72,20.7868263496796,24,1.42393007916849,0,72,20.262406195498,24,2.84253241710821,0,72,26.5988529204008,24,0.795336768737855,0,36,11.4270219998491,24,37.1546818562886,0,72,52.4165957977957,NA,1.51748245754118,0,72,14.6948543175056,24,0.675742815663691,0,34,9.42201248453784,24,30.638496395563,0,72,43.4346562221662,NA,"FT"
"314","US-SRS",1.4679905182113,0,72,21.6233780541057,24,3.75320509560327,0,72,35.6333366298121,24,3.26308045051198,0,72,32.1719195626331,24,5.72861477892515,0,72,81.9074611537458,24,6.07939933232587,0,72,74.1434885416302,24,6.39275725625057,0,72,75.2287272211211,24,3.3024612539325,0,12,27.8667954014355,24,1.16243336256637,0,10,13.84366243115,24,43.2166014455759,0,1,63.9044790869842,NA,2.51602533609168,0,72,23.4620493645852,24,1.08076114397411,0,14,13.4970423734142,24,40.1158452164786,0,9,59.563572810743,NA,"GS"
"315","US-SRS",1.42200175760245,0,72,25.2666104730487,24,3.14078582037418,0,72,41.6300873146069,24,2.80842087139379,0,72,40.8180381884515,24,2.10594761013549,1,72,31.4223711767085,24,1.65888701499084,2,72,34.9238696654317,24,1.74593353546709,3,72,34.7571553666512,24,1.6331796626573,0,16,18.4935804747602,24,0.710485059927919,4,3,8.77575600514014,21.6,32.8992254458896,0,18,55.037789023127,NA,1.34922599016991,0,11,17.1407080551556,24,0.741917051243054,0,7,8.43389318869241,43.2,32.6449716710382,0,1,53.4366722554845,NA,"NGS"
"316","US-SSH",1.88858491147088,22,72,33.9392677061232,24,8.38578965792311,0,11,52.1757528449372,24,3.75130437076923,0,72,31.7546338648849,24,2.28647888696249,0,72,40.4376971635988,24,1.9466841473091,0,72,28.5087714658077,24,1.68667874642798,0,72,25.7426501599645,24,7.71449629089753,0,15,47.0506880891101,24,1.28514429162914,0,62,19.121049465422,24,16.7784373743687,0,72,40.3385189198561,NA,2.24434854496549,0,72,20.6312202506962,24,0.901261448993776,0,6,6.44400476272514,24,11.8197160181504,0,72,30.0333187232674,NA,"FT"
"317","US-SSH",2.26217618685191,0,6,25.3878233204663,24,9.70123485027277,0,63,66.9201989937304,12,5.71815487031404,0,9,44.2184273184281,24,5.74634524916009,3,72,100.470034769159,24,6.82463754623205,0,72,100.997927851159,24,8.08997519791536,0,72,110.64505839367,24,9.13015832190925,0,19,65.6796586616306,12,1.76901309675368,0,6,12.8257168925265,24,19.495589013453,0,63,55.3126953449838,NA,4.00323633534705,0,15,34.0387577713997,24,1.81347184677754,0,5,8.47813104318215,24,16.7851185303124,0,16,46.5626018656652,NA,"GS"
"318","US-SSH",1.44923189793231,13,22,31.6700133842094,NA,4.4161624589867,0,72,44.4581237969287,24,2.64713447576646,0,72,37.951028485103,24,1.70552682566384,1,18,31.6815510485243,NA,1.31122495887279,1,72,28.0454072032467,NA,1.68730957377153,0,72,31.8664402176622,12.7058823529412,3.98190928186189,0,16,33.8916979761964,24,0.957077340369919,0,2,9.6655548141653,12,15.8502875647027,0,72,45.8774119375362,NA,1.82267225445563,0,7,18.886458972725,24,1.02300784231342,0,3,7.93748310049647,11.3684210526316,12.0594888097614,0,72,36.553321295741,NA,"NGS"
"319","US-Syv",0.784931970643054,22,72,16.1378596972759,24,5.39085174534832,0,72,50.7834209653401,24,2.72437210074288,0,72,14.3805706517956,24,1.42380465104289,1,72,26.9400797077051,24,1.93006417690073,0,72,29.1444150874328,24,1.25752791751203,0,72,13.7281863248761,NA,5.17122543652806,0,72,54.3785748018492,24,1.0009690504078,0,72,18.3592481519435,24,15.6250121869557,0,72,30.1736963720391,NA,2.1408448462305,0,72,13.5444591770378,24,0.382608627244255,0,32,5.11141941982012,24,12.6456154080863,0,72,29.5869445799491,NA,"FT"
"320","US-Syv",0.601879240657666,18,72,13.3724505828086,24,4.48290058545539,0,64,30.2925936322916,24,4.06612002306807,0,31,20.6722636360383,NA,2.53606962289336,1,72,55.767718658921,24,3.31640205708652,0,72,52.9497632116628,24,3.50880725418129,0,72,41.5403574385073,NA,4.11368449537825,0,72,30.5613176410204,27,0.857781420060106,0,39,14.5753199463285,24,21.2843854640472,0,36,41.3940142779614,NA,3.87097246417137,0,72,20.8846503993945,NA,0.672645491611089,0,6,3.63027980567249,NA,21.8647312565685,0,13,42.133584240736,NA,"GS"
"321","US-Syv",0.837303455492723,22,72,16.5610603507464,24,3.49960961027284,0,72,38.0388930483459,24,1.95699022803335,0,72,17.0017289494953,24,1.73025559362408,1,72,36.46794998304,24,2.27418240199427,1,72,42.8250725832887,24,1.66742132101298,0,72,25.5889589511428,24,3.26313336376312,0,72,36.3859261472487,24,1.06132368415967,0,72,22.0684012930664,24,12.7886965553165,0,72,32.97319899127,NA,1.41406120113731,0,72,12.70334685892,24,0.467627415159134,0,72,7.30032231487799,24,9.38439669828512,0,72,26.3812783487479,NA,"NGS"
"322","US-Ton",0.266469546081673,3,72,5.66563324244259,NA,1.16423445833833,0,72,10.6574504145052,24,1.04001184606161,0,72,7.81123053186057,NA,0.478582519820845,1,72,10.2151908899953,NA,0.774554406908246,0,72,15.96935524023,12,0.741957822041526,1,72,12.1432088679474,24,1.01425898745187,0,72,9.95233735807124,24,0.207095463000818,0,46,3.86949973486939,27,24.6629436074761,0,72,30.7481855971504,NA,0.69893044903112,0,72,7.42765727670571,24,0.261148452850122,0,72,4.42379471098622,NA,23.9946879677535,0,72,30.0089923341986,NA,"FT"
"323","US-Ton",0.642291667508285,0,72,13.4208315558388,11.3684210526316,1.95427080183159,0,72,24.7307842892741,12,2.05566595984246,0,32,19.6622135125625,NA,2.62975283801506,1,72,53.5618340992682,24,3.01944628283958,1,72,51.9896656907413,NA,4.23852996457702,1,72,62.8937472302195,NA,1.96411217746415,0,72,24.7016415054355,12,0.430228101534087,0,5,3.19118592972396,NA,24.7313058449214,0,72,41.0248674372048,NA,1.61107552753541,0,72,17.3202926796903,24,0.612118734424814,0,42,11.4217096462312,NA,23.2623518028014,0,72,38.6307265552687,NA,"GS"
"324","US-Ton",0.339944487605862,7,72,7.14170360409914,24,1.12002959473972,0,72,11.8872620180478,24,0.895147353063512,0,72,9.02116431101,24,0.582157751221047,19,72,12.818188766321,36,0.949988357505741,0,72,19.0639103680506,12,0.896963666300109,0,72,15.1780075591353,24,0.972274738712264,0,72,10.8397997363445,24,0.237919799963967,0,13,3.95259996461748,NA,24.6898725845441,0,72,31.9203918249215,NA,0.629116020641194,0,72,8.92419236046986,12,0.315559961889926,0,72,5.32788349023807,24,24.4702039756306,0,72,31.6508980989515,NA,"NGS"
"325","US-Tw2",1.51105676605936,1,1,2.9898679273789,24,6.82586502093374,0,72,87.1271762763322,24,5.32736487086661,0,38,79.9463464310586,NA,7.5336788260982,1,72,139.132744189524,24,8.20145932564361,21,72,166.316646951901,NA,9.1220989422234,0,72,183.853609771699,12,6.12340337985691,0,14,58.5201864349405,24,1.67305710356093,0,4,22.0536875987903,27,24.4662709960686,0,1,89.1016036735239,NA,3.48301353674338,0,1,15.6635339034596,NA,1.79520944703467,0,4,18.3614401105206,12,21.4670253518388,0,1,69.9949966692076,NA,"FT"
"326","US-Tw2",NA,NA,NA,NA,24,8.72846650968325,0,12,114.270150148967,24,6.91206477042274,0,72,111.650945896889,NA,11.242688586602,1,72,192.983455974854,24,12.1462823160271,21,72,239.990266673731,24,12.9727492401893,0,72,263.726813574872,NA,7.32225898415384,0,12,67.0795356216378,24,2.14659060845074,0,4,15.3036149115739,27,28.2002641702565,0,1,116.534739570873,NA,4.66926730516765,0,1,32.7982592884047,NA,2.17757118550895,0,4,17.3650410574536,12,26.9192344919455,0,1,96.8398986985806,NA,"GS"
"327","US-Tw2",3.36572241750153,0,1,39.2888760771628,30.8571428571429,6.68610894409468,0,5,77.3102262872615,24,6.86939063710115,3,4,89.9054889160211,24,8.66514673103655,2,72,181.570206178457,NA,10.1489544322552,16,72,202.369520960685,24,10.2004392512028,22,72,220.564269802133,NA,6.53636549867469,0,6,42.8853270051182,24,4.15649662700437,9,12,66.7435352883277,NA,24.9893599477896,0,1,83.215261620975,NA,5.20057824641411,0,1,10.0991330614806,24,3.19239536887434,9,1,6.3822635027881,6.96774193548387,18.2787100289315,0,1,44.2162056873636,NA,"NGS"
"328","US-Tw3",0.62714308728061,1,11,10.5372665804059,24,4.08592723170405,0,72,30.7970553599576,24,3.07950444264493,0,72,24.165300110323,NA,3.04659053129321,1,72,59.0163032932389,24,2.91124007161119,0,72,53.3530457122426,NA,4.32097357187964,0,72,74.6323465303488,NA,4.01657001338822,0,72,29.9095499166628,24,0.38277822998999,1,1,0.38277822998999,24,25.6448861620289,0,72,48.7247481965101,NA,2.34386137294939,0,55,19.2734365563473,NA,0.663067209844104,0,15,10.8533341735788,24,22.0859810481833,0,72,41.9669198772117,NA,"FT"
"329","US-Tw3",0.781199188805186,0,11,13.6245906199879,24,4.1668861809134,0,72,32.4246369611132,24,3.40800618402335,0,72,27.7407797413799,NA,1.75442075371375,22,72,34.9809930948995,24,1.74419285273655,0,72,30.0057124989413,30.8571428571429,2.45090034618867,1,72,41.7493077894739,27,4.03833764054044,0,72,32.0644219847778,27,0.463671065518925,11,1,2.28485284809476,NA,27.2975516777134,0,72,54.1013125330743,NA,2.69490622409874,0,9,22.1174409381532,NA,0.767824255143304,0,28,13.2662397922176,11.3684210526316,24.6606540360634,0,66,48.3915718942668,NA,"GS"
"330","US-Tw3",2.26285514568931,6,57,43.4172443140247,24,6.08955536690208,0,13,72.9362067451171,24,4.9652141605048,0,13,75.1914759888653,24,4.02456270083129,21,72,80.8306755858577,27,4.37378486985671,21,72,87.0199852349236,21.6,5.26001203184771,0,72,93.6489062621756,19.6363636363636,4.8029144192276,0,12,47.9989890216583,24,1.72721204033306,3,10,21.7672724315358,24,23.8621519477064,0,13,83.8360668947669,NA,3.43159304113495,0,6,23.4253440994676,24,1.87305820400328,0,3,19.8443109234694,24,19.0267603779463,0,8,63.5727671007885,NA,"NGS"
"331","US-UC1",0.953861433566724,0,72,18.3840419577002,24,5.49072131390072,0,12,38.8885112606372,24,3.72308359166135,0,72,26.5894972390428,24,1.71147633947615,1,72,27.7535951579846,24,2.1226624944163,0,72,29.0289970715828,24,2.06759936489237,0,72,27.4625332488652,NA,5.54050689008955,0,39,36.655075555081,24,0.928844014372017,0,15,13.6821652398944,24,20.8471521757033,0,63,44.8349754853848,NA,2.75383083324918,0,10,14.6800448513277,24,0.805653074991163,0,4,7.32656131166474,24,15.1154227335779,0,36,33.3509590347338,NA,"FT"
"332","US-UC1",1.6210219461004,0,5,24.7595681840547,24,7.47986677150948,0,13,59.1003951918117,24,6.22463515959247,0,12,44.0575203582695,24,4.30500206093139,1,72,68.7336600818803,24,5.27816082370164,0,72,68.9915174271711,24,6.21166526086873,0,72,73.8690793454116,24,7.67211734973056,0,20,62.5784268509511,12,1.72505240554768,0,4,13.0050096546491,24,26.4768312358935,0,16,66.5471462808476,NA,5.56107226077405,0,10,28.5141259544487,24,1.79318942178547,0,4,7.22411365297574,24,22.7137881278064,0,32,60.1432315401817,NA,"GS"
"333","US-UC1",1.30416365328246,2,37,25.4615672787535,24,4.96627470540453,0,72,49.3548588093134,24,3.33656148115709,0,72,39.3064235372495,24,1.82384406369218,0,35,31.838475241273,24,1.87571943722767,1,72,35.5359173584159,21.6,1.87490880272282,0,72,38.5254094748074,12,4.16070643813813,0,40,36.4107807676124,24,0.8426747007353,0,2,9.97348031058092,12,19.1657417787516,0,72,53.937235794732,NA,2.25512488623886,0,6,18.9402974553154,24,0.844022752391037,0,1,6.16940518640503,12,13.6301608241471,0,34,40.5714282435029,NA,"NGS"
"334","US-UC2",0.957735329399638,1,72,17.3210532253065,24,5.60672307250033,0,12,39.7495357687744,24,3.99999797411113,0,72,26.8441271264042,NA,3.17725092650596,0,72,51.9722784888847,24,3.82456307300347,0,72,50.8168496827684,24,3.8329588835686,0,72,48.3938204021118,NA,5.68138172363417,0,14,34.9183835062424,24,0.95682110153759,0,32,13.6689411815175,24,22.078028151481,0,72,46.510183301931,NA,3.04228060999779,0,9,12.7607872750572,24,0.773761793429794,0,4,4.71921218265648,24,15.3234143267821,0,15,33.3166465825452,NA,"FT"
"335","US-UC2",1.43064155208793,1,6,20.5761812342123,24,6.73498142597683,0,14,50.8028459574999,24,5.80719693309407,0,10,36.3444472802859,24,4.12942704622645,1,72,65.4358958558713,24,5.15686226112459,0,72,65.1598902366663,24,6.49342801099835,0,72,68.5782597589205,NA,6.85911987775997,0,67,52.9470100538732,12,1.5363962260385,0,4,12.2382253613831,24,27.1740930002148,0,16,63.2880608012997,NA,4.99957169263793,0,9,23.7795467152016,24,1.52609022115406,0,4,8.56756138735588,24,22.517686715298,0,15,53.877139619448,NA,"GS"
"336","US-UC2",1.29175106051921,0,21,25.3137532125204,24,5.34826133624042,0,72,56.3172606519192,24,3.7781106750882,0,72,44.1275105434843,24,2.30788076142071,0,72,37.8102896218249,21.6,1.99015162643519,19,72,42.4729801658823,24,1.9564923768356,0,72,41.1989955925419,21.6,4.2310864373051,0,72,38.5577587431592,24,0.919497152289655,15,2,12.5620314983791,NA,19.9655830422344,0,68,58.0254714324493,NA,2.39053219467743,0,5,17.1889893301567,NA,0.861125027574503,0,3,2.46943867551398,36,14.4134726738169,0,27,43.8062125661522,NA,"NGS"
"337","US-UMB",0.485279127473692,0,72,10.5615037946639,12,4.65327862311151,0,72,40.3665457922442,24,3.110468946667,0,72,16.0154258424109,24,1.50214139258478,9,72,32.3641840410195,24,2.07678983012325,1,72,40.3705201619613,NA,1.59327207977183,0,72,25.7188222920603,27,3.67416106344348,0,72,41.3657986329536,24,0.517069836704847,0,72,10.4735514421775,24,11.303000879825,0,72,23.1546803251703,NA,1.76607667918891,0,72,11.9284049914348,24,0.322296551336813,0,32,5.16409049585215,24,9.33406079305476,0,72,21.9617827120267,NA,"FT"
"338","US-UMB",0.530927447558654,0,16,9.83593373015563,NA,4.00618102454471,0,72,23.4711286123692,NA,4.30901246865701,0,32,22.5287109671362,NA,1.12271895720162,0,72,19.0320192744648,NA,1.56483441965817,1,72,28.8008720979508,27,1.69849795609142,0,72,26.483080212793,27,2.92418602682842,0,72,21.8333010371828,24,0.624327628970153,0,34,10.7669260680323,24,13.1030574193471,0,31,29.5624488747382,NA,2.96208904554942,0,40,18.0548770624693,NA,0.62127886839862,0,8,7.77888320019759,24,12.189282154676,0,41,26.7593510942727,NA,"GS"
"339","US-UMB",0.635533553508509,7,72,13.9375537061257,24,3.0511989064592,0,72,34.0594108772785,24,2.32813321834184,0,72,21.7016971034698,24,1.38215502103526,17,72,29.6040245671586,27,1.73561040127766,0,72,36.413325037972,NA,1.50331776671767,0,72,29.7660001783296,NA,2.46962044269142,0,72,28.2896325322893,24,0.625763723210226,2,72,13.4623706448789,36,11.55663546978,0,72,29.9541454299686,NA,1.42286885775369,0,72,14.2790205104445,24,0.409010950835847,3,66,8.06830729541642,43.2,9.48126553080028,0,72,25.2027517648111,NA,"NGS"
"340","US-UMd",0.560116854323882,9,72,12.05186239304,24,5.63121822995717,0,72,41.536929313295,24,3.33173340081316,0,72,15.7953487710165,24,1.4567943524182,9,72,29.7533071391087,24,1.973730442108,0,72,34.7162331547618,27,1.3853911740102,0,72,20.6658399361452,NA,4.60076899920684,0,72,41.6506131515168,24,0.538495219359539,0,72,10.5203853525911,8,16.084314472785,0,72,27.5861251097442,NA,1.97760714618631,0,72,11.7782740359583,24,0.336341008524894,0,72,5.246207821522,NA,13.0380137301577,0,72,25.4902078659325,NA,"FT"
"341","US-UMd",0.552062156202826,6,72,12.1169871073877,21.6,5.06494084480641,0,72,25.3048237509605,NA,4.72995291407564,0,72,22.4204211388875,NA,1.74394860073454,23,72,37.9161301517532,12,2.33813782496118,1,72,39.2548353663138,27,2.45804593582719,0,72,36.9236361559203,NA,4.12517496532603,0,72,23.2204375710301,24,0.606041906728129,0,27,10.1927267418301,NA,19.4732481384983,0,32,34.5808265110232,NA,3.48688891500392,0,64,18.3717836127048,NA,0.544324511967166,0,11,7.13782028981702,24,18.0771593826018,0,36,32.4139128446297,NA,"GS"
"342","US-UMd",0.610708275573077,7,72,13.3271864556349,30.8571428571429,3.62373410129609,0,72,34.863441763843,24,2.38446198946,0,72,20.7381755498996,24,1.15543603676483,13,72,25.1877140045783,NA,1.35682615962624,4,72,27.639719809686,27,1.29107402249322,1,72,25.1649731024034,43.2,2.80618784273554,0,72,29.330524473121,24,0.522699267067854,0,72,10.2392826433492,11.3684210526316,14.9304053100608,0,72,32.409814111937,NA,1.47887236579416,0,72,14.1414876785476,24,0.429075152651021,0,70,7.93605129995315,NA,11.827431921013,0,72,27.8961720162123,NA,"NGS"
"343","US-UTB",NA,NA,NA,NA,NA,3.17461082179272,1,72,53.5375255823352,24,2.96568898655824,0,72,55.4718086412525,24,NA,NA,NA,NA,NA,NA,NA,NA,NA,NA,NA,NA,NA,NA,NA,3.10489095354146,0,72,48.2839136407593,24,NA,NA,NA,NA,NA,18.1100855059441,0,72,67.5116005783355,NA,1.90759450545825,0,6,19.6896089199447,24,NA,NA,NA,NA,NA,11.9441861029882,0,7,33.0717813940438,NA,"FT"
"344","US-UTB",NA,NA,NA,NA,NA,3.58068647406957,0,7,37.1345690802356,24,5.11475491941579,0,72,98.2057248492326,24,NA,NA,NA,NA,NA,NA,NA,NA,NA,NA,NA,NA,NA,NA,NA,2.84718280910667,0,3,10.1714019074093,24,NA,NA,NA,NA,NA,18.8903689133913,0,16,91.2888141008742,NA,3.3357444914147,0,6,36.5338881121593,24,NA,NA,NA,NA,NA,14.694717721072,0,5,36.7726035535951,NA,"GS"
"345","US-UTB",NA,NA,NA,NA,NA,5.63219229764553,0,72,110.746166730254,24,4.18038741521807,0,72,85.6508445172153,24,NA,NA,NA,NA,NA,NA,NA,NA,NA,NA,NA,NA,NA,NA,NA,4.65195872966762,0,72,83.7497562877017,24,NA,NA,NA,NA,NA,24.6767872398321,0,72,91.2009373999924,NA,2.30642999303278,0,6,21.0917322331939,21.6,NA,NA,NA,NA,NA,17.8937281440379,0,1,47.53509174433,NA,"NGS"
"346","US-Var",0.321074295976033,1,72,6.88542159988993,NA,1.4467270817125,0,72,12.1097246446962,12,2.38159623026961,0,72,12.5843917510561,NA,1.20060423270416,7,72,25.3057689640613,24,1.33600053021618,0,72,25.3043115078331,24,1.56579455993363,0,72,27.8962572927213,24,1.06307310113959,0,72,8.76922846168667,12,0.210935911799449,0,66,3.91626305319643,24,22.044112544571,0,72,29.7115773643032,NA,1.33844049804303,0,72,7.19044289592866,24,0.228089647546327,0,53,4.04343871598964,NA,19.4357347191615,0,72,26.0032618095172,NA,"FT"
"347","US-Var",0.636443411453158,1,72,13.8756221148108,NA,3.26049948036871,0,72,26.6817699674992,12,3.81090581676286,0,72,25.7719798788405,NA,2.2252631931026,3,72,44.8318388921312,21.6,2.07908290068625,1,72,42.4054334138845,21.6,2.88419333551097,1,72,52.3145817439562,24,2.82383308862459,0,72,23.6644038726187,12,0.439645261071688,10,2,5.0788565244393,11.3684210526316,21.647376823503,0,31,39.7556331646433,NA,2.59298989417906,0,37,17.4270269422832,NA,0.507398505321361,0,11,8.87598807972977,7.71428571428571,18.7527558015941,0,28,33.952433899894,NA,"GS"
"348","US-Var",0.375249762032319,20,72,7.64186193898822,24,1.16653874874651,0,72,13.7258274095382,12,1.68876606572939,0,72,12.9149429106047,24,1.64150609671145,2,72,32.9840927716644,24,1.72776729486498,0,72,34.5044464972178,24,1.94118437976718,0,72,37.5550321727287,12,0.904066456530684,0,72,9.5849249612663,12,0.266470900727796,0,66,4.87099386853616,24,22.5297695186392,0,72,31.6900411211607,NA,1.08645034795672,0,72,8.02649167594909,24,0.291483956341001,0,72,5.09258675289008,12,20.0809865706052,0,72,28.2430284244746,NA,"NGS"
"349","US-Vcm",NA,NA,NA,NA,NA,2.27939556970579,0,72,21.7160643630615,24,1.48911584900831,0,72,11.4606847879622,NA,NA,NA,NA,NA,NA,NA,NA,NA,NA,NA,NA,NA,NA,NA,NA,1.95136954706662,0,72,19.1643397809095,24,NA,NA,NA,NA,NA,18.8616563932793,0,36,27.1563580374012,NA,1.37445974547204,0,72,10.3375803574239,24,NA,NA,NA,NA,NA,23.8222663774029,0,72,35.1096729194423,NA,"FT"
"350","US-Vcm",NA,NA,NA,NA,NA,2.54146938270553,0,34,22.9811568207841,24,2.67280572703393,0,72,20.4359637846104,24,NA,NA,NA,NA,NA,NA,NA,NA,NA,NA,NA,NA,NA,NA,NA,2.29718269880081,0,72,20.2302086508959,24,NA,NA,NA,NA,NA,27.9433223543011,0,34,43.516239088886,NA,2.3330852492808,0,72,18.0904407131723,27,NA,NA,NA,NA,NA,29.6257407204424,0,72,46.9308722181568,NA,"GS"
"351","US-Vcm",NA,NA,NA,NA,NA,1.41962387442664,0,72,19.712894434275,NA,0.945088259283137,0,72,16.7780062303141,27,NA,NA,NA,NA,NA,NA,NA,NA,NA,NA,NA,NA,NA,NA,NA,0.909375947327999,0,72,12.1418035995302,27,NA,NA,NA,NA,NA,17.5176873925722,0,53,30.7447961700203,NA,0.981309092804055,0,72,14.5882262351256,21.6,NA,NA,NA,NA,NA,26.0300803860729,0,72,45.532921882115,NA,"NGS"
"352","US-Vcp",NA,NA,NA,NA,NA,2.87043763057662,0,72,21.3474864779004,24,1.94047131775724,0,72,12.5704080346971,24,NA,NA,NA,NA,NA,NA,NA,NA,NA,NA,NA,NA,NA,NA,NA,2.76525208801645,0,72,20.7773269736166,24,NA,NA,NA,NA,NA,26.6424246830213,0,72,36.0225472975252,NA,1.30128511534593,0,72,9.38174364797143,24,NA,NA,NA,NA,NA,21.5177229264141,0,72,29.3274744247926,NA,"FT"
"353","US-Vcp",NA,NA,NA,NA,NA,3.1100562578903,0,72,22.4603996918691,24,2.57329590747185,0,31,15.9932044439854,24,NA,NA,NA,NA,NA,NA,NA,NA,NA,NA,NA,NA,NA,NA,NA,3.00609503410457,0,72,21.8881084796268,24,NA,NA,NA,NA,NA,30.9424721652319,0,59,42.7204470886655,NA,1.84875460628947,0,72,12.9309385058896,24,NA,NA,NA,NA,NA,26.7875091968397,0,40,37.2875800731595,NA,"GS"
"354","US-Vcp",NA,NA,NA,NA,NA,2.26233959358656,0,72,29.8332248047421,12,1.52636541398864,0,72,24.9239992614485,24,NA,NA,NA,NA,NA,NA,NA,NA,NA,NA,NA,NA,NA,NA,NA,1.52732096603609,0,72,19.1563609002579,12,NA,NA,NA,NA,NA,21.8321792273057,0,37,39.3498955138385,NA,1.02097690502408,0,72,16.1694790798632,24,NA,NA,NA,NA,NA,21.6674711060078,0,72,38.68485480516,NA,"NGS"
"355","US-Whs",0.270273026544483,11,72,5.78416074712529,21.6,1.93961139952129,0,72,23.5688340399916,24,1.25331446561266,0,72,16.1663423473977,24,0.871213536969065,13,72,18.1395645381222,12,1.06642772170509,1,72,18.9845077319188,27,1.3072716379307,0,72,25.8917414407689,24,1.8132352115134,0,72,19.8519140739153,24,0.255845033052017,0,72,4.8042200209156,NA,36.3750050616388,0,72,46.9854319384717,NA,0.954944920084699,0,72,11.0273807218655,24,0.272110231018572,0,50,5.5259554950648,21.6,29.1124581652893,0,13,37.0258329621134,NA,"FT"
"356","US-Whs",0.36425401155961,19,10,7.23706154442198,24,2.29787523491016,0,72,27.4614653004664,24,1.74411647973154,0,72,23.1035257896099,24,1.47703602617835,0,72,29.5310934010959,NA,2.31714112335988,0,72,34.3592212725925,NA,2.54136064272386,0,72,38.239744934589,27,2.04317971675943,0,72,21.9076274843434,24,0.453023729898151,0,8,6.82875232635499,NA,40.6244405537786,0,72,56.0321926182956,NA,1.38120785354104,0,72,16.6962838570521,24,0.435908336152684,0,4,7.24981452162264,21.6,36.1359638341836,0,10,48.4885957957596,NA,"GS"
"357","US-Whs",0.439930507895408,13,18,9.70701170632776,12,1.34373184347525,0,72,22.2784033519388,24,1.20218354233152,0,72,23.6112627760946,24,1.41610878151819,20,72,30.4693600702689,12,2.05947602803583,10,72,43.7429413162681,NA,1.99963291652231,11,72,43.1164112411525,24,1.23488222524073,0,17,15.6793118970949,12,0.514331192561284,20,72,11.0333491917391,24,36.1024474609964,0,72,54.734737949141,NA,1.22576038661538,0,10,17.7841932117026,24,0.520478206298232,14,35,10.528424595427,24,34.8770254645164,0,72,51.8662131082927,NA,"NGS"
"358","US-Wi0",NA,NA,NA,NA,NA,9.4752905019094,0,11,104.521405403777,24,5.93620303309085,0,4,70.8673834398294,8.30769230769231,NA,NA,NA,NA,NA,NA,NA,NA,NA,NA,NA,NA,NA,NA,NA,8.14381434683438,0,13,73.1774943828366,24,NA,NA,NA,NA,NA,17.0556717148747,0,5,83.1692635785852,NA,4.98187692354947,0,2,20.7029166166553,NA,NA,NA,NA,NA,NA,17.8369767350132,0,10,66.915137048658,NA,"FT"
"359","US-Wi0",NA,NA,NA,NA,NA,11.8920756200336,0,5,113.519618294974,24,8.34774809792877,0,3,100.477626637187,NA,NA,NA,NA,NA,NA,NA,NA,NA,NA,NA,NA,NA,NA,NA,NA,9.79550934559372,0,11,67.429648152317,24,NA,NA,NA,NA,NA,20.0084924879831,0,1,36.6446934575172,NA,6.4114037508741,0,2,46.3636145271373,27,NA,NA,NA,NA,NA,20.3881118034394,0,5,57.3559225400372,NA,"GS"
"360","US-Wi0",NA,NA,NA,NA,NA,7.85247943173672,0,1,62.9980715887706,NA,7.52983294266489,2,5,40.7352054552306,12,NA,NA,NA,NA,NA,NA,NA,NA,NA,NA,NA,NA,NA,NA,NA,7.20149179689853,0,2,18.9304132670765,24,NA,NA,NA,NA,NA,19.1729975163963,0,1,96.1860787655248,12,6.15445041513318,21,1,6.15445041513318,NA,NA,NA,NA,NA,NA,18.0146845889584,0,3,97.19321299096,12,"NGS"
"361","US-Wi1",NA,NA,NA,NA,NA,9.3793152952278,0,72,150.892038643879,24,6.35773585108478,0,51,125.888135525123,24,NA,NA,NA,NA,NA,NA,NA,NA,NA,NA,NA,NA,NA,NA,NA,8.5372437468357,0,72,127.571281630546,24,NA,NA,NA,NA,NA,23.1676120087541,0,6,115.686347987,NA,5.41325966293142,0,2,82.2264121497376,24,NA,NA,NA,NA,NA,23.7696626062432,0,72,123.28141943323,NA,"FT"
"362","US-Wi1",NA,NA,NA,NA,NA,10.5360841584252,0,5,128.595763543645,24,8.84455169814326,0,25,168.779259823809,24,NA,NA,NA,NA,NA,NA,NA,NA,NA,NA,NA,NA,NA,NA,NA,9.85808638468819,0,14,104.078536930251,24,NA,NA,NA,NA,NA,27.0602758171324,0,1,130.533775948614,NA,7.57843552396422,0,15,109.814878882497,24,NA,NA,NA,NA,NA,27.4024584708892,0,1,134.402270107487,NA,"GS"
"363","US-Wi1",NA,NA,NA,NA,NA,15.2522721881799,16,72,298.468372455891,24,14.6047380254321,16,5,187.88498741854,24,NA,NA,NA,NA,NA,NA,NA,NA,NA,NA,NA,NA,NA,NA,NA,13.8995661706039,13,6,225.472445097436,24,NA,NA,NA,NA,NA,22.1716473162237,0,1,186.723745891994,24,11.4767781847802,10,8,104.749546730047,24,NA,NA,NA,NA,NA,22.9902396956227,0,1,179.379279595417,NA,"NGS"
"364","US-Wi3",NA,NA,NA,NA,NA,6.99128731534218,0,72,66.5140908723929,24,4.29122098201068,0,72,57.4651419420627,24,NA,NA,NA,NA,NA,NA,NA,NA,NA,NA,NA,NA,NA,NA,NA,3.64576393028533,0,9,27.0090138162653,24,NA,NA,NA,NA,NA,20.0543183588903,0,72,68.353147151464,NA,2.46448869030221,0,7,22.8259378979896,24,NA,NA,NA,NA,NA,19.457052417826,0,72,68.5471411162372,NA,"FT"
"365","US-Wi3",NA,NA,NA,NA,NA,7.29001904344294,0,7,52.792752212709,24,5.04594481733759,0,7,43.3430446630136,24,NA,NA,NA,NA,NA,NA,NA,NA,NA,NA,NA,NA,NA,NA,NA,4.67835017004115,0,5,23.1877419732447,24,NA,NA,NA,NA,NA,23.213083300441,0,1,73.4018230656985,NA,3.51364433194326,0,3,24.7677996084968,NA,NA,NA,NA,NA,NA,23.6751990559607,0,59,86.5896760811118,NA,"GS"
"366","US-Wi3",NA,NA,NA,NA,NA,6.80220417460281,21,72,127.209100510395,24,7.60740150884141,22,72,148.603090783872,24,NA,NA,NA,NA,NA,NA,NA,NA,NA,NA,NA,NA,NA,NA,NA,3.31918582641258,2,11,40.2210512338087,24,NA,NA,NA,NA,NA,21.7885883038536,0,72,139.80329181438,NA,2.66427752940222,1,1,2.66427752940222,24,NA,NA,NA,NA,NA,15.5504003276352,0,32,104.607399839481,NA,"NGS"
"367","US-Wi4",NA,NA,NA,NA,NA,5.11698082681912,0,72,53.4309964946956,24,3.7962005455485,0,72,43.8513271712824,NA,NA,NA,NA,NA,NA,NA,NA,NA,NA,NA,NA,NA,NA,NA,NA,3.1956541903322,0,12,26.7690389285635,24,NA,NA,NA,NA,NA,20.0957750503302,0,72,56.6145487548941,NA,2.31570881377983,0,12,22.4713505424005,NA,NA,NA,NA,NA,NA,21.5620800206112,0,72,61.4211852341549,NA,"FT"
"368","US-Wi4",NA,NA,NA,NA,NA,4.8896926003361,0,72,53.7150288190166,24,3.69032372940239,0,31,46.5623837609178,NA,NA,NA,NA,NA,NA,NA,NA,NA,NA,NA,NA,NA,NA,NA,NA,3.39111014590211,0,10,25.446808584943,27,NA,NA,NA,NA,NA,21.1731289778703,0,6,56.8271913829847,NA,2.61063121801877,0,7,16.9245001997168,NA,NA,NA,NA,NA,NA,23.1172076468424,0,41,64.3984274157121,NA,"GS"
"369","US-Wi4",NA,NA,NA,NA,NA,8.51780261964559,3,1,16.6294671724993,24,NA,NA,NA,NA,24,NA,NA,NA,NA,NA,NA,NA,NA,NA,NA,NA,NA,NA,NA,NA,3.02030527743706,23,2,3.02030527743706,24,NA,NA,NA,NA,NA,20.4501257083879,0,7,97.5812138565986,24,NA,NA,NA,NA,24,NA,NA,NA,NA,NA,19.263633958733,0,6,78.2729689484138,24,"NGS"
"370","US-Wi5",NA,NA,NA,NA,NA,6.53122068855985,0,7,47.7636176533603,24,5.59396716886419,0,7,39.0453807095154,24,NA,NA,NA,NA,NA,NA,NA,NA,NA,NA,NA,NA,NA,NA,NA,4.67125146426344,0,10,27.3986208437111,27,NA,NA,NA,NA,NA,24.1010907550996,0,1,87.1031145549982,NA,3.39573714201995,0,6,28.755590986825,24,NA,NA,NA,NA,NA,15.8024324738188,0,72,66.7815199440295,NA,"FT"
"371","US-Wi5",NA,NA,NA,NA,NA,4.92113805020578,0,1,11.9367729511951,NA,6.80709850043411,0,3,21.8605942643576,NA,NA,NA,NA,NA,NA,NA,NA,NA,NA,NA,NA,NA,NA,NA,NA,6.45567900944529,0,4,28.5813365856653,NA,NA,NA,NA,NA,NA,26.8871548163972,0,30,109.91502463968,NA,6.47298762324073,0,4,37.2460696218983,NA,NA,NA,NA,NA,NA,19.8881322155634,0,34,94.610197855221,NA,"GS"
"372","US-Wi5",NA,NA,NA,NA,NA,10.1721590407372,0,7,161.705332838302,24,9.42127430356877,19,12,175.899170573415,24,NA,NA,NA,NA,NA,NA,NA,NA,NA,NA,NA,NA,NA,NA,NA,5.18031364581599,3,9,60.4059608458498,24,NA,NA,NA,NA,NA,28.418423232676,0,1,195.075927700341,NA,3.92567440560207,22,1,11.6488085456991,19.6363636363636,NA,NA,NA,NA,NA,21.69244621368,0,1,147.154013776468,NA,"NGS"
"373","US-Wi6",NA,NA,NA,NA,NA,9.97490048843817,0,72,134.91776592261,24,5.40291459300725,0,47,101.743552791524,24,NA,NA,NA,NA,NA,NA,NA,NA,NA,NA,NA,NA,NA,NA,NA,8.73514490363397,0,72,108.983737906418,24,NA,NA,NA,NA,NA,17.6997299266038,0,5,95.6622779727303,NA,3.67163148504846,12,8,49.2343689353202,24,NA,NA,NA,NA,NA,15.9597451504791,0,1,79.4573796390373,NA,"FT"
"374","US-Wi6",NA,NA,NA,NA,NA,11.1974984645377,0,72,167.69717105198,24,7.85168121769851,0,47,154.958414213401,24,NA,NA,NA,NA,NA,NA,NA,NA,NA,NA,NA,NA,NA,NA,NA,10.5682584532885,0,40,142.157142837933,24,NA,NA,NA,NA,NA,20.4677040778611,0,1,113.126651361188,NA,6.12844279112963,15,8,80.3099766980514,24,NA,NA,NA,NA,NA,19.0020227134822,0,1,103.837033625739,NA,"GS"
"375","US-Wi6",NA,NA,NA,NA,NA,8.52977923036562,0,10,123.983755615012,24,5.71826017992144,0,2,58.3385582125417,NA,NA,NA,NA,NA,NA,NA,NA,NA,NA,NA,NA,NA,NA,NA,NA,6.99390367204848,0,15,96.3937202850953,27,NA,NA,NA,NA,NA,17.8946556257737,0,1,118.878425997377,NA,4.62207127703642,13,5,41.9606491504328,24,NA,NA,NA,NA,NA,16.9826894814548,0,20,130.992905239308,NA,"NGS"
"376","US-Wi7",NA,NA,NA,NA,NA,4.97186291954348,0,2,59.5092736809218,24,5.04935079154967,0,3,36.554675606439,NA,NA,NA,NA,NA,NA,NA,NA,NA,NA,NA,NA,NA,NA,NA,NA,3.77480359777015,0,2,9.69325080225732,27,NA,NA,NA,NA,NA,21.3214651721528,0,5,87.5334293933653,NA,3.46387310405208,0,1,3.46387310405208,21.6,NA,NA,NA,NA,NA,20.0191418444868,0,1,37.3166531803932,NA,"FT"
"377","US-Wi7",NA,NA,NA,NA,NA,6.03883209958798,0,2,49.2349259738774,24,5.50680887194975,0,5,51.5270107635375,12,NA,NA,NA,NA,NA,NA,NA,NA,NA,NA,NA,NA,NA,NA,NA,5.36653827001681,0,2,12.5623442174834,12,NA,NA,NA,NA,NA,22.9985470929338,0,1,48.7377984731148,NA,4.82864596666064,0,1,12.8341720478329,21.6,NA,NA,NA,NA,NA,21.2058812668601,0,1,47.3904558672372,NA,"GS"
"378","US-Wi7",NA,NA,NA,NA,NA,NA,NA,NA,NA,NA,NA,NA,NA,NA,NA,NA,NA,NA,NA,NA,NA,NA,NA,NA,NA,NA,NA,NA,NA,NA,NA,NA,NA,NA,NA,NA,NA,NA,NA,NA,NA,NA,NA,NA,NA,NA,NA,NA,NA,NA,NA,NA,NA,NA,NA,NA,NA,NA,NA,NA,"NGS"
"379","US-Wi8",NA,NA,NA,NA,NA,12.2456738115723,0,9,109.838128055301,24,8.61571535009092,0,61,116.215105411719,NA,NA,NA,NA,NA,NA,NA,NA,NA,NA,NA,NA,NA,NA,NA,NA,10.1467669183844,0,10,68.6846579432559,24,NA,NA,NA,NA,NA,22.5374543822647,0,1,117.433746995576,NA,6.48027189440936,0,8,61.1461441162099,NA,NA,NA,NA,NA,NA,22.0415817567994,0,27,123.518890343757,NA,"FT"
"380","US-Wi8",NA,NA,NA,NA,NA,12.0120553876882,0,9,102.304995943637,24,9.1436588186468,0,11,114.295755389325,NA,NA,NA,NA,NA,NA,NA,NA,NA,NA,NA,NA,NA,NA,NA,NA,10.5481430164669,0,8,59.7563984728214,24,NA,NA,NA,NA,NA,24.333165549633,0,1,75.4441069541105,NA,7.47039992321414,0,4,39.2864553366975,NA,NA,NA,NA,NA,NA,23.9617650481704,0,1,96.471710912748,NA,"GS"
"381","US-Wi8",NA,NA,NA,NA,NA,NA,NA,NA,NA,NA,NA,NA,NA,NA,NA,NA,NA,NA,NA,NA,NA,NA,NA,NA,NA,NA,NA,NA,NA,NA,NA,NA,NA,NA,NA,NA,NA,NA,NA,NA,NA,NA,NA,NA,NA,NA,NA,NA,NA,NA,NA,NA,NA,NA,NA,NA,NA,NA,NA,NA,"NGS"
"382","US-Wi9",NA,NA,NA,NA,NA,6.19478897233479,0,4,52.7392332724193,24,4.69716542147083,0,12,43.4047072406088,24,NA,NA,NA,NA,NA,NA,NA,NA,NA,NA,NA,NA,NA,NA,NA,3.39425026381014,0,11,27.8122617533057,27,NA,NA,NA,NA,NA,19.2132047335954,0,29,78.0562654896044,NA,2.65279854530172,0,2,18.3553011744262,24,NA,NA,NA,NA,NA,17.1802328227118,0,17,70.0820064882178,NA,"FT"
"383","US-Wi9",NA,NA,NA,NA,NA,6.97139878268696,0,3,61.7401092042404,NA,5.958638772996,0,4,48.2016163237175,24,NA,NA,NA,NA,NA,NA,NA,NA,NA,NA,NA,NA,NA,NA,NA,4.67030416543471,0,4,25.4304802637392,27,NA,NA,NA,NA,NA,19.6689733194923,0,1,64.6320737918346,NA,3.73115498456424,0,3,19.6174023170968,24,NA,NA,NA,NA,NA,19.0579306298474,0,1,44.3035897305578,NA,"GS"
"384","US-Wi9",NA,NA,NA,NA,NA,6.1411435737971,23,8,88.9948115781076,24,6.13071273418177,7,4,100.83449063594,12,NA,NA,NA,NA,NA,NA,NA,NA,NA,NA,NA,NA,NA,NA,NA,3.00844452676265,0,1,14.0118700083903,24,NA,NA,NA,NA,NA,22.9721724599739,0,27,121.768384848152,NA,3.1116963850583,19,3,26.8853993114516,24,NA,NA,NA,NA,NA,20.7986622697931,0,13,108.116382417645,NA,"NGS"
"385","US-Wjs",NA,NA,NA,NA,NA,2.19903894331793,0,72,21.3564010529231,24,1.17789443933642,0,72,11.7625088371845,24,NA,NA,NA,NA,NA,NA,NA,NA,NA,NA,NA,NA,NA,NA,NA,2.19055131979643,0,72,18.9475727268792,24,NA,NA,NA,NA,NA,24.0464578687616,0,72,32.9315543436458,NA,0.995277227642469,0,72,8.62223930963047,12,NA,NA,NA,NA,NA,19.6048948814746,0,15,26.7869427309888,NA,"FT"
"386","US-Wjs",NA,NA,NA,NA,NA,2.04250135222397,0,72,20.5143158417262,24,1.55396839329892,0,72,17.1335896953497,24,NA,NA,NA,NA,NA,NA,NA,NA,NA,NA,NA,NA,NA,NA,NA,2.00768515497136,0,43,17.3388422237618,24,NA,NA,NA,NA,NA,29.2795690126602,0,43,42.8347582785777,NA,1.33876996438717,0,43,13.4991408673973,24,NA,NA,NA,NA,NA,27.0064617775299,0,57,39.8243324275659,NA,"GS"
"387","US-Wjs",NA,NA,NA,NA,NA,2.17667600461592,0,72,21.1796616982812,24,1.47723798019786,0,72,18.4742174845748,27,NA,NA,NA,NA,NA,NA,NA,NA,NA,NA,NA,NA,NA,NA,NA,1.78542098445498,0,72,15.2705847149443,24,NA,NA,NA,NA,NA,24.543665024203,0,72,38.0806456061165,NA,1.29415828306477,0,32,14.176618258002,12,NA,NA,NA,NA,NA,23.6081819215351,0,72,36.5033033196282,NA,"NGS"
"388","US-Wkg",0.454699708997276,23,72,9.0752464747025,24,2.67635460905575,0,72,29.2767264839684,24,1.87516484237051,0,72,15.3761097957119,24,0.598099736726263,1,72,10.4456289182303,24,0.694620972739492,0,72,9.27952009704986,24,0.771497598905061,0,72,9.02088653856823,24,2.47577856025322,0,72,24.8145121140883,24,0.44374866212834,0,72,6.09318121986949,24,36.2781222765711,0,72,45.8510255581169,NA,1.32639638922697,0,72,10.2318156880326,24,0.396301343422639,0,14,4.82636451871219,24,30.0515474534635,0,72,38.5473774513782,NA,"FT"
"389","US-Wkg",0.69091932321699,23,11,12.5908801654965,24,2.6939381166904,0,72,25.9674417390082,24,2.7078511829659,0,72,22.8326812338051,24,0.91006187066978,1,72,15.3534247875744,24,1.20453985382968,0,72,14.834799583002,24,1.41826072057682,0,72,14.9871062025811,24,2.55073782964313,0,72,21.807141998076,24,0.717477141806458,0,13,7.93155611527817,24,42.8188260838073,0,1,57.1651644546152,NA,2.28877244206301,0,72,18.2424503133449,24,0.793748842497088,0,12,7.66583739270607,24,41.8579389870655,0,72,56.7853431528102,NA,"GS"
"390","US-Wkg",0.496102010765256,6,72,10.8151055645499,NA,1.33838581493951,0,72,15.8823831237394,24,1.22335756584501,0,72,14.7254107823361,24,0.53195571331682,2,72,11.0980457379463,NA,0.546814748454148,4,72,11.3287040683557,24,0.54425527600789,1,72,11.260638593836,24,1.0819031266085,0,72,10.5881063748997,24,0.356589408047655,0,6,6.24491358327992,24,33.0336677987279,0,37,42.479533856789,NA,0.931658585328623,0,56,10.0682350056231,24,0.348237369751438,21,12,5.30323413738025,24,32.8105280904868,0,36,42.0900845445844,NA,"NGS"
"391","US-xAB",1.44750330438424,0,72,22.7815953726224,24,4.85695057328217,0,72,35.5624194483302,24,5.16971767730627,0,72,29.0574938897379,24,2.25856752888979,0,72,34.0266889725202,12,1.71935952852442,22,72,25.7085871486718,24,1.22541654430559,23,72,22.6921798713897,24,5.43557271057408,0,72,39.4543344279076,24,1.26118202480901,1,72,17.6972499844416,24,22.0441232834092,0,72,44.4524379909793,NA,3.50838700762234,0,15,19.9687162131251,24,0.585709721618604,0,9,7.86352898483068,24,14.9871283656644,0,30,29.7388036285618,NA,"FT"
"392","US-xAB",2.43328955644453,0,14,37.4987308784065,12,4.58798011591131,0,72,49.2350212887955,24,5.92958445133067,0,12,45.6913402270367,NA,3.70672013372891,0,72,60.0067472578444,12,2.89057969153529,22,72,44.558587281732,24,2.23081792729309,23,72,41.8571842605695,24,4.63523131999518,0,72,51.2921065785937,12,1.90440174251628,2,5,25.9802012582763,24,23.1636464200178,0,54,58.8172973647093,NA,4.25415922343678,0,13,31.3071819955792,24,1.02487599914738,1,6,12.149223345128,24,17.842983976875,0,18,40.7133790278537,NA,"GS"
"393","US-xAB",1.5273398533721,0,16,25.0345343413578,24,5.94920857447433,0,72,45.5091786277007,24,5.69064149127882,0,72,40.3955027423833,24,2.07302776015591,0,72,33.9996396549366,24,1.62618477918034,23,72,29.4286536903318,24,1.73231025786084,23,72,32.180350851962,24,5.71503334102882,0,72,44.142621157202,24,1.17867915287812,1,14,20.4410020313995,24,23.5466282438422,0,72,55.8003041323577,NA,4.14822999776413,0,9,27.4886282709122,24,0.938025989196564,1,7,10.2388675591872,24,17.1546899373186,0,31,41.8704650633754,NA,"NGS"
"394","US-xAE",3.25248445852695,0,72,53.5852350525342,24,4.20507594981334,0,72,49.330424501372,24,3.5339598833893,0,72,39.5674884851559,NA,2.93395036569854,0,14,47.8367548117926,24,2.15335913413439,23,72,40.148662959888,24,1.7115228860979,1,72,34.8798538330366,NA,3.85313603777575,0,72,42.8571822402675,24,2.04993671665722,0,72,36.4293121139328,24,15.3137897316833,0,72,39.0925488935411,NA,2.62515599086411,0,15,19.9352717506749,27,1.16942058265288,0,5,19.1433696871792,24,11.9336380223933,0,38,29.28848323393,NA,"FT"
"395","US-xAE",3.42607810186302,0,14,57.7903118926989,24,4.48978509854668,0,11,52.1717903272415,24,4.70755750795576,0,33,52.3436287646178,NA,3.18214628081784,0,14,55.9716550288969,24,2.50540702056195,23,72,46.8732144293152,24,2.18394503379485,2,4,39.7506281212047,24,4.32270743612084,0,32,52.9448947811941,24,2.41140807136997,0,72,47.1307784536376,24,17.6093217188179,0,39,53.2544149731816,NA,4.43376060119819,0,13,32.6268392929869,24,1.8304544016831,0,4,18.6188906645562,24,15.989627978707,0,36,46.2795295395081,NA,"GS"
"396","US-xAE",3.08194260713519,23,7,41.8088669183936,24,4.41952955241934,0,72,72.0304240453659,24,4.30497512275717,0,72,62.1065583202654,24,3.53014813080678,2,6,27.6564390373049,24,3.33483975137277,23,38,64.5890276702152,24,3.71652009179986,0,72,76.7984623382892,24,3.91416937426488,0,72,56.3115230951153,24,2.15698789711202,0,10,35.7008150671814,24,17.7644920049885,0,46,56.1712002535997,NA,3.13792255621492,0,2,10.091135903399,24,1.88183272222308,0,1,1.88183272222308,24,12.9908849881415,0,5,37.0186200296352,NA,"NGS"
"397","US-xBL",3.30019578235636,0,72,54.0445465238591,24,7.5504356768777,0,10,58.9093207337302,24,6.37061738269655,0,72,57.1459762726645,24,3.14636424087601,0,72,51.2728126052209,24,1.78154899711302,0,10,30.5373563463269,24,1.65372488672295,0,72,31.8060042841194,24,7.28029740875496,0,13,45.6697272106388,24,1.5838707388827,0,13,22.5068480677181,24,24.6069741822156,0,72,52.0045847510171,NA,4.37781408461983,0,11,24.8958998607162,24,1.12077477072946,0,12,15.9457956463618,24,18.3444052598188,0,14,37.7675804962424,NA,"FT"
"398","US-xBL",5.03696127644813,1,12,81.7098223621247,24,9.33867626421315,0,7,68.4893310166189,24,8.80494220580524,0,9,72.6707708375006,24,5.59879587152331,0,59,98.3705072316298,24,2.8010464769079,1,10,43.6000945234527,24,2.49657457011532,0,35,47.9225956128377,24,9.62310924489992,0,11,58.5712003224073,24,2.05228988395977,1,10,25.5716849437234,24,28.485548400162,0,13,62.211452202227,NA,7.93550001972155,0,8,36.0593129433852,24,1.78201847115357,1,2,16.8653103916632,24,24.8138793984112,0,9,49.9303094281469,NA,"GS"
"399","US-xBL",3.38015646280378,0,10,44.1035587878565,24,7.65446387604704,0,72,80.738817375561,24,5.65807929893934,0,72,72.5371260217268,24,3.29415894158847,0,7,51.6130340589551,24,2.78997200772829,0,60,56.9126468052757,24,3.13665695747925,0,19,60.5210166612838,24,6.13554866460792,0,13,51.0797255787853,24,2.01366276153548,0,9,20.722464166286,24,22.3421100309927,0,67,76.0400545000556,NA,3.85419700963725,0,2,16.104402711142,24,1.91659024684963,18,8,15.7614957846195,24,16.8679961949627,0,1,51.5300376408501,NA,"NGS"
"400","US-xBR",2.95519851830858,1,72,57.82993609935,24,6.49972636600212,0,72,54.1751936135308,24,3.97654618823801,0,37,32.6837514268463,24,1.68312081156269,1,72,34.4222929118768,24,1.48143635195547,20,72,29.365424054624,24,1.06915153845738,0,1,1.06915153845738,27,5.13826384870295,0,72,45.2851255045494,24,1.85345250145567,2,72,38.9874709862536,24,23.0843073278009,0,72,43.731571863181,NA,2.52568408329791,0,9,17.1913449907768,24,1.22038005580078,0,3,12.1764790566151,NA,18.4502632023182,0,34,36.5147566461909,NA,"FT"
"401","US-xBR",3.95239694019472,23,72,79.5467678088313,24,6.93628323964749,0,13,54.5976072161069,24,5.55763722535447,0,10,42.7886650934966,24,2.70645752276935,11,6,42.9040053674035,NA,2.26254908484627,5,1,4.51671708932791,24,2.370654364085,9,2,4.72206852024096,NA,5.89998505035993,0,41,51.0989944509886,24,2.65954631512147,1,34,58.8765151683054,21.6,30.9111306254236,0,14,63.7884728189091,NA,4.12570568136228,0,9,27.1650265713693,24,2.4411580466847,0,2,30.6602718259647,24,26.5060838051942,0,14,58.1829688877631,NA,"GS"
"402","US-xBR",2.8629522218267,0,72,57.9149559594385,24,4.01412800653876,0,72,47.3746756890399,24,3.03335323783638,0,55,38.0314007661894,24,2.00623739050828,21,19,44.6912263887928,24,1.70153166705396,21,1,25.3007928960319,5.14285714285714,1.68526725269898,23,1,9.64280814111172,NA,3.33832868493299,0,72,37.4363322478661,24,2.01732110762124,0,16,37.9227490777784,NA,19.2777399323836,0,72,47.7712060522038,NA,2.12957478265261,0,3,12.2007259579711,24,1.55977375658018,1,1,6.14582105321043,8,15.646215797079,0,19,37.2874509730336,NA,"NGS"
"403","US-xCL",3.5345827007922,0,16,52.2829720251137,24,6.15459596645791,0,60,47.6025135066533,24,4.35050359093708,0,72,38.6676474168078,NA,3.93796962485277,0,72,55.2847734516817,24,2.21672992697472,23,14,36.3739339803256,24,1.9874703113443,0,11,33.6639533923219,24,5.26427631270864,0,14,37.9672782624691,24,1.42784718765236,0,6,21.2734978300357,24,19.5922311936945,0,63,40.0818179090254,NA,2.84494231075802,0,11,19.8025145067467,27,1.27174242349612,23,5,15.4655068144766,24,17.7646042489985,0,72,36.0083210763201,NA,"FT"
"404","US-xCL",3.74944533373029,0,12,52.9230515984819,24,6.62798667923605,0,11,52.1076388767694,24,6.17018107099081,0,11,47.3977064803513,24,5.36510686653649,23,9,61.3810965937984,24,2.54917231892906,23,6,38.2723963518131,24,2.38958137004232,1,11,43.6675883003144,24,6.71115129159905,0,9,39.5926704022881,24,1.74395688809797,0,6,14.1428668102151,24,24.9780172521656,0,39,54.9256515279572,NA,5.33735028263409,0,8,41.9359598546227,24,1.6516815482366,0,2,20.6510207877094,24,24.4736996969465,0,13,52.3720508988687,NA,"GS"
"405","US-xCL",5.77460187390664,0,39,89.3167154816496,24,6.1930409082375,0,72,70.2749175179854,24,4.53523150221491,0,41,57.700511453358,24,6.55970572745387,0,72,104.504895171633,24,4.95248058714912,23,72,92.0760171614997,24,4.41595535617277,6,4,78.1568103271866,24,5.47760713131271,0,72,52.9674524000968,24,3.30864251727841,0,8,44.5004884435338,24,16.8013800039053,0,17,48.7966948128645,NA,3.34676485139372,0,5,24.556835139491,24,2.75375966206765,23,5,27.1629502798384,24,14.267544592966,0,27,46.7977038782927,NA,"NGS"
"406","US-xCP",4.81627800086865,0,8,39.732630470813,24,4.64719667755071,0,72,48.0225709735242,24,3.3186576076628,0,14,33.9181153381217,24,3.73603280002422,0,5,38.8279061104786,24,2.63514160986929,0,72,51.2763330391599,24,2.24993169851721,1,72,48.2153855313509,NA,3.54057118461923,0,72,35.3693559387656,24,2.15686414612928,2,72,38.2993252985811,24,30.5284495373287,0,38,48.4907920899471,NA,2.04957290974573,0,10,13.4252021035332,24,1.5241855185195,0,4,30.1739173093575,12,25.6401678999133,0,35,40.5862828372142,NA,"FT"
"407","US-xCP",6.45960840500171,2,1,12.6308933020158,24,4.98097578037975,0,12,48.8404033165818,24,5.03048828406009,0,11,47.8036654908076,24,6.10252443903404,0,2,28.2657520039142,24,4.2712943190199,0,4,82.9416506324578,24,4.23282287796747,23,19,86.2742440716154,12,4.29792933297083,0,11,44.4193087283251,24,3.63265696892652,2,4,40.9168475202362,24,36.1618547030875,0,1,68.1315802870783,NA,3.79182307518466,0,9,27.9858086013385,24,3.17551002289039,0,4,32.573701624862,12,33.7811402220735,0,1,63.1312224902563,NA,"GS"
"408","US-xCP",3.86176022619787,0,11,52.0906084856125,24,3.677465528627,0,72,49.2825523631157,24,3.43461287578968,0,72,45.1304092970092,NA,4.43047176489236,0,14,66.9389275951994,24,3.32420422082589,0,72,62.1948371799263,24,3.18100324661944,7,72,65.488526261003,24,2.80806683795716,0,13,31.7943929574529,24,2.33393209983639,1,61,46.8364503439654,24,30.8259340217736,0,62,54.7806069698917,NA,2.1584288528155,0,3,6.67932338920139,NA,2.0370850683887,19,10,39.4516045160205,24,25.6237338083643,0,4,44.388289698226,NA,"NGS"
"409","US-xDC",1.78280963021479,1,12,29.401095937914,24,7.29023226784214,0,72,80.9813051066034,24,4.05250776622312,0,72,38.2546275596405,NA,2.12481338869087,23,14,24.4769498100854,24,1.42150918740515,0,72,28.4311924999018,24,1.5991588126838,1,72,33.0687846465497,27,5.92888724748079,0,72,69.4446279072196,24,1.07831910615515,0,14,18.4260461186589,24,17.3302375296109,0,72,41.8765991977971,NA,1.91118254559135,0,21,18.2738368321158,NA,0.872363014568899,0,1,5.61836135299256,24,11.6701492624163,0,72,30.238238232459,NA,"FT"
"410","US-xDC",3.7021679388055,1,12,55.1267268091203,24,5.80965323404559,0,12,55.692078695656,24,5.74891614145927,0,11,54.0507660479308,NA,4.23789207109683,1,5,55.4108712883687,24,3.09271018689081,23,8,55.2451504086847,24,2.79353154073831,0,5,55.3420967127901,8,5.16455882488107,0,14,40.4477126484082,24,2.13972676548619,23,7,28.6238667471594,24,24.9443483636533,0,31,66.0567120285817,NA,4.59910428863743,0,9,30.6879561168108,24,1.95902320125848,23,6,18.2106472440617,NA,22.3917218475772,0,1,52.8713998593226,NA,"GS"
"411","US-xDC",2.05537314766547,0,36,36.4168922402795,24,8.06591479521975,0,72,97.8937646276095,24,4.11184680025537,0,72,49.4990084482903,24,2.0261468221674,1,13,25.7667242199318,24,1.46592379823559,2,2,19.2987141339691,11.3684210526316,2.28264796144566,2,72,46.7915407955366,24,6.80450702627928,0,72,78.8821086264448,24,1.36743502074708,0,2,2.6193715342367,24,16.0659760202891,0,72,56.6697350321368,NA,2.09331465039903,0,2,16.0262878701919,24,1.0985235352109,15,2,5.39835731516633,24,9.26262784467443,0,27,34.6949152512099,NA,"NGS"
"412","US-xDL",3.78486641003669,0,11,50.5530454850976,24,5.57173592201543,0,72,50.7896064375256,24,4.53399614280007,0,13,37.6918077338113,24,3.30400657955288,0,10,43.1240398493582,24,2.40445202402304,0,12,41.308774394615,24,2.18970247287471,1,10,41.1005974295686,24,4.69615550724512,0,14,40.4137226833117,24,1.94895157129707,0,9,18.6353161916006,24,15.4096984874413,0,35,37.56372857751,NA,3.6385298509465,0,16,28.3503105655313,24,1.64145866133346,0,4,14.856695583469,24,15.0260699218453,0,72,35.745586608106,NA,"FT"
"413","US-xDL",4.47151891665991,0,3,42.4282138998799,24,6.61645267662945,0,37,67.743249366184,24,6.61879073898248,0,13,55.4750343653812,24,5.4990825630244,1,11,76.4478451275246,24,3.78739817545667,0,5,38.2260626050862,24,3.02342022012319,0,4,31.3393567680255,24,5.65832283609351,0,10,55.138790409551,24,2.80389395940511,0,3,12.9416390472347,24,20.4055727797396,0,15,48.6241419279493,NA,6.52454154558521,0,16,55.2896619660203,24,2.93752066018282,0,2,15.839711195657,24,22.9417293497496,0,15,53.2020799252906,NA,"GS"
"414","US-xDL",4.3654322669541,1,10,62.1611564768103,24,5.09366646255297,0,72,58.8148352114643,24,4.19952668703152,0,14,52.1771112813933,24,4.55532284869755,23,12,73.2282325842027,24,3.2619272255329,22,72,61.9645988145286,24,3.31662424751869,1,9,57.6319364599429,24,4.12432910589642,0,9,39.9117732328941,24,2.51382740697338,1,4,26.7004747614587,24,11.8213823464069,0,31,47.9964456703351,NA,2.80214890083368,0,4,17.0562513198928,24,1.87371844914503,22,4,9.20347911117445,24,9.29792944946381,0,3,32.2619702555075,NA,"NGS"
"415","US-xDS",4.76845284462702,0,8,56.2962780240601,24,9.44408674154279,0,14,59.5710031178062,24,7.02157927559371,0,13,40.9447713695781,24,5.38353485530943,0,5,48.1507891558016,24,3.81826555343835,2,5,49.813301420387,24,3.37128387156017,2,7,47.7151112055751,24,9.28348181413099,0,17,58.1581402013761,24,4.28012488410104,1,14,69.2154092761426,24,24.6400159132809,0,16,49.9294819965535,NA,6.48909669054971,0,16,36.5766670825578,24,3.03564209666729,0,13,53.2534916020083,24,24.0487338798421,0,41,50.2488731563259,NA,"FT"
"416","US-xDS",7.07759737998044,1,1,13.7939591402784,24,11.136245686554,0,14,77.6304028113913,12,9.29694144604436,0,13,58.5267031526922,24,5.89626205582997,23,2,5.89626205582997,24,4.04869530665667,0,4,43.8740904456749,24,4.04006950707033,1,3,35.7997293058431,24,10.560823588328,0,17,73.8279215018826,12,5.23374452182279,1,12,73.4210714189504,24,28.2586993958341,0,15,59.7235758998444,NA,8.74213909228653,0,17,57.4832717536468,24,4.30712609119699,1,9,67.1479339955011,24,27.9086075309504,0,17,61.3884355385893,NA,"GS"
"417","US-xDS",7.90809955968578,0,6,76.6644175604389,24,7.44127866230215,0,13,66.4868208960854,24,5.20308965683806,0,11,41.8529676339068,24,9.00983522465745,1,9,120.240719890277,24,7.13945336325517,0,8,105.077403015916,24,8.56398139797961,0,19,146.504917219244,24,6.73199765145404,0,7,47.6711182864364,24,NA,NA,NA,NA,24,14.3685342751382,0,6,38.2674961511469,NA,4.40876221584616,0,3,20.9330514385112,24,5.31626165667348,0,3,54.9167125469941,24,14.4665238160423,0,3,23.6374139784767,NA,"NGS"
"418","US-xGR",2.81602013303455,23,72,50.8765508141,24,7.23607727277104,0,72,56.6306908840684,24,4.90762430581824,0,14,35.1893300160921,24,2.54372977145977,1,72,43.0992365716436,24,2.28162587980538,0,34,35.2221061150496,24,1.49734124373143,1,2,10.8211586390613,24,5.6833491004039,0,13,41.3298335777884,24,2.06324048242961,0,72,33.1855590311758,24,22.531456943143,0,31,42.4348431788071,NA,3.90011897530642,0,8,25.2212898671289,24,1.47276165110982,0,5,21.4017692105347,NA,24.5287367557382,0,36,45.7811204024081,NA,"FT"
"419","US-xGR",3.00025931062657,0,7,45.1221848247384,24,9.19130738819614,0,8,65.7592865041869,24,7.74338545439127,0,9,44.7369260665662,24,2.82215369370187,1,6,31.8266535408634,24,2.73811550306486,0,5,29.4581133053394,24,2.31226466902662,0,6,18.7843663215039,24,7.86950728462056,0,16,63.2099772325023,24,2.62402916925105,0,10,31.2377416898813,24,31.1973983984234,0,13,64.1251351656183,NA,6.46864798797045,0,9,47.5380663674742,24,2.06525351770863,0,5,26.4268150928225,24,31.940843483656,0,12,67.6173330827517,NA,"GS"
"420","US-xGR",3.98670582015117,23,11,72.3718872146404,24,4.32239968321401,0,72,66.8204995706272,24,3.17428703409985,0,11,44.2179524205672,24,4.56879212863512,2,72,84.5349695732008,24,3.49389046841789,0,72,62.0273520478193,24,3.03850733533165,0,37,56.6537431238968,24,3.49738656696033,0,37,55.717433176482,24,2.84742789230882,0,6,41.4399162011764,24,20.2957273932672,0,31,54.3593619294823,NA,2.66487541410336,0,12,25.4581037500405,24,2.58304211082083,0,10,33.776746260188,21.6,21.5425377400564,0,34,55.9069414217916,NA,"NGS"
"421","US-xHA",9.26389356637775,23,8,79.9191670441908,24,5.57455802557783,0,72,58.1894737070272,24,3.71041707707776,0,72,31.2418318490771,24,9.84025908770795,0,8,109.025683182065,24,8.71777235998194,2,72,180.630668642259,24,7.68913805219418,7,1,119.358615843134,27,4.34938451544819,0,72,45.3281000890813,24,7.05117801661518,19,72,127.657125856596,27,12.4918239976659,0,72,32.5289732295705,NA,2.72727918161916,0,13,19.5905954332135,24,NA,NA,NA,NA,27,11.176168885649,0,60,30.2053401552849,NA,"FT"
"422","US-xHA",NA,NA,NA,NA,NA,6.069685593573,0,72,58.5408909708311,24,5.38391331962394,0,10,41.5161111833415,24,NA,NA,NA,NA,NA,NA,NA,NA,NA,NA,NA,NA,NA,NA,NA,5.24687573372571,0,72,50.074809399152,24,NA,NA,NA,NA,NA,18.4896666042207,0,14,51.8204646769484,NA,4.5023778006136,0,13,28.0055021312558,24,NA,NA,NA,NA,NA,17.6496200256793,0,34,49.5454245854471,NA,"GS"
"423","US-xHA",NA,NA,NA,NA,NA,3.72373100182856,0,72,51.9128439363642,24,2.92348881919418,0,72,41.5748252342885,24,NA,NA,NA,NA,NA,16.5137672334436,22,13,280.908243786089,24,14.9613169126652,15,43,287.184256532978,27,3.35623735356357,0,72,41.1405418255631,24,9.35100939809042,0,8,92.3272638637259,24,10.3549722467569,0,72,43.0999100277798,NA,2.19786549114793,0,6,17.4479715631911,24,NA,NA,NA,NA,21.6,8.42762535208635,0,72,34.3228870690071,NA,"NGS"
"424","US-xJE",2.5236382998982,1,39,39.9408342813106,12,4.50525485090499,0,36,44.7102232898957,24,4.27701517616826,0,30,38.2007997519554,24,1.95333487317176,23,8,28.2032741156898,24,1.3407736061514,1,5,18.8913335754163,24,1.61763826140309,1,10,24.9335417255496,24,4.07038008506626,0,72,40.4512898031039,24,1.34077789595582,0,14,22.9843578446533,24,17.2204907185134,0,72,39.8408014641716,NA,3.34551087010041,0,16,27.782287281482,24,1.5624661651415,0,14,24.2672164894056,24,15.6849589218601,0,72,36.2280373044887,NA,"FT"
"425","US-xJE",2.84907038861765,0,10,41.7039486087965,24,5.18095853382374,0,12,51.1328741103154,24,5.25343778838802,0,10,44.2163926976205,24,2.49965550165415,1,6,28.1267192243009,24,2.03562364237126,1,9,24.4952892615824,24,2.14087071242405,0,9,26.3512556020089,24,4.52912779759013,0,72,53.4303789509013,24,1.95388833262907,0,4,23.7323059009519,24,21.1796065858932,0,35,51.5157222764236,NA,4.72128784173212,0,11,40.6003812820278,24,2.10600215573214,0,9,31.8340823762281,24,21.8418973015327,0,14,49.85121166033,NA,"GS"
"426","US-xJE",4.7044165114716,0,15,62.2637844768939,24,4.34639050286277,0,13,55.8980815325036,24,4.74955223101082,0,17,51.6095913842595,24,4.4005633174761,0,14,65.9290240218412,24,2.91315303511218,0,11,40.7346556231178,24,3.13130072448847,0,11,44.6387141923733,24,4.04977979343864,0,8,40.6408811624999,24,2.49501792988372,0,5,21.5306284990054,24,12.9435956376429,0,32,49.2522623077702,NA,3.6225017350871,0,3,21.1651734891652,24,2.42304047396903,0,4,23.4688175098827,24,10.7768553715847,0,10,33.9169024075336,NA,"NGS"
"427","US-xJR",1.58298683811538,0,14,21.9017580442818,24,2.61283679953139,0,72,39.2349284698838,24,1.41990513020459,0,72,24.8890452389714,24,1.70419530562654,0,72,25.3540595485861,24,1.18654498949793,0,72,23.5703706097542,24,1.50980042371617,9,72,29.9753091837634,24,2.21277204976726,0,72,31.1172681053473,24,0.80371110175534,0,67,15.6470565745909,24,32.0370267632302,0,72,48.6383710105527,NA,0.903615106270862,0,42,14.3228057449674,12,0.801792929063341,15,72,15.6546801714238,12,24.5891019651701,0,17,36.0264766380497,NA,"FT"
"428","US-xJR",1.62441938683633,0,15,25.14706847087,12,2.4243756371248,0,72,37.157529139648,24,1.73042738186036,0,72,29.0528166861924,24,1.56283178888474,0,72,28.7602407114224,12,1.28772238372891,17,72,26.7844636002702,27,1.7391909131077,9,72,33.8675784209685,24,2.16083458266467,0,72,28.8493688427402,24,0.941011562809056,1,11,17.461964409371,24,34.7978603563704,0,72,53.718317491975,NA,1.13323687610872,0,18,15.458885993454,12,1.10190268488682,15,5,19.5119920357052,12,28.8930672123016,0,1,40.1229096253712,NA,"GS"
"429","US-xJR",2.26053469673039,0,7,22.8665764154953,24,3.1722247165939,0,72,59.5105528357475,24,2.92294643389322,3,72,58.9747551946845,24,2.6223405441807,22,19,45.2203465000345,24,2.77117354127027,22,72,53.1998766854642,24,3.12235333139129,8,72,66.7436342921306,24,2.16875034216692,0,9,35.501031234173,24,1.5777728892634,3,5,13.7166367382051,24,30.0418873703945,0,18,72.9861618969217,NA,1.89375184187226,0,4,16.5700601966966,24,1.68947685730285,11,3,22.8039474493679,24,25.0119313830666,0,1,59.1629506953551,NA,"NGS"
"430","US-xKA",3.3033180568562,0,72,59.4927914160685,24,5.08406301733205,0,72,49.0608775168102,24,3.2255342952032,0,72,36.585509215588,NA,4.52554504099763,23,72,69.2307746072777,24,3.05759507529038,0,72,53.4972353863129,24,2.59848873326485,0,72,47.7710548745469,6,4.31962281115933,0,72,41.3255681131318,24,1.95963869603041,0,69,36.0447555852771,27,19.5925150823968,0,72,42.7312105679436,NA,2.01827871968379,0,13,17.2289816961724,NA,1.26781261217458,0,2,3.49280915623691,12,16.2635918147114,0,18,32.8421011143021,NA,"FT"
"431","US-xKA",3.93604700876055,22,72,79.1789868014126,24,5.56643248858598,0,36,63.4523004911158,24,4.86927791133064,0,72,61.5745132824738,NA,4.13396020230763,0,35,80.0140884795864,24,3.29526858120307,0,4,56.0396786918296,24,3.2727759216552,0,14,62.1596843196746,NA,5.11127038724341,0,17,47.285189167352,27,2.75959897126032,0,3,15.2403078695768,27,26.9901704595506,0,16,63.4631419460094,NA,3.91896773245597,0,12,30.3497446180727,NA,2.33239145089162,12,2,11.3983296514818,21.6,24.0778319656689,0,9,55.2467366650453,NA,"GS"
"432","US-xKA",3.06948163697506,1,10,48.4511874995344,24,4.69757654744938,0,72,56.5583873864101,24,3.26722997010788,0,72,48.1349942396738,24,3.39184444808363,1,12,53.3190796094778,24,2.82298287797801,23,8,49.2014759433913,24,2.80997178795492,0,72,55.3629367358288,21.6,4.03066518480268,0,38,44.106003957708,24,2.045797056722,11,2,33.542781361727,24,20.0670644888157,0,13,49.5774958290187,NA,2.22588535048318,0,3,21.1798716026361,24,1.79335402559942,23,8,6.94606055576887,43.2,16.3312817329997,0,14,41.099465490706,NA,"NGS"
"433","US-xKZ",2.6969374604812,0,14,39.3371837055598,24,5.5066161059868,0,72,55.8853244308803,24,3.69629980388044,0,72,37.1363026574787,NA,2.69975898904713,23,12,29.6815848931788,24,1.66508440188371,23,37,30.9864917268052,24,1.76581177221211,0,72,36.8479511432784,24,4.54163381545515,0,72,46.1535477601948,24,1.26066583682955,0,6,8.98334698704153,24,18.3696842301964,0,72,40.916518543549,NA,2.09943996788864,0,42,19.800511250091,NA,1.01435279716012,0,4,12.3450673836422,24,13.6135052051046,0,40,31.1161205006222,NA,"FT"
"434","US-xKZ",3.66835780242527,23,11,34.4671915198801,24,5.88692527330998,0,14,61.3123948357698,24,5.98567884766033,0,9,58.5305865623832,NA,7.49745421379226,23,9,46.8599513957577,24,3.69705491363431,23,1,48.7378304649942,21.6,3.71619253962036,21,72,78.8846062988871,NA,5.25729065193665,0,11,47.3152404754711,24,1.92515165233479,2,1,1.92515165233479,24,23.5842832267817,0,35,63.7684352271705,NA,5.19917386921146,0,6,49.3452895101646,NA,1.86425963353096,21,3,14.6231033785011,10.8,22.3061014660682,0,17,59.5491241569618,NA,"GS"
"435","US-xKZ",4.0314151650218,0,38,54.4016034753763,24,5.50702574040797,0,72,63.4450077519744,24,3.75736558637039,0,72,47.7854025676865,24,2.99419312377908,0,13,40.9383205122541,24,2.18606879875626,21,13,36.4891443350982,24,2.59245655745444,0,72,49.0754140797474,24,4.4901094684986,0,72,44.0876041331783,24,1.65544261880459,1,2,4.75994853186541,12,18.4806193448752,0,72,50.1657677047682,NA,2.08231677024173,0,5,11.6376635411379,24,1.53459220454026,1,3,12.3355283297952,24,12.9221131752838,0,14,33.8836815349332,NA,"NGS"
"436","US-xMB",3.12937599568153,23,39,52.8757338841151,24,3.79793992447165,0,72,64.6018226761557,24,2.96839523657752,0,72,59.1604952529911,12.7058823529412,2.71580674705368,23,72,43.0721435503989,24,1.95421950073891,23,72,42.4277730804565,12,1.84625534032606,19,72,39.9444526654155,NA,2.6520478314129,0,72,42.8666183058336,24,1.86403882680122,1,72,40.0336571120649,12,33.0402569757663,0,72,55.4344113686462,NA,1.84685138526466,0,33,31.058079041585,24,1.38587454432933,15,72,27.6104664385977,12,23.8408111319607,0,54,40.7302120154091,NA,"FT"
"437","US-xMB",3.32987308861439,23,9,54.6127207156816,24,3.90609836866886,0,72,71.812733837259,21.6,3.2440519244721,20,72,69.5845695908532,12.7058823529412,2.95411555016403,23,15,39.1820520060534,24,2.13296130371242,22,72,47.1648104479095,11.3684210526316,2.18295098039219,1,72,47.3106484209072,NA,2.66315217173924,0,72,45.4283291126249,24,1.88847489280839,1,72,39.7317656027981,12,37.971961018033,0,1,64.4991255988889,NA,2.16972534150807,0,10,37.5883907717378,21.6,1.72607917702261,15,4,32.5871524589054,12,29.9149420420043,0,1,49.5505460788052,NA,"GS"
"438","US-xMB",6.83940042574713,0,7,52.7109978561016,24,6.53335086272162,0,72,105.566874384004,24,5.21954619056167,5,16,107.056291508768,27,5.17087254171631,1,5,45.003199457049,24,3.24127652237508,5,2,40.2085610259899,24,4.35481025453803,7,8,82.9164925582474,24,5.14432949313483,0,5,33.0911299812363,12,2.80595521213762,0,1,2.80595521213762,24,32.0087672565022,0,45,81.2428744475265,NA,4.11534758392161,0,2,11.192729069289,24,3.58773417272312,17,9,47.1325096720175,24,25.8443247551907,0,7,57.1002089524069,NA,"NGS"
"439","US-xML",3.3911071137208,0,62,50.0328355916842,24,6.73927241042838,0,72,62.5132377331924,24,4.83935119032643,0,10,36.4784152579627,24,2.97802597782247,0,14,37.7194619088239,24,1.76229176761315,22,72,30.0412277082493,24,1.24871169986237,0,2,18.1460972946214,24,5.35285110324219,0,13,46.6015253649858,24,1.67030804602565,0,38,31.0297666854995,24,10.7499699875029,0,61,31.4269624016661,NA,3.66322926418387,0,14,23.1618048521497,24,1.09105490705152,1,6,15.5443462561475,24,11.0077194893382,0,11,28.5133805421902,NA,"FT"
"440","US-xML",4.34316834322997,23,8,57.0793863683363,24,8.40807986721138,0,6,75.7301939528707,24,9.21057399321952,0,8,57.9109763426956,24,3.92201331513666,0,5,53.3970017504889,12,2.57053995595425,22,6,25.2168969294017,24,2.62537003564394,0,8,35.0589117783573,24,7.65593830621254,0,13,58.8937986446244,24,2.58599969998764,0,15,43.8712603911483,24,18.1795453660247,0,8,55.3153248508319,NA,8.05220450019161,0,14,54.8313709514095,24,2.38380295275551,1,9,33.1698480887036,24,17.7162861578381,0,11,49.5027574692277,NA,"GS"
"441","US-xML",3.02340224601617,0,35,50.0617640959103,24,5.36338610850853,0,72,69.3801558517378,24,3.07328105675325,0,8,32.2823389378513,24,3.20631924732571,0,12,44.8180293281194,24,2.79404795328595,0,11,51.6678983620355,24,1.72344621774268,0,8,25.5750982961613,24,4.50976135818721,0,65,56.8055910203608,24,2.44978095472276,2,72,48.5916327042972,24,8.0475196836101,0,12,32.8863225320508,NA,2.57996450986676,0,3,7.22105101593238,24,1.30516730762498,1,2,6.33550512104139,24,8.18355588895217,0,6,24.8618800502982,NA,"NGS"
"442","US-xNG",3.34958090726371,0,72,52.5323361892024,24,5.80516719872258,0,72,66.1676820655062,24,4.36944925273562,0,72,42.2225740660823,24,3.82998799132775,0,72,54.8096111729784,24,2.36648318095565,0,72,43.2743642950766,24,2.15301778769843,0,72,44.2069774617395,24,4.56722433770984,0,72,53.5372308760721,24,1.46478756423362,0,72,26.770064311164,24,18.5898794116418,0,72,42.8875877698597,NA,2.10882216071436,0,72,20.2059887273746,NA,0.944884748207717,18,11,18.3202108794379,24,12.6806746124143,0,72,31.1116547740543,NA,"FT"
"443","US-xNG",4.19519178109027,0,14,62.7432400158763,24,5.63629148638128,0,37,56.5496902913705,24,6.04760544167689,0,72,60.5089013098953,NA,5.32657734495278,1,72,80.5070717121102,24,3.31033985914735,0,72,61.1662022149336,24,3.02413670063581,1,72,66.9890669252331,24,4.55017454439147,0,72,46.7093435469723,24,1.76326465589404,0,6,18.5160905173155,24,25.3509433045637,0,39,64.5667267731843,NA,4.03045930416294,0,23,38.2262041077655,NA,1.48085720447721,5,1,7.26386979159167,NA,20.0984934547551,0,12,43.9520783809538,NA,"GS"
"444","US-xNG",3.55763285548204,0,11,41.362384898056,24,5.13907334146536,0,72,66.9805301254872,24,3.78130717958151,0,72,51.0288383448927,24,3.92614462226088,0,12,50.2759515015955,24,4.46962298609691,0,72,76.8238241093739,24,3.70967723460499,4,72,77.5233305744267,24,4.5182180416538,0,72,50.1369213818552,24,2.39034242391669,1,72,45.4705465864704,24,16.4686672277946,0,72,56.2174668660728,NA,2.29160864622127,0,4,18.9809373541708,24,1.69509205099232,19,7,16.7777409115743,24,11.1800871143338,0,52,39.661349399625,NA,"NGS"
"445","US-xNQ",5.58203606748724,0,72,110.834056609665,24,3.65878102379472,0,72,48.9531284045557,24,3.27114631792279,0,72,44.2559297872032,11.3684210526316,6.58364996879777,23,72,113.319027508641,24,3.93967199487589,20,1,28.6286962549111,27,5.12586659830337,13,9,83.8908716380535,21.6,3.32795334474273,0,72,40.9739894833038,24,NA,NA,NA,NA,24,30.732658378313,0,72,54.7691120657454,NA,2.20774305212508,0,8,24.4049289699813,12,3.56931923587465,12,2,7.05794053852457,21.6,22.3862864785095,0,14,38.6083951825428,NA,"FT"
"446","US-xNQ",7.18307948872523,0,72,130.32153983196,24,4.951296253207,0,10,70.8136290672977,24,5.6695865156499,0,72,81.23162287556,NA,9.00053927086343,2,72,163.143580454007,24,7.14630830341714,20,14,140.278088866398,27,7.76553553439964,11,8,133.151385799938,NA,4.11148757787882,0,12,37.0608665094448,24,4.91041916135565,5,2,64.726396415676,24,36.5729532098362,0,1,79.4877803299361,NA,3.73708340250363,0,7,41.3983044142596,12.7058823529412,4.78955715509757,5,3,32.1860889482654,24,30.5439232822007,0,1,65.5823054948505,NA,"GS"
"447","US-xNQ",11.3774270191797,23,3,73.5166557887121,24,5.67533363986293,0,72,94.4688700892375,24,4.11423359972897,0,72,72.512275975424,NA,NA,NA,NA,NA,24,NA,NA,NA,NA,24,8.95150246658143,11,1,26.0193842673331,NA,4.45950316733527,0,72,70.0914494119771,24,NA,NA,NA,NA,24,30.0929696871035,0,72,66.0764459404746,NA,2.55190165655373,0,6,32.3747599004882,12,NA,NA,NA,NA,NA,20.9817145113801,0,8,42.5189998260521,NA,"NGS"
"448","US-xRM",2.16058028483029,0,15,33.9545035003384,24,4.73755783908026,0,72,39.0994057398085,24,3.94679204022587,0,72,29.573175111506,NA,2.29819590614397,0,31,38.0062956807486,24,1.63603060152053,23,7,33.1681572592191,24,1.68795030828243,22,72,34.5182381245054,NA,3.96136449241223,0,72,35.4232292890387,24,1.19775113542902,0,15,20.6167897247596,24,29.9420499892188,0,72,50.5692408522155,NA,2.39171759343726,0,9,19.5938260781737,24,1.05151072911256,14,2,7.95055994773293,36,25.2683255842613,0,63,42.0525667142245,NA,"FT"
"449","US-xRM",3.64182984969763,0,11,44.8419643762954,24,5.83447437286118,0,10,45.0592400000337,24,5.31322835599572,0,5,43.2200618914831,24,4.12605049675892,0,72,72.6496078662989,24,2.92693367656689,0,5,53.4680301864347,24,2.78013082161019,1,4,54.1159061258921,24,4.56074113135814,0,10,32.7432039835084,24,1.93972331813519,0,10,22.8205402735345,24,35.0344531587387,0,1,66.4611153528199,NA,3.79187903680451,0,8,22.908860948558,24,1.69943516463894,13,1,5.05005550753358,24,31.6325211292784,0,1,46.5283413729826,NA,"GS"
"450","US-xRM",2.35189810238309,0,38,43.8160330601771,24,3.20759668307098,0,72,34.2371479586124,NA,2.94287785435046,0,22,31.2764661431599,NA,3.03890781997694,1,39,56.8396659999532,24,2.53343000671628,20,9,48.1681366298417,24,2.53093097342565,20,48,51.5992408954319,5.02325581395349,2.85689564079398,0,40,32.77570254915,NA,1.94502122450086,1,4,19.8850022472633,24,29.8740024204216,0,50,56.9185742210661,NA,2.2957273062322,0,8,20.3938007275352,NA,1.80901549318965,14,1,13.3168168192314,NA,28.4675042833605,0,10,49.8549505252338,NA,"NGS"
"451","US-xSB",3.40237118587463,23,14,50.7774669794371,24,6.02235325872296,0,38,58.6367064285696,24,5.23800812176837,0,13,43.3294335684881,24,3.73484606036939,1,62,59.5288490032199,24,2.57704644257285,0,36,41.3273338267207,24,2.50174578101671,0,11,36.5759112085713,24,5.51910875299151,0,72,53.0928867996029,24,2.09662664445444,1,9,32.449912258769,24,17.6429766828746,0,72,42.216383894246,NA,4.43435667332286,0,17,40.7476334865422,24,1.94142922560914,0,8,19.9946522840402,24,16.043860848323,0,72,39.8975485861663,NA,"FT"
"452","US-xSB",4.21325105659943,22,15,58.6757242208663,24,6.33227131407117,0,14,63.0220685608482,24,6.13618606920829,0,6,46.6551340448261,24,4.98129800173582,23,16,74.2309004127078,24,3.46674858634142,0,40,54.1796201292869,24,3.02403777023589,0,10,38.6548493386637,24,5.97592128998392,0,17,64.1460987566298,24,2.831874127472,0,7,38.7955424775821,24,20.1721091690033,0,16,51.3275929266245,NA,5.66932998633238,0,16,53.1005863686735,24,2.83238456599251,0,9,28.3926359266482,24,20.0872890669797,0,72,54.0130178855032,NA,"GS"
"453","US-xSB",5.53288264050431,1,6,50.3683681404184,24,6.66772451082275,0,12,75.1609082338672,24,6.07402227723752,0,12,63.7640490494367,24,6.89940898705379,23,9,84.9404370977645,24,4.95284314649012,23,8,92.3067978545195,24,5.44880004141836,2,36,107.166729589539,24,5.99947069545102,0,9,61.4652204164211,24,3.45130351131026,23,5,28.4524667971375,24,13.4028920726279,0,13,48.4857633606079,NA,4.61018422508312,0,3,21.1924683317783,24,2.71956432650664,0,1,2.71956432650664,24,11.4127959277379,0,8,34.7443747430379,NA,"NGS"
"454","US-xSC",5.50306525207475,1,72,102.099658503049,24,7.01408435089646,0,72,99.1994051554292,24,5.32309447132628,0,72,75.9148547067412,24,4.69559499623865,23,72,81.7052815026277,24,3.91365634316018,0,72,72.3504884467138,24,3.35965438867551,0,72,68.2229032767311,24,5.77653348925736,0,72,77.5511560162692,24,3.37629016161725,0,72,62.7101861687531,24,22.9061417855355,0,72,53.3678123876503,NA,3.49179323923761,0,12,33.8416179757853,24,2.83615860632508,0,72,55.6047254924692,24,20.488430911148,0,72,48.4535093501471,NA,"FT"
"455","US-xSC",6.99605106526075,1,72,133.747823152588,24,8.58957460447334,0,32,132.421854156595,24,7.45827076672302,0,7,98.694641816481,24,6.05979776576912,1,10,91.4622984083037,24,5.27076717686508,0,72,99.9041611441333,24,4.91085212140605,0,72,98.0520870344621,24,7.10696138708426,0,12,76.3130621181731,24,4.34908959222193,0,41,83.9081233531131,24,28.9059945528499,0,63,75.3898738050216,NA,5.76808395128917,0,10,49.6502918022211,24,4.49507165669064,0,40,85.5384143641757,24,30.161840782958,0,72,78.1451540952728,NA,"GS"
"456","US-xSC",7.43230393130605,2,8,118.106007898859,24,5.70423650800485,0,15,89.4138925274441,24,5.5035895134884,0,10,69.9029275967074,24,6.82090507541874,0,10,105.777037950299,24,4.66219902749464,23,3,53.1692859936721,24,4.6943070627775,1,1,35.6957563040504,NA,5.32699906166798,0,8,76.4563858253562,24,4.20769298409861,2,7,48.4459833635327,24,20.1406950734152,0,72,68.8347780210074,NA,4.48474963330673,0,3,24.8834149960237,24,NA,NA,NA,NA,24,15.5383912363796,0,8,44.7437062721356,NA,"NGS"
"457","US-xSE",3.17212414400639,0,72,48.8377103759166,24,6.28755916864928,0,72,58.7349050384867,24,4.55309559408228,0,72,40.8153338694077,24,3.68909021992398,0,13,53.3300477115401,24,2.56456935900053,0,72,47.1685735800869,24,1.75261148309093,23,9,35.534829874723,24,4.71570779685769,0,72,44.5829728855732,24,1.95045083062253,0,72,33.2602782837416,24,17.7118555774905,0,37,38.0295589557583,NA,2.94994364738017,0,12,21.4404519746588,24,1.24806126928964,1,12,18.2216114413931,24,16.2971349569841,0,72,36.5111705098174,NA,"FT"
"458","US-xSE",3.32773239788081,1,14,52.6001848149852,24,6.45966877575989,0,37,69.7746960304479,24,5.89791043325212,0,9,52.0141930350098,24,3.95035441925013,0,7,56.5960343585021,24,2.64718114702593,0,8,47.2636821620164,24,2.57663265437072,22,72,48.0188909811502,24,5.11163527869922,0,13,47.0746244925399,24,2.1146768779479,1,11,25.5313678811591,24,21.8599545716022,0,11,47.349249213413,NA,4.62508262172025,0,11,32.6550410344094,24,1.76910387336346,0,13,25.0620119787886,24,22.4145190363627,0,15,52.7100388717871,NA,"GS"
"459","US-xSE",3.08208259549026,0,34,55.0962459000118,24,5.09658326117281,0,72,58.4696887461717,24,4.36217829230316,0,57,52.7835479270129,24,4.27556137823521,23,72,77.5001126878424,24,3.91585379898686,18,72,77.0636114038123,24,3.81296226159407,23,72,74.7248995355312,24,4.23327280795277,0,12,39.997621116536,24,2.1095620099929,2,11,35.7157231235715,24,15.4240607551392,0,35,49.2923693034895,NA,3.07719057237012,0,6,23.7017072053763,24,1.8742059373971,2,4,14.0516525490608,24,12.8295574322106,0,29,41.4394950217851,NA,"NGS"
"460","US-xSJ",1.91210779425312,0,6,23.6024171748852,24,2.26651804251086,0,72,41.2587033888612,NA,2.13823141704268,0,72,42.9687661837356,24,2.5609571625018,2,14,37.2880938966189,24,2.22832242653436,9,72,47.3190973291752,24,2.06933723186074,9,72,42.3262296362944,24,1.76469656474825,0,72,31.9965359159689,NA,1.26131691124995,16,72,25.6916867580496,12,29.9116337560698,0,1,56.0792085621076,NA,1.62255182005957,3,18,31.8965402340675,12,1.1944592137457,16,6,19.0363613757176,12,28.1061404109519,0,1,53.2841892222951,NA,"FT"
"461","US-xSJ",2.52581125833396,22,5,12.1361066525455,24,5.04989256025666,0,8,76.8673472174333,NA,4.5381316277978,0,1,75.4081708859897,24,4.66948393426153,1,1,28.7161541575813,12,2.89437751399124,18,35,59.5464980116616,NA,2.75564709940898,9,6,45.9217948388591,24,3.89127593415261,5,2,47.8657260197335,43.2,2.21836823216041,16,4,32.5925462592054,NA,30.7875090315754,0,1,73.4693196630321,NA,3.70362833543788,0,2,40.9899760022818,12,2.38391272705723,16,2,12.8777911911125,24,29.5339701190095,0,1,71.6415007860398,NA,"GS"
"462","US-xSJ",2.59372961291155,1,12,36.4829531055452,24,2.74543673935241,0,72,57.60862241347,NA,2.72871256023098,9,13,54.0079544778547,24,4.02988735119793,22,17,57.5441436388204,24,2.72390013155268,10,72,59.415050776327,24,2.77175024707003,8,72,55.3001056315826,24,2.13522050045453,0,72,43.1510345500152,27,1.50125119521967,15,72,32.1478606783585,12,31.5456693768034,0,1,66.6417467527244,NA,2.05571736831259,15,9,41.7543102388602,12,1.56442394302844,16,4,24.4697970061426,12,30.049112491414,0,1,64.7687671439813,NA,"NGS"
"463","US-xSL",2.12961892772775,0,72,30.3942815170728,24,3.93494016794778,0,72,44.2058027163995,24,2.39540241308613,0,72,28.2876764991755,24,1.92718405617855,23,42,27.0651161256143,12,1.10715501487581,23,72,18.1572625383674,24,0.882799308176295,0,72,17.680178688571,24,3.25901522717114,0,72,35.7881602391295,24,0.917705838808392,1,72,16.2511495341545,12,22.5217180502088,0,72,40.2432380317572,NA,1.44125834257036,0,14,14.2881916161185,24,0.60388726819177,0,16,11.7633995921646,24,16.7571365449594,0,38,29.254539096889,NA,"FT"
"464","US-xSL",3.43385170533499,0,8,41.6379941333199,24,3.73147134869887,0,8,43.735809626235,24,3.45572261863628,0,12,45.8646227626322,24,3.86664723940885,23,40,50.4756350405671,24,2.22075858073805,23,72,36.3354665047413,24,1.81791268823519,23,31,37.2354198991957,24,3.50153296436708,0,72,43.1050816293285,24,1.68772093412707,0,21,29.629878045077,24,28.0836612243624,0,42,60.404592857271,NA,2.84780323410313,0,15,32.271061107717,24,1.22392041947386,0,15,20.7343809939391,24,24.4619757579733,0,16,49.4834147590041,NA,"GS"
"465","US-xSL",2.68673057740956,0,72,38.0766365659306,24,3.07038346328109,0,72,42.1951131311011,24,2.65374314422392,0,72,34.1955292045622,24,2.63920865369593,0,72,37.5526909010294,24,1.21420086504532,23,72,22.9767146389202,24,1.24238491698469,0,72,25.8754187476866,24,2.65116370024028,0,72,32.4555039395033,24,1.00507913564255,1,72,18.422143214719,12,24.8404573082457,0,45,46.8834697981108,NA,1.77861006126387,0,4,12.6239853226581,24,0.814975933275043,0,10,14.7172288138748,24,18.7220158727164,0,28,35.4010151884007,NA,"NGS"
"466","US-xSR",3.14535330421035,0,72,45.1570007392161,24,2.96301978114312,0,72,43.961375096212,24,2.32159463947978,0,72,37.3652296047748,24,3.37769107723223,0,18,45.6967652974517,24,1.77960038605476,0,29,37.2104732822861,24,2.10733809508143,4,72,45.3952801241528,21.6,2.63528818349917,0,72,35.4409896064684,24,1.36810773296854,1,16,26.3426560312909,24,36.8320507691622,0,72,56.5107098166234,NA,1.72594834061541,0,72,25.2831150687303,24,1.45755035722074,4,72,31.5975412058524,12,30.7080229642832,0,17,46.9433814301289,NA,"FT"
"467","US-xSR",3.35592869921273,0,14,44.7693828009334,24,4.02186243722783,0,72,57.9331792499585,24,3.33637650733433,0,72,55.8831120226798,24,3.51097156766511,0,6,27.6844141895991,24,2.49157969080771,0,6,37.333903899939,24,2.82700060989597,10,6,53.9384533539901,8.30769230769231,3.54000201503163,0,72,48.11053564568,24,2.09799253757775,9,3,29.2700425669291,24,41.6767440649445,0,1,70.0502932721058,NA,2.73240144496269,0,67,42.7617636494126,24,2.118914029331,13,6,42.3859493869894,12,37.2871575831891,0,72,63.4774250955992,NA,"GS"
"468","US-xSR",4.90013002868914,0,13,73.2738461817477,24,3.05810281922858,0,72,55.2596772209164,24,2.64298241594112,0,72,52.3072885355481,24,6.58582942118873,0,6,72.5803227352313,24,4.7891283175918,22,72,92.0456066655146,24,4.1030702176901,7,41,84.8843507375076,NA,2.36184354097717,0,10,31.3520928057973,24,3.03529892091347,1,10,53.6410211526271,24,38.496213976754,0,18,72.7434675595711,NA,2.01272675399711,0,6,20.6135958699443,24,2.99099077247452,17,11,33.9604958003527,24,36.952578101989,0,1,67.1709467916185,NA,"NGS"
"469","US-xST",3.36370772719679,0,72,50.0137253522728,24,8.6839681125173,0,72,79.283337076725,24,5.41784777318575,0,72,44.6211589257354,24,3.47804379232778,0,13,45.777307145477,24,2.63268192099349,21,72,43.9235080319043,24,2.27533860509871,0,72,41.4378533913959,24,7.8020244623806,0,72,71.2770996206564,24,1.95785659085916,2,72,35.2367186052801,24,17.0196804466584,0,72,44.5258680846249,NA,3.31146969152181,0,72,25.9807005601639,24,1.31383809947052,0,4,15.9252046357295,24,11.5582273259076,0,72,36.3529312359887,NA,"FT"
"470","US-xST",3.08945881513268,0,13,43.9375415043686,24,8.36045878391565,0,12,57.0487116028412,24,7.61008094193204,0,34,57.1754492072704,24,2.83215460049077,0,6,42.4035402179319,24,2.34549225885615,22,6,31.298758186726,24,2.37447051209483,3,1,30.051917171202,24,7.9632451803283,0,16,51.707513954508,24,1.99872772938527,22,8,21.4825579577728,24,23.9209798026444,0,15,59.0624605079062,NA,6.52757841982378,0,10,34.2510946311127,24,1.9298018724077,1,1,5.48870986304945,24,21.0657829329447,0,13,54.6235116709334,NA,"GS"
"471","US-xST",3.40692120658336,0,11,44.9908376712588,24,5.23598901125326,0,72,54.2635801332278,24,3.32501994076326,0,72,41.6945524263484,24,4.12795323691315,23,11,58.9064390523404,24,3.29292924768882,23,72,60.7418090577322,24,3.80839825756824,3,72,71.5392370335248,24,4.76188798146873,0,72,47.3487250147478,24,1.96838317509167,4,12,36.6463777286515,24,13.851495425526,0,72,46.8761150680899,NA,2.18164549610639,0,6,16.3876298147107,24,1.86218140777355,21,5,13.1192393069736,24,8.62222415315329,0,10,28.164186873553,NA,"NGS"
"472","US-xTA",3.43092546057859,0,61,53.5655320740973,24,4.45083272022748,0,72,40.7710236832506,24,3.67988077554614,0,30,31.1875416342756,24,3.19024384829213,0,14,48.9296091956369,24,2.60983971918124,1,72,49.3584081309622,24,2.48092569566656,1,10,38.7854371179624,24,3.62999972896855,0,72,34.5284310044865,24,1.83993173817254,0,40,35.9034905287843,24,17.2400608926809,0,72,37.1485980013456,NA,3.08051076686313,0,15,21.988230506374,24,1.71757846930123,1,4,19.966074531706,24,17.7769842744961,0,72,38.6736460968173,NA,"FT"
"473","US-xTA",3.53048118620121,0,12,48.4587491847825,24,4.56181659204734,0,55,45.004479856699,24,4.38832382335985,0,10,33.5523718483505,24,3.6212084461314,0,15,64.8846085692839,24,3.16833500366798,1,56,60.8740308395013,24,2.82839820373139,1,5,43.5517967941718,24,4.02544256487962,0,42,40.3457190174515,24,2.37303733847742,1,10,34.1994331963152,24,23.2498478204385,0,35,51.489299901767,NA,3.93442206064163,0,14,28.6427528007986,24,2.24078974030975,0,4,23.737522057032,24,24.7401417867907,0,72,54.0979465032385,NA,"GS"
"474","US-xTA",5.90642077773376,0,11,71.6611363230118,24,4.47141396076463,0,72,62.4463664620766,24,3.52705914932544,0,44,47.5315591890149,24,6.51728551059997,0,7,56.6367565652561,24,4.99493639239022,2,13,91.6753804651937,24,4.02190227139295,4,2,45.5591662106166,27,3.60352723433103,0,34,46.4741484505955,24,3.91477736297514,0,9,48.2268199268552,24,11.989897028034,0,37,44.3283125021165,NA,3.05141588353722,0,4,27.5471258516716,24,2.63457993532384,0,1,7.77840703085598,24,12.3587246155188,0,11,40.8833640810325,NA,"NGS"
"475","US-xTR",2.92058209410446,1,72,49.1203010751839,24,7.91642710472846,0,72,77.0706029966695,24,4.67334182577897,0,72,39.3823222486025,24,2.46889855996248,0,72,41.1944657568312,24,2.03749932447776,0,72,36.2103501991135,24,2.1723382474792,0,40,39.502111588614,24,6.82994193779658,0,72,71.2797338302915,24,1.88483223157619,2,72,33.8455011242889,24,16.8500122124677,0,72,46.3668433103026,NA,2.89656217814942,0,72,25.3500145064326,24,1.40664286850349,0,5,12.1323574423062,24,11.5415148586042,0,72,38.0564031967771,NA,"FT"
"476","US-xTR",3.84135603386285,0,13,59.6734467323754,24,7.33741464774415,0,13,59.9335377282696,24,6.72473528517507,0,12,53.2005643348013,24,4.19272814449754,23,15,72.1530046849656,24,3.44798758280212,0,15,60.5968524802991,24,3.73840152237066,0,40,72.197999022006,24,6.80029785146829,0,16,54.2692845233762,24,2.67708012481453,0,5,20.9087139741177,24,22.9410541010179,0,13,61.4784617830902,NA,5.53333042516034,0,11,34.6983648971531,24,2.40571975375308,0,3,10.9580378687695,24,20.4998114401661,0,14,57.2540888409508,NA,"GS"
"477","US-xTR",4.22971216735744,1,8,50.9561559280866,24,6.0013895269135,0,72,70.3643625332345,24,3.7036243773792,0,72,46.2775657802074,24,3.84146056165279,0,12,50.1809956780807,24,2.49289587146246,0,12,44.0631781549829,24,3.12586467284039,0,63,59.3276924588258,24,4.85045794424569,0,72,54.6440425475134,24,2.22916269037834,2,3,18.4634057561219,24,13.2540685541849,0,72,48.7454253971787,NA,1.95568469446716,0,7,18.2083742576414,24,1.84219802101048,0,2,8.22385829389381,24,8.46146205739313,0,29,34.1344753339002,NA,"NGS"
"478","US-xUK",1.96643283884686,1,12,32.7858225702114,24,5.01796123682378,0,72,50.3050666002256,24,3.09000744716265,0,72,33.3948074491702,NA,2.92026967962462,0,8,33.4113988053751,24,3.02337304480098,0,72,58.8442545088164,24,2.61440120095232,1,72,49.8930072975782,24,4.35533638410816,0,72,42.7245614514453,24,1.5945972622805,1,72,30.9640901727754,24,16.1029559193816,0,32,35.4948128817405,NA,2.00847025842798,0,72,21.4441660583554,NA,1.02085896383189,18,1,3.94971964726747,NA,14.5989210218342,0,72,32.143109103762,NA,"FT"
"479","US-xUK",3.86403925044594,2,2,24.8578185927831,24,5.73502328590693,0,29,64.3700395399008,24,5.20441297744201,0,35,59.5635157401345,24,NA,NA,NA,NA,24,4.25263013101027,0,51,82.7191167467371,24,3.56023168632322,7,7,71.5967432887384,27,5.01377914693153,0,8,34.2970565109123,24,3.04835793006779,0,11,57.7432917795418,24,22.987405726991,0,16,54.7020953134165,NA,4.13035289334851,0,10,39.5530821297858,NA,2.40274805902669,0,2,24.6778072568477,NA,22.0923752920472,0,12,49.4598869628801,NA,"GS"
"480","US-xUK",1.69680643898975,1,2,6.46962059793228,24,4.87896734347458,0,72,60.9925994600025,24,3.27967780657006,0,33,38.3306487655919,24,4.11742703472019,0,10,62.8436312374224,24,4.71197884577731,22,72,89.9242505869511,24,4.34386672669083,4,72,84.320727753588,24,4.28638954393184,0,72,50.8854113884493,24,1.8127640299374,0,10,26.7044555306788,24,15.6020596642071,0,32,45.5652512696713,NA,2.26997260477851,0,3,18.5613935530584,24,1.16093451994528,0,1,1.16093451994528,NA,12.7488165419569,0,27,35.4376817920864,NA,"NGS"
"481","US-xUN",2.71697746914826,0,12,32.5585351560998,24,8.18602540155352,0,72,80.4227870176017,24,4.26889841613243,0,72,35.4088987114172,24,3.13141354008934,0,10,37.4851496385315,24,2.75910926843393,0,72,46.6015872774778,24,2.20324117508574,0,72,36.8832001882088,24,6.1187030624711,0,72,65.0620856327061,24,1.6395872326116,0,72,28.6257147776435,24,15.3729974511569,0,72,40.1769360614633,NA,2.74671207584052,0,37,23.6167801539383,24,1.01331289962955,0,5,8.1736422124484,24,11.5106696662658,0,72,35.1101650561395,NA,"FT"
"482","US-xUN",3.07957460360237,1,5,31.59968340205,24,7.03557365632621,0,12,55.6547306598529,24,6.09079109178984,0,11,41.4582331049062,24,3.65790770588402,0,6,57.8510159857644,24,3.0100325008466,21,9,47.5514121399615,24,2.9048659449405,1,3,47.36408473735,24,6.14189561719409,0,11,42.7371295377218,24,1.79916999342786,1,1,3.57753613892938,24,21.1019715492383,0,36,58.5007732533326,NA,5.36837033896689,0,11,32.55708578975,24,1.87631894381493,0,2,3.66152316458924,24,20.3018015329132,0,14,57.1157888159364,NA,"GS"
"483","US-xUN",2.76242284050778,1,10,30.0834880142111,24,4.31434112383446,0,72,61.0431786236115,24,3.11729263842143,0,72,43.0910832476725,24,4.58428177346066,0,13,54.8816540177187,24,3.05301208966985,0,72,54.6117480486534,24,3.13080907732806,0,72,54.3876854573273,24,3.69755802840873,0,72,48.1147965826785,24,1.70803742641712,0,15,28.011672424457,24,12.5965727245419,0,72,43.7991864437982,NA,2.01126926032972,0,13,23.0619555713577,24,1.25775476484606,0,3,6.50402002877946,24,8.9964431830214,0,35,32.7436057953833,NA,"NGS"
"484","US-xWD",1.76259699308755,0,72,26.2807968654489,24,6.6393533743442,0,72,75.799772512496,24,3.47804320181682,0,72,29.1797395483819,NA,1.66180469636505,0,72,24.1132424572527,24,1.3795327222621,0,72,25.0275486524866,24,1.00681748093563,0,72,19.6002944538378,NA,5.24042169766672,0,72,65.0098138648024,24,1.06637321432295,0,72,19.5035647563098,24,15.2881638808323,0,72,33.6619363730672,NA,1.82258751599463,0,43,15.2885467278244,NA,0.557720580789091,0,27,12.0656110905905,NA,10.4841219372268,0,72,23.4440664576676,NA,"FT"
"485","US-xWD",1.96288102012011,0,10,29.5580891069333,24,5.14328535151872,0,72,50.3686813304739,24,5.06644660894525,0,72,46.8476561347219,NA,2.0554815528139,0,14,34.8044927492909,24,1.92955601110978,0,58,37.7229112089867,24,1.78570010587855,1,57,36.2850176151419,24,4.36523872350045,0,44,42.1721429741352,24,1.60436194648237,0,11,26.4896628462009,24,22.1496198451569,0,31,54.1585044344679,NA,3.9875094378119,0,15,32.2760673936178,NA,1.27632309009168,0,5,18.1047769177887,NA,20.1806290463873,0,40,49.2868604581828,NA,"GS"
"486","US-xWD",1.89210479019298,0,62,31.241225367124,24,5.83111070270267,0,72,75.5482900619615,24,3.02826494936838,0,72,36.7738461615374,24,2.11775825847173,0,61,31.2906806666808,24,1.38754685292196,0,72,27.6415434272375,24,1.48926628946051,0,72,31.4916687290973,NA,5.35659826265411,0,72,64.1366445568376,24,1.08809295986371,2,72,21.8902563665278,24,14.6232133899493,0,72,41.7982962340262,NA,1.72170726732841,0,4,12.6573203531736,NA,0.758790491567517,15,13,15.0676583129741,21.6,8.83665957082987,0,28,26.3280452508312,NA,"NGS"
"487","US-xYE",2.51505032489781,23,14,44.2321740162494,24,5.7815583035363,0,72,66.3658659074551,24,3.81974355845843,0,30,42.2931248447571,24,2.01982771578316,23,16,35.0278069283084,24,1.90074890990051,13,72,41.6551709948356,NA,2.51547700641574,13,72,47.7594681785626,24,5.4891520310858,0,72,60.7209406550744,24,1.43460067074312,2,72,30.4910460760914,24,21.6654978944364,0,72,51.4900290727982,NA,2.90702037077236,0,16,29.896429501256,24,1.73899730186746,10,72,35.0040475253851,24,18.7658906293919,0,72,44.416264083985,NA,"FT"
"488","US-xYE",5.04317393039043,22,8,40.4374989029755,24,6.50265205690637,0,6,66.8327497763324,24,6.42028283626332,0,6,65.9807564489363,24,7.09229806203539,1,13,123.766620785907,24,5.90032466286822,21,72,118.591954366057,24,5.77878123744093,20,72,117.108632125672,24,6.57796452310414,0,14,76.68088909036,24,2.863704799269,2,10,40.9395669309718,24,33.5574033860898,0,31,99.0515022850629,NA,6.39788323615329,0,14,67.051091534543,24,2.92136122009958,6,11,49.2558511529423,24,34.6893438646226,0,13,85.0778788197114,NA,"GS"
"489","US-xYE",3.30509798454506,0,16,57.0589178824705,24,5.27970512040507,0,72,70.2729994373146,24,3.25628144263278,0,10,42.2913860586421,24,2.60464648040573,23,10,41.0112522163605,24,1.82464821143139,14,1,18.8156608449498,12,2.56756702073611,14,72,50.7475005003043,24,5.13007233905696,0,72,62.1425600185916,24,1.74147538562507,12,5,32.4482205105031,24,19.533014264528,0,72,52.7330754066526,NA,2.80450203383963,0,15,32.711638226059,27,2.44974832790269,10,72,47.0590204968869,24,17.413341205982,0,72,45.85436987988,NA,"NGS"
