"","Site_ID","GS","pTE_psi_to_ET","plag_psi_to_ET","aggTE_psi_to_ET","mem1_psi_to_ET","mem2_psi_to_ET","mem3_psi_to_ET","mem4_psi_to_ET","mem5_psi_to_ET","pTE_VPD_to_ET","plag_VPD_to_ET","aggTE_VPD_to_ET","mem1_VPD_to_ET","mem2_VPD_to_ET","mem3_VPD_to_ET","mem4_VPD_to_ET","mem5_VPD_to_ET","pTE_TA_to_ET","plag_TA_to_ET","aggTE_TA_to_ET","mem1_TA_to_ET","mem2_TA_to_ET","mem3_TA_to_ET","mem4_TA_to_ET","mem5_TA_to_ET","pTE_ET_to_psi","plag_ET_to_psi","aggTE_ET_to_psi","mem1_ET_to_psi","mem2_ET_to_psi","mem3_ET_to_psi","mem4_ET_to_psi","mem5_ET_to_psi","pTE_VPD_to_psi","plag_VPD_to_psi","aggTE_VPD_to_psi","mem1_VPD_to_psi","mem2_VPD_to_psi","mem3_VPD_to_psi","mem4_VPD_to_psi","mem5_VPD_to_psi","pTE_TA_to_psi","plag_TA_to_psi","aggTE_TA_to_psi","mem1_TA_to_psi","mem2_TA_to_psi","mem3_TA_to_psi","mem4_TA_to_psi","mem5_TA_to_psi","pTE_ET_to_VPD","plag_ET_to_VPD","aggTE_ET_to_VPD","mem1_ET_to_VPD","mem2_ET_to_VPD","mem3_ET_to_VPD","mem4_ET_to_VPD","mem5_ET_to_VPD","pTE_psi_to_VPD","plag_psi_to_VPD","aggTE_psi_to_VPD","mem1_psi_to_VPD","mem2_psi_to_VPD","mem3_psi_to_VPD","mem4_psi_to_VPD","mem5_psi_to_VPD","pTE_TA_to_VPD","plag_TA_to_VPD","aggTE_TA_to_VPD","mem1_TA_to_VPD","mem2_TA_to_VPD","mem3_TA_to_VPD","mem4_TA_to_VPD","mem5_TA_to_VPD","pTE_ET_to_TA","plag_ET_to_TA","aggTE_ET_to_TA","mem1_ET_to_TA","mem2_ET_to_TA","mem3_ET_to_TA","mem4_ET_to_TA","mem5_ET_to_TA","pTE_psi_to_TA","plag_psi_to_TA","aggTE_psi_to_TA","mem1_psi_to_TA","mem2_psi_to_TA","mem3_psi_to_TA","mem4_psi_to_TA","mem5_psi_to_TA","pTE_VPD_to_TA","plag_VPD_to_TA","aggTE_VPD_to_TA","mem1_VPD_to_TA","mem2_VPD_to_TA","mem3_VPD_to_TA","mem4_VPD_to_TA","mem5_VPD_to_TA"
"1","US-A32","FT",1.53325283612465,13,30.1031434894866,43,43,30,69,43,6.25984213201445,0,64.8703036470037,36,36,36,71,36,4.7768205863252,0,53.088304792246,33,33,33,70,33,3.50682620290726,14,64.8614567458148,72,73,72,72,72,4.04599274672993,0,70.5577175431578,72,73,72,72,72,3.9001614029781,0,58.6332221595015,72,73,72,72,72,5.59588870962371,0,47.4120266880852,15,15,15,61,15,1.32766301060681,0,24.3482735656679,52,52,52,68,52,21.5013936528111,0,56.7926749675693,4,4,4,60,4,3.61513083144801,0,11.9442469214634,6,6,6,13,6,1.04203053189587,0,2.72619866924574,2,2,2,8,2,17.2292587192966,0,39.1624237473771,1,1,1,36,1
"2","US-A32","GS",1.69305810243116,13,29.0504945375363,21,21,8,65,21,6.45293982496518,0,66.0249434517365,36,36,36,71,36,5.13524903103132,0,55.2846726607548,13,13,13,68,13,2.1648146634959,0,40.6784244568219,72,73,72,72,72,2.29560945678841,1,40.8624755076808,72,73,72,72,72,2.20286514568114,0,33.1941280760173,21,21,21,71,21,5.72206618122351,0,45.6193747519671,15,15,15,56,15,1.39446999604835,0,24.6366006394641,4,4,4,58,4,22.5367370699159,0,56.6081301818398,4,4,4,54,4,4.10310914424113,0,17.3624793505703,6,6,6,13,6,1.32570570777384,0,4.4405576829857,2,2,2,10,2,18.7502621545903,0,47.612580193156,1,1,1,39,1
"3","US-A32","NGS",5.62583897019035,13,90.5145124648678,1,17,11,57,24,9.27419546198648,16,146.667926827594,5,17,13,45,29,9.67203050177148,0,187.647542975912,9,9,9,67,9,4.57007461951337,13,4.57007461951337,0,1,1,0,14,9.59365650666764,5,109.148695048305,14,14,9,53,14,10.6996783623499,2,205.363065838873,14,14,12,70,14,7.95008899238394,0,84.9963023572473,11,11,11,32,11,NA,NA,NA,NA,NA,NA,NA,NA,24.3575329310161,0,110.511655030872,1,1,1,28,1,7.06347195200815,0,27.4355547450321,1,1,1,6,1,NA,NA,NA,NA,NA,NA,NA,NA,18.6297365957672,0,59.0144785099231,1,1,1,11,1
"4","US-A74","FT",2.13010013926079,2,38.8435871911133,72,73,72,72,72,5.48343887121664,0,60.566685931349,72,73,72,72,72,4.67123938175152,0,56.5122383779525,72,73,72,72,72,2.75959521363519,0,49.582301342124,72,73,72,72,72,2.98726191581985,1,52.4808336079442,72,73,72,72,72,3.06345427639447,0,52.9036467234432,72,73,72,72,72,4.9687118706785,0,34.5291845070039,11,11,11,48,11,1.2541070436342,0,14.5580853931724,5,5,5,33,5,23.3066712422058,0,59.2705031692391,36,36,36,67,36,3.46313927150591,0,15.8073425594868,5,5,5,17,5,1.42837889028263,0,9.24299728618779,3,3,3,16,3,20.0957484881815,0,43.0046476328826,10,10,10,40,10
"5","US-A74","GS",2.34416954268975,1,37.5290623487501,13,13,12,57,13,6.26272723397285,0,80.1757434721956,36,36,36,68,36,6.18270293424456,0,77.5880762151435,60,60,60,70,60,7.81631853042273,2,158.180382023837,72,73,72,72,72,6.51468564628775,1,128.651176572991,72,73,72,72,72,8.13897382349267,0,134.288550228918,72,73,72,72,72,6.18775683289786,0,39.0692886531881,9,9,9,36,9,1.61405522742629,0,8.20128391282412,2,2,2,15,2,25.3303139387934,0,67.0179862282992,1,1,1,50,1,5.14296478636979,0,10.5198811671267,3,3,3,8,3,1.99000235588128,0,10.2051497778812,3,3,3,12,3,23.2182021961436,0,55.9589295740242,1,1,1,27,1
"6","US-A74","NGS",2.21857740338001,0,36.3254215760542,9,9,9,67,9,6.6322969583161,0,74.0870665702117,10,10,10,64,10,5.31887970726673,0,56.3847502833383,9,9,9,44,9,7.27953064299216,0,137.83517688364,72,73,72,72,72,8.40221487251201,2,150.631716489931,72,73,72,72,72,7.87077148670816,1,138.494776234807,72,73,72,72,72,6.37202298842322,0,48.1363517603794,10,10,10,39,10,1.96530141379188,0,15.9978714371924,2,2,2,44,2,22.7616630156456,0,63.2209730147025,1,1,1,26,1,4.38196403409013,0,7.18916519078076,2,2,2,1,2,1.67160454046195,0,1.67160454046195,1,1,1,7,1,18.86167360561,0,34.4433458995739,1,1,1,11,1
"7","US-Akn","FT",NA,NA,NA,NA,NA,NA,NA,NA,3.67897814510041,0,29.5596801736921,72,73,72,72,72,2.66500134531187,0,21.8319401018208,72,73,72,72,72,NA,NA,NA,NA,NA,NA,NA,NA,NA,NA,NA,NA,NA,NA,NA,NA,NA,NA,NA,NA,NA,NA,NA,NA,4.1783811678203,0,33.9523135358069,72,73,72,72,72,NA,NA,NA,NA,NA,NA,NA,NA,9.88661689374656,0,30.7917322689445,72,73,72,72,72,2.13758619579487,0,19.0431763435033,72,73,72,72,72,NA,NA,NA,NA,NA,NA,NA,NA,7.45675497294045,0,23.0707701896734,72,73,72,72,72
"8","US-Akn","GS",NA,NA,NA,NA,NA,NA,NA,NA,3.66857566550444,0,37.9983769716107,72,73,72,72,72,3.66609268370417,0,32.9537813217541,32,32,32,68,32,NA,NA,NA,NA,NA,NA,NA,NA,NA,NA,NA,NA,NA,NA,NA,NA,NA,NA,NA,NA,NA,NA,NA,NA,4.42693781586615,0,45.6876127523515,72,73,72,72,72,NA,NA,NA,NA,NA,NA,NA,NA,13.9175444229238,0,45.8603090245866,39,39,39,71,39,3.23060971531475,0,31.0113345295331,40,40,40,71,40,NA,NA,NA,NA,NA,NA,NA,NA,10.9943062921531,0,36.1572847129763,36,36,36,68,36
"9","US-Akn","NGS",NA,NA,NA,NA,NA,NA,NA,NA,4.28606882520932,0,40.164304923132,72,73,72,72,72,2.83773654353687,0,35.0921073097692,58,58,58,71,58,NA,NA,NA,NA,NA,NA,NA,NA,NA,NA,NA,NA,NA,NA,NA,NA,NA,NA,NA,NA,NA,NA,NA,NA,4.66330444419094,0,41.411910638672,72,73,72,72,72,NA,NA,NA,NA,NA,NA,NA,NA,8.03296782070052,0,43.0424498248843,72,73,72,72,72,2.29344976666627,0,31.6370251943089,72,73,72,72,72,NA,NA,NA,NA,NA,NA,NA,NA,6.0823049952179,0,35.7308098791845,72,73,72,72,72
"10","US-AR1","FT",2.34566222226215,0,33.0030905803693,72,73,72,72,72,3.75006965975167,0,40.3580752588255,72,73,72,72,72,3.09620200847085,0,33.42227639077,72,73,72,72,72,5.8192879173185,0,88.9814638224259,72,73,72,72,72,3.66641409259545,1,72.0951924654881,72,73,72,72,72,3.5029820825112,1,65.865400940291,72,73,72,72,72,2.92645192157787,0,30.1956967314981,72,73,72,72,72,0.947443931219593,3,16.9886804300429,72,73,72,72,72,17.302913896606,0,41.18832163379,72,73,72,72,72,1.72752139544468,0,13.2125798459313,13,13,13,45,13,0.515507802676851,0,0.515507802676851,1,1,1,4,1,12.6896608766384,0,28.6887526886261,16,16,16,66,16
"11","US-AR1","GS",2.65778529665711,0,34.8975094326886,10,10,10,70,10,3.34904317514952,0,41.2307013013569,72,73,72,72,72,4.03775528949955,0,44.1556007278336,72,73,72,72,72,5.2823546751138,1,85.2755136611276,72,73,72,72,72,3.45151918558869,1,70.0149860750575,72,73,72,72,72,3.59801912883556,0,72.5218280710377,72,73,72,72,72,2.95745098671033,0,27.5729381677371,11,11,11,54,11,1.01484192918113,4,8.39793834022904,8,8,4,24,8,21.1527508067795,0,53.3709450975576,32,32,32,71,32,2.82230100447318,0,19.0638452640807,11,11,11,43,11,0.943735769958713,0,2.57152167912611,3,3,3,10,3,18.2636047484957,0,46.4846984751424,19,19,19,68,19
"12","US-AR1","NGS",2.12355630171508,0,39.050721530653,72,73,72,72,72,3.86872621320246,0,55.1781762507042,72,73,72,72,72,4.11410855563385,0,60.6221936664346,72,73,72,72,72,4.66950368216552,1,79.9076380522208,72,73,72,72,72,4.28544614032246,13,85.3560653002812,72,73,72,72,72,4.87730031782943,6,95.0577623134994,72,73,72,72,72,1.89127274461214,0,20.7359880272491,12,12,12,39,12,0.853112355072703,8,7.67200744933245,0,9,4,18,12,17.8233038954102,0,61.3921675167783,34,34,34,70,34,1.57500578932066,0,5.18480873728674,4,4,4,7,4,NA,NA,NA,NA,NA,NA,NA,NA,13.4513295595998,0,35.2463398988832,6,6,6,48,6
"13","US-AR2","FT",1.15715186352743,2,21.6806003087091,72,73,72,72,72,3.76229890379006,0,41.7574046046024,72,73,72,72,72,2.86565820817935,0,36.151310187765,72,73,72,72,72,2.37984104787922,0,41.5127572584192,72,73,72,72,72,2.38371919694158,10,47.6043371803875,72,73,72,72,72,3.06793310255581,1,57.8236103052173,72,73,72,72,72,2.1669103675384,0,23.7482769907549,41,41,41,69,41,0.698433441768052,22,8.90064625638923,2,12,3,47,25,21.5044917244142,0,48.0881068692135,72,73,72,72,72,1.35987414811165,0,13.7515106853384,18,18,18,49,18,0.631430064579342,0,1.72958215933078,1,1,1,8,1,16.4903297763977,0,38.0331211973587,41,41,41,67,41
"14","US-AR2","GS",1.71451592977657,0,33.3065185478766,72,73,72,72,72,3.89382339799112,0,45.0172800750958,72,73,72,72,72,3.66851307041318,0,42.4344149448096,55,55,55,71,55,2.82237588704272,1,49.2996932858284,72,73,72,72,72,2.73051163226462,1,43.1510523337198,16,16,15,70,16,3.05195101270455,1,49.8412660105812,72,73,72,72,72,3.27187936481724,0,35.8205216364501,17,17,17,66,17,1.08896466201238,0,11.8725023244949,2,2,2,44,2,24.8276357972174,0,62.800632658694,29,29,29,70,29,2.96088182030645,0,29.5458470719613,8,8,8,60,8,0.956808319287066,22,5.37161593781841,3,5,5,26,27,21.7281316094374,0,55.7573055678359,17,17,17,71,17
"15","US-AR2","NGS",1.74215009459964,3,31.0940991003791,56,56,53,70,56,3.47598718808619,0,44.1981631117137,12,12,12,70,12,3.13649607651621,0,49.7190307790238,72,73,72,72,72,1.60948941615392,6,21.1263333872599,10,10,4,41,10,1.73571662514954,23,30.2773319175727,5,19,10,61,33,2.54291293033791,2,44.5487801565738,19,19,17,69,19,2.18862638581198,0,17.6313106371895,13,13,13,45,13,0.93764785837051,5,1.87252262788175,0,1,1,1,6,22.1680654046323,0,66.8551573527069,20,20,20,58,20,1.36534031110858,0,8.74798030087509,6,6,6,15,6,NA,NA,NA,NA,NA,NA,NA,NA,14.6980481617467,0,36.9399023683181,1,1,1,31,1
"16","US-ARb","FT",NA,NA,NA,NA,NA,NA,NA,NA,5.17787689205375,0,60.564608905465,72,73,72,72,72,4.83897070639906,0,51.3246955900039,72,73,72,72,72,NA,NA,NA,NA,NA,NA,NA,NA,NA,NA,NA,NA,NA,NA,NA,NA,NA,NA,NA,NA,NA,NA,NA,NA,4.42908427237933,0,51.4456371574564,72,73,72,72,72,NA,NA,NA,NA,NA,NA,NA,NA,16.6834950037659,0,57.5780967305244,34,34,34,70,34,3.67419172244399,0,26.1010468457499,11,11,11,41,11,NA,NA,NA,NA,NA,NA,NA,NA,13.467847003902,0,40.4058346847906,7,7,7,50,7
"17","US-ARb","GS",NA,NA,NA,NA,NA,NA,NA,NA,5.93772692151842,0,69.3216881696172,60,60,60,70,60,7.87079049265117,0,73.5073914889393,72,73,72,72,72,NA,NA,NA,NA,NA,NA,NA,NA,NA,NA,NA,NA,NA,NA,NA,NA,NA,NA,NA,NA,NA,NA,NA,NA,5.32800019930215,0,61.1051423270867,36,36,36,62,36,NA,NA,NA,NA,NA,NA,NA,NA,20.0315254304038,0,75.1177190105319,29,29,29,58,29,6.60655838144563,0,46.8677741399987,11,11,11,47,11,NA,NA,NA,NA,NA,NA,NA,NA,17.567215673367,0,63.7271465514295,14,14,14,56,14
"18","US-ARb","NGS",NA,NA,NA,NA,NA,NA,NA,NA,5.25404327446553,0,70.1817243799153,9,9,9,60,9,4.85486743357736,0,73.7516844463149,10,10,10,62,10,NA,NA,NA,NA,NA,NA,NA,NA,NA,NA,NA,NA,NA,NA,NA,NA,NA,NA,NA,NA,NA,NA,NA,NA,4.81530847964706,0,45.711603885213,8,8,8,41,8,NA,NA,NA,NA,NA,NA,NA,NA,18.0151657972956,0,69.4394348656878,11,11,11,52,11,3.69427139970344,0,8.89525341304619,3,3,3,3,3,NA,NA,NA,NA,NA,NA,NA,NA,13.8845594638908,0,16.4491856945799,2,2,2,9,2
"19","US-ARc","FT",NA,NA,NA,NA,NA,NA,NA,NA,5.56763314978954,0,60.3889432830476,72,73,72,72,72,5.42809590318873,0,50.9658715156998,72,73,72,72,72,NA,NA,NA,NA,NA,NA,NA,NA,NA,NA,NA,NA,NA,NA,NA,NA,NA,NA,NA,NA,NA,NA,NA,NA,4.79213185438147,0,53.9311139474426,72,73,72,72,72,NA,NA,NA,NA,NA,NA,NA,NA,15.3836509492251,0,58.0615046370681,29,29,29,63,29,3.8752689944962,0,24.6196706506563,9,9,9,39,9,NA,NA,NA,NA,NA,NA,NA,NA,11.9711755652707,0,41.1511804671131,17,17,17,51,17
"20","US-ARc","GS",NA,NA,NA,NA,NA,NA,NA,NA,6.06564553097257,0,70.6847701497459,14,14,14,70,14,8.20791659814046,0,68.5452647727622,11,11,11,63,11,NA,NA,NA,NA,NA,NA,NA,NA,NA,NA,NA,NA,NA,NA,NA,NA,NA,NA,NA,NA,NA,NA,NA,NA,5.59332949951267,0,68.1110219339961,34,34,34,66,34,NA,NA,NA,NA,NA,NA,NA,NA,18.101436813938,0,79.9522808087355,34,34,34,66,34,7.15183187894544,0,45.4541315128684,9,9,9,49,9,NA,NA,NA,NA,NA,NA,NA,NA,16.7672287570295,0,69.7069025340533,14,14,14,58,14
"21","US-ARc","NGS",NA,NA,NA,NA,NA,NA,NA,NA,5.7890918461427,0,68.3655575972989,12,12,12,62,12,5.1373866642425,0,63.8563056653651,12,12,12,57,12,NA,NA,NA,NA,NA,NA,NA,NA,NA,NA,NA,NA,NA,NA,NA,NA,NA,NA,NA,NA,NA,NA,NA,NA,5.49747608028966,0,56.3477386422629,11,11,11,57,11,NA,NA,NA,NA,NA,NA,NA,NA,17.7631534669569,0,73.05437057912,13,13,13,54,13,4.26312282049478,0,16.5752775258943,5,5,5,12,5,NA,NA,NA,NA,NA,NA,NA,NA,14.181965787838,0,21.5670389067156,3,3,3,12,3
"22","US-ARM","FT",0.285359479549095,0,5.22851477151676,72,73,72,72,72,3.13505075090316,0,17.4641168448853,72,73,72,72,72,2.36408635224653,0,10.8005465351315,72,73,72,72,72,0.979256835207686,0,15.5894089793048,72,73,72,72,72,1.00846658474572,0,16.7308544182142,72,73,72,72,72,0.940481335411799,0,14.2360105112499,72,73,72,72,72,3.77782047904674,0,17.7695284616852,72,73,72,72,72,0.279405634126188,0,4.76691332787321,72,73,72,72,72,19.0379251129316,0,28.4492699037106,72,73,72,72,72,2.35261562037205,0,9.07614612146921,40,40,40,71,40,0.216049021607657,0,2.84035161246056,3,3,3,59,3,15.1456137398849,0,22.3620933818809,72,73,72,72,72
"23","US-ARM","GS",0.278291571692344,5,2.61464723249036,0,5,2,19,7,3.10727955345466,0,20.7442077910812,72,73,72,72,72,3.3693936793383,0,16.876802504756,72,73,72,72,72,1.55935204757289,10,35.0910503493036,72,73,72,72,72,2.43093729983278,0,46.6306465983161,72,73,72,72,72,2.94093413862373,0,44.2349350496002,72,73,72,72,72,3.79303167548746,0,21.2067618518147,72,73,72,72,72,0.357036967610324,0,6.75407357193981,72,73,72,72,72,22.4947267059863,0,35.8351869374515,72,73,72,72,72,3.35924785219246,0,14.4424413038194,17,17,17,67,17,0.403798291977301,0,4.06103140177895,5,5,5,55,5,19.3265593648685,0,30.6535880227112,18,18,18,70,18
"24","US-ARM","NGS",0.388618755038701,23,7.32947055956502,63,63,40,71,63,2.9801435987806,0,22.1099695832845,72,73,72,72,72,2.16451885045068,0,15.2765224835739,72,73,72,72,72,1.9181910387397,0,35.9793667437515,72,73,72,72,72,1.77136541325385,8,38.9553841462837,72,73,72,72,72,2.21819440314187,0,41.7867856963939,72,73,72,72,72,3.3702374062356,0,19.0475437234596,72,73,72,72,72,0.255973831280673,11,4.50596469232075,1,13,11,48,22,18.720533276493,0,31.5487909092026,72,73,72,72,72,2.03472229092635,0,11.2446949674582,72,73,72,72,72,0.269660146167634,0,0.702862684580712,2,2,2,3,2,14.9362399302559,0,24.7366459781796,72,73,72,72,72
"25","US-ASH","FT",NA,NA,NA,NA,NA,NA,NA,NA,11.8063150913937,0,131.402281730618,9,9,9,40,9,8.55763330233626,0,94.9713137417301,6,6,6,36,6,NA,NA,NA,NA,NA,NA,NA,NA,NA,NA,NA,NA,NA,NA,NA,NA,NA,NA,NA,NA,NA,NA,NA,NA,4.95618860022256,0,46.8643558395751,6,6,6,20,6,NA,NA,NA,NA,NA,NA,NA,NA,21.4027467707512,0,107.730196341612,1,1,1,25,1,3.7901978889235,0,16.728630398707,1,1,1,12,1,NA,NA,NA,NA,NA,NA,NA,NA,21.1576803495966,0,83.8660217643871,3,3,3,19,3
"26","US-ASH","GS",NA,NA,NA,NA,NA,NA,NA,NA,NA,NA,NA,NA,NA,NA,NA,NA,NA,NA,NA,NA,NA,NA,NA,NA,NA,NA,NA,NA,NA,NA,NA,NA,NA,NA,NA,NA,NA,NA,NA,NA,NA,NA,NA,NA,NA,NA,NA,NA,NA,NA,NA,NA,NA,NA,NA,NA,NA,NA,NA,NA,NA,NA,NA,NA,29.6673107873976,0,56.3887670119282,1,1,1,3,1,NA,NA,NA,NA,NA,NA,NA,NA,NA,NA,NA,NA,NA,NA,NA,NA,30.9781959043733,0,44.4854389952003,1,1,1,3,1
"27","US-ASH","NGS",NA,NA,NA,NA,NA,NA,NA,NA,14.732325298539,0,148.457879417674,7,7,7,20,7,12.9785127667816,10,161.783318708909,9,2,2,27,12,NA,NA,NA,NA,NA,NA,NA,NA,NA,NA,NA,NA,NA,NA,NA,NA,NA,NA,NA,NA,NA,NA,NA,NA,4.73318268995591,0,11.9106275891137,2,2,2,3,2,NA,NA,NA,NA,NA,NA,NA,NA,20.2529832902743,0,52.0155100449581,1,1,1,7,1,NA,NA,NA,NA,NA,NA,NA,NA,NA,NA,NA,NA,NA,NA,NA,NA,18.9934716812042,0,29.1510045476451,1,1,1,2,1
"28","US-ASM","FT",NA,NA,NA,NA,NA,NA,NA,NA,10.2230753845572,0,177.959235995639,72,73,72,72,72,7.67715032435217,5,129.586385483609,13,13,8,58,13,NA,NA,NA,NA,NA,NA,NA,NA,NA,NA,NA,NA,NA,NA,NA,NA,NA,NA,NA,NA,NA,NA,NA,NA,8.95627134931992,0,154.370742954324,16,16,16,63,16,NA,NA,NA,NA,NA,NA,NA,NA,22.3180596760652,0,176.716299029746,24,24,24,52,24,7.02576904179839,18,37.2552553494928,1,4,2,17,20,NA,NA,NA,NA,NA,NA,NA,NA,21.1377655812814,0,39.7434893608377,1,1,1,6,1
"29","US-ASM","GS",NA,NA,NA,NA,NA,NA,NA,NA,12.3685448455072,0,178.376089752396,9,9,9,49,9,11.9732668188729,3,145.499068174626,1,8,8,41,11,NA,NA,NA,NA,NA,NA,NA,NA,NA,NA,NA,NA,NA,NA,NA,NA,NA,NA,NA,NA,NA,NA,NA,NA,10.1131257431444,0,77.9255415850837,5,5,5,23,5,NA,NA,NA,NA,NA,NA,NA,NA,28.7520487619994,0,182.66940161969,1,1,1,33,1,9.21262606468502,16,26.8861983793933,0,1,1,10,17,NA,NA,NA,NA,NA,NA,NA,NA,25.9882655160979,0,35.7256066242949,1,1,1,4,1
"30","US-ASM","NGS",NA,NA,NA,NA,NA,NA,NA,NA,NA,NA,NA,NA,NA,NA,NA,NA,NA,NA,NA,NA,NA,NA,NA,NA,NA,NA,NA,NA,NA,NA,NA,NA,NA,NA,NA,NA,NA,NA,NA,NA,NA,NA,NA,NA,NA,NA,NA,NA,NA,NA,NA,NA,NA,NA,NA,NA,NA,NA,NA,NA,NA,NA,NA,NA,NA,NA,NA,NA,NA,NA,NA,NA,NA,NA,NA,NA,NA,NA,NA,NA,NA,NA,NA,NA,NA,NA,NA,NA,NA,NA,NA,NA,NA,NA,NA,NA
"31","US-Bar","FT",0.59976368316156,0,10.1390120736348,72,73,72,72,72,5.70203980791299,0,36.92674371559,72,73,72,72,72,2.9351846967427,0,14.631582500572,72,73,72,72,72,0.950831137302441,0,15.5209251550091,72,73,72,72,72,0.737354213567584,0,11.9521876904417,72,73,72,72,72,0.676131487101059,0,10.0377015942003,72,73,72,72,72,5.02789237613485,0,35.9205997378779,72,73,72,72,72,0.407622350786206,0,6.65734184067771,72,73,72,72,72,17.7504075904417,0,29.1637644864751,72,73,72,72,72,2.0423313196375,0,11.7492711074058,72,73,72,72,72,0.313513591767074,0,4.93141700599604,30,30,30,67,30,13.8347647311806,0,24.3415897531236,72,73,72,72,72
"32","US-Bar","GS",0.729176806576646,0,12.4808957294127,6,6,6,68,6,5.42717118577873,0,29.6420988144391,72,73,72,72,72,4.20968502233969,0,22.5711607429027,72,73,72,72,72,1.35269399485052,0,23.8214986690789,72,73,72,72,72,1.40878498628324,0,21.2197169749042,72,73,72,72,72,1.4998227875559,0,21.3580026557416,72,73,72,72,72,5.02414808072648,0,30.8875671442784,72,73,72,72,72,0.636114062507888,0,7.80071187406213,9,9,9,55,9,25.3472298049055,0,42.6688709956911,72,73,72,72,72,3.4080897970091,0,20.4741740642017,72,73,72,72,72,0.602138991937669,0,8.55482440636201,11,11,11,49,11,22.3116915138733,0,37.8872402578745,72,73,72,72,72
"33","US-Bar","NGS",0.603202842107418,18,12.6017202855961,72,73,72,72,72,2.90661927945374,0,25.3092408344415,72,73,72,72,72,1.70446336980657,0,16.3700856261577,72,73,72,72,72,0.87179546850816,0,17.7827759172611,72,73,72,72,72,0.650041602767682,1,13.9434659064316,72,73,72,72,72,0.735297935770784,0,14.663445522662,72,73,72,72,72,2.40728905950106,0,22.2706589354407,72,73,72,72,72,0.390647088458703,1,8.51963479587957,72,73,72,72,72,15.4683727254316,0,30.6391018262546,72,73,72,72,72,1.12636296810011,0,11.3997885888176,72,73,72,72,72,0.396230827581177,0,7.64039152825935,38,38,38,70,38,11.8342004345001,0,22.7130961663772,72,73,72,72,72
"34","US-Bi1","FT",0.581957665460343,2,11.0071955124326,19,19,17,69,19,3.39028289028292,0,30.2886145564117,72,73,72,72,72,2.33203681105628,0,21.8614418808898,72,73,72,72,72,2.2304624391737,23,45.6587630582561,72,73,72,72,72,2.22628347820655,1,47.5213012264283,72,73,72,72,72,2.50944759995373,8,50.8924785286305,72,73,72,72,72,3.44573554671252,0,29.4093528195964,72,73,72,72,72,0.437808176992101,7,5.51125642425407,11,11,4,42,11,23.4069651982196,0,45.8610788241512,72,73,72,72,72,1.9152178085834,0,18.5876607085795,72,73,72,72,72,0.414325404046887,1,4.86135367338985,2,2,1,30,2,19.8080977550094,0,38.9215436353668,72,73,72,72,72
"35","US-Bi1","GS",0.773232063085897,23,15.3693553567012,72,73,72,72,72,3.04831762062018,0,33.5798630167616,72,73,72,72,72,2.25492141284891,0,26.9391018240266,72,73,72,72,72,1.93425587611935,1,37.2701996979275,72,73,72,72,72,2.72458156390673,1,39.2702999672335,72,73,72,72,72,3.70010479514083,1,46.6083724133667,72,73,72,72,72,3.00198270306581,0,31.2646118233028,72,73,72,72,72,0.649961224417262,0,7.23368314830109,11,11,11,31,11,24.8959651794919,0,51.9461520442996,72,73,72,72,72,1.97540911979599,0,22.2062815108322,6,6,6,69,6,0.796898172495807,0,10.2678054968036,13,13,13,35,13,22.4973969900573,0,46.9381514413144,72,73,72,72,72
"36","US-Bi1","NGS",1.28561619293647,0,28.7905648649199,41,41,41,70,41,5.46683527531275,0,62.57396957979,36,36,36,70,36,4.52158775189265,0,53.9186515875246,13,13,13,68,13,3.2191584699453,12,67.9853683524262,72,73,72,72,72,3.13372225633639,1,62.1945017489477,72,73,72,72,72,3.36447475170815,23,71.1686671371454,72,73,72,72,72,5.82263789564343,0,55.5477240731017,17,17,17,68,17,0.891886510645854,5,2.6520931079253,2,1,1,2,6,22.0266862713857,0,68.3510005430772,72,73,72,72,72,3.72271704740183,0,30.440579534091,8,8,8,44,8,0.960514275455877,1,1.90939646087702,0,2,2,1,3,18.270869058003,0,57.4208009722241,30,30,30,65,30
"37","US-Bi2","FT",0.524324428024803,0,3.8067869694019,4,4,4,23,4,2.68731045744806,0,27.589627195836,72,73,72,72,72,2.00644242106969,0,24.0860371839637,72,73,72,72,72,3.52557514565577,23,65.5121760043186,72,73,72,72,72,3.96736535349069,21,77.4216801918006,72,73,72,72,72,4.14719328104908,22,92.7372390275877,72,73,72,72,72,2.44687107368838,0,25.4251481726912,72,73,72,72,72,0.559368526325005,2,7.90109217480862,11,11,9,45,11,25.0982593332684,0,50.4869942946489,72,73,72,72,72,1.50476954157883,0,17.4894552128796,8,8,8,68,8,0.52042062453882,9,10.6821497166188,6,60,58,70,67,20.1586367758196,0,41.2071086478436,72,73,72,72,72
"38","US-Bi2","GS",1.04367081548175,3,3.08083647155928,1,1,1,8,4,5.33826162076008,0,66.9235470357625,59,59,59,71,59,3.83124273468239,0,66.3381442908856,47,47,47,71,47,6.45141418474233,21,117.183559331057,72,73,72,72,72,6.99551698974116,18,136.248471879797,72,73,72,72,72,7.34195116397094,8,149.937741722145,72,73,72,72,72,4.23353981960489,0,58.8763253482096,44,44,44,68,44,1.23709315571321,7,11.5453724186078,10,10,3,31,10,29.4695977386503,0,89.3677433293132,52,52,52,69,52,2.99367337116059,0,49.8049966848661,4,4,4,61,4,1.1704377962738,8,7.71103339094771,0,4,3,21,11,26.5612695329761,0,82.0510469960794,43,43,43,68,43
"39","US-Bi2","NGS",0.556625480237482,1,3.21203567420767,4,4,3,16,4,2.41684310062075,0,28.1637134825234,12,12,12,68,12,2.12136228793617,0,28.5786361287324,72,73,72,72,72,3.43713467065787,0,68.4129421313286,72,73,72,72,72,4.63603123830368,21,84.0217237087888,72,73,72,72,72,5.01054124882807,9,107.163135988979,72,73,72,72,72,2.37209891897457,0,23.1145134275548,16,16,16,57,16,0.698116474636473,4,8.1622497462258,12,12,8,38,12,24.5293115842512,0,55.1006399199494,72,73,72,72,72,1.68397890527996,0,17.8116168864456,7,7,7,48,7,0.687430857628017,0,12.7216360913012,6,6,6,59,6,18.9657491467866,0,43.6993765570273,72,73,72,72,72
"40","US-BRG","FT",1.4151806405374,0,22.9036200352837,8,8,8,60,8,6.35465246742268,0,53.8974239411247,72,73,72,72,72,3.90434692367412,0,31.18928270069,63,63,63,71,63,2.7771868180555,1,51.3295204771567,72,73,72,72,72,2.42776905550353,0,37.6397823841045,72,73,72,72,72,4.21983530364729,0,38.4895771279238,72,73,72,72,72,4.95701715399875,0,44.7098966151289,72,73,72,72,72,1.11644326043808,0,14.9352245431039,12,12,12,63,12,16.4748827841158,0,39.8264040476728,31,31,31,67,31,2.91311539414643,0,19.5986460672584,15,15,15,49,15,2.18814760033099,0,18.9699828298386,12,12,12,66,12,17.1533207841398,0,41.1681956312615,39,39,39,70,39
"41","US-BRG","GS",1.85892781969316,0,26.2985129826055,6,6,6,49,6,7.1791613217023,0,68.2367968568793,72,73,72,72,72,5.75166292510801,0,47.1596775588028,12,12,12,58,12,4.0704866655793,1,73.1386857494695,72,73,72,72,72,4.77740855626077,0,84.1247419197275,72,73,72,72,72,6.12634218570054,0,73.3480184904585,72,73,72,72,72,6.12639998698678,0,62.7896011412348,19,19,19,70,19,1.69446050225168,0,15.5344925427581,3,3,3,41,3,22.0990394769479,0,62.7828299893156,16,16,16,66,16,4.76938492682395,0,43.2755178600991,13,13,13,66,13,2.19928113618315,0,9.35335866293681,3,3,3,23,3,21.8627176700284,0,63.6495367074594,72,73,72,72,72
"42","US-BRG","NGS",1.98508295806301,7,34.2049117718839,17,17,10,40,17,5.85822992982086,0,69.3324574562753,57,57,57,70,57,3.81642597850828,0,50.4444686471714,43,43,43,67,43,2.54606205349456,7,49.0787024972178,49,49,42,69,49,3.54714505676862,0,61.4526584954889,68,68,68,71,68,7.91882186530537,0,69.3961477903221,72,73,72,72,72,3.3621825987061,0,39.8359543291989,14,14,14,62,14,1.60181662877272,0,16.0056759115562,4,4,4,34,4,16.1643817429208,0,54.001112721792,52,52,52,68,52,2.21241040850565,0,27.0116952961706,12,12,12,39,12,3.70287712358346,0,30.8292702782325,12,12,12,66,12,17.4911203825863,0,56.8624413721654,29,29,29,59,29
"43","US-CdM","FT",1.57623153825952,0,29.3771632761342,72,73,72,72,72,3.15568175301101,0,41.5514898257043,72,73,72,72,72,2.00822637630508,0,28.2535974931639,72,73,72,72,72,2.00135338821219,0,32.2179938982003,72,73,72,72,72,2.4887824775536,0,34.4359785218671,72,73,72,72,72,2.26006618929578,0,32.2873281401829,72,73,72,72,72,2.71540794941917,0,32.519087035868,72,73,72,72,72,1.31464170088208,1,20.8587765098793,72,73,72,72,72,29.5870535075444,0,53.3737191359757,72,73,72,72,72,1.37294175353989,0,18.4523907613474,68,68,68,71,68,1.08114844082943,0,16.3471588296907,38,38,38,71,38,25.9073428044164,0,46.8139239982048,72,73,72,72,72
"44","US-CdM","GS",2.21578509544414,21,41.2614635889618,72,73,72,72,72,2.97671624832036,0,42.2368722972972,72,73,72,72,72,2.10723351744076,0,34.0710992019726,72,73,72,72,72,4.14755077176787,2,69.4617616556476,72,73,72,72,72,4.68381368612866,0,70.2605830771092,72,73,72,72,72,4.01483230233227,0,60.720124836727,72,73,72,72,72,2.62076250069436,0,32.8163411699128,61,61,61,71,61,2.35744788949369,1,30.5828362506607,72,73,72,72,72,34.8098080825518,0,64.2146087168633,72,73,72,72,72,1.62375306000483,0,24.2120838858282,19,19,19,62,19,1.6255380870558,1,23.6838692335345,72,73,72,72,72,32.6201122790142,0,60.4220471504387,68,68,68,71,68
"45","US-CdM","NGS",2.01564243140977,22,38.3052839869801,39,39,17,70,39,4.59231232588226,0,57.0998526454103,72,73,72,72,72,4.14574580829476,0,51.575880019732,72,73,72,72,72,1.66015570619895,2,32.9064130835017,72,73,72,72,72,2.18843588729821,1,40.5590445280145,72,73,72,72,72,2.22494290056793,0,40.1446934172281,72,73,72,72,72,3.63090635662097,0,39.2080442862874,14,14,14,68,14,1.65731330300382,1,32.2541210425623,35,35,34,65,35,28.4904833387222,0,72.1458041619283,72,73,72,72,72,3.07742466648182,0,30.4536969673589,11,11,11,60,11,1.63496182024438,0,24.4126665625721,14,14,14,51,14,27.7872147394569,0,69.8017378877899,72,73,72,72,72
"46","US-CF1","FT",1.4651202182121,3,29.6647410049752,72,73,72,72,72,2.88069728549139,0,38.0619032437382,72,73,72,72,72,2.79754619021099,0,29.1882662624021,72,73,72,72,72,3.83722120206839,0,79.7038449840868,72,73,72,72,72,4.81508263790069,1,100.965697311137,72,73,72,72,72,4.06933642803511,0,78.8294318433421,72,73,72,72,72,2.56058317654384,0,31.6788684810788,72,73,72,72,72,1.55859237671369,0,33.1459600374279,72,73,72,72,72,19.539611826594,0,46.7083040000546,72,73,72,72,72,2.03745670594086,0,20.4024087393167,47,47,47,70,47,0.849111830647956,0,17.6548927100237,40,40,40,71,40,17.7566732033129,0,40.7774363649445,72,73,72,72,72
"47","US-CF1","GS",5.43231829062539,15,61.754745025379,0,6,3,46,18,4.97845310222879,0,71.5458193119935,8,8,8,60,8,5.03723244800043,0,75.9804177130416,2,2,2,53,2,7.00230876024351,15,142.893811125384,22,22,7,62,22,8.64188119217355,11,184.609955190785,72,73,72,72,72,7.96307056672568,0,172.146305133194,72,73,72,72,72,4.85991026111903,0,76.1644291359106,22,22,22,64,22,6.11701624822076,9,136.603554247873,72,73,72,72,72,25.6703396717674,0,99.6359934669092,28,28,28,71,28,4.41736958527329,0,53.0298524929958,1,1,1,53,1,5.50078444796926,8,99.4588279883051,3,13,10,68,18,23.666079120842,0,74.8800899539386,1,1,1,53,1
"48","US-CF1","NGS",0.869927514892373,1,5.9842917394204,4,4,3,26,4,2.60136715439567,0,36.9738055505337,72,73,72,72,72,2.87242230210842,0,30.7008847117838,72,73,72,72,72,3.88464228945967,3,74.519408801601,72,73,72,72,72,5.26065312779961,1,111.579719557936,72,73,72,72,72,4.94372496411603,0,98.0266155409658,72,73,72,72,72,2.36824928109169,0,29.3843363793344,72,73,72,72,72,1.1989894225116,1,23.6856792855009,72,73,72,72,72,18.9188096111264,0,51.3395104697735,72,73,72,72,72,2.25284525723539,0,18.544948574552,8,8,8,62,8,0.729230804805288,0,10.1881285187999,2,2,2,46,2,16.7864776227388,0,43.4188421627315,72,73,72,72,72
"49","US-CF2","FT",0.503172975851314,6,4.61765806499073,4,1,1,23,7,3.0038652577298,0,37.4476659545,72,73,72,72,72,3.20062011698592,0,34.2762413365648,72,73,72,72,72,2.12543240522252,2,40.1125309638022,36,36,34,70,36,2.70855914293455,0,48.4901191108801,72,73,72,72,72,2.81005024959276,1,53.5356359743568,72,73,72,72,72,3.00162788922311,0,34.0715111267681,72,73,72,72,72,0.532816233347564,0,4.2669395822963,7,7,7,15,7,19.8006521428959,0,55.3430804473125,72,73,72,72,72,2.32540583100174,0,21.0417145295648,18,18,18,67,18,0.480908392579881,0,2.23308893115467,1,1,1,16,1,15.3091407000129,0,42.3939111579071,72,73,72,72,72
"50","US-CF2","GS",4.10055621019118,5,73.7782911847241,10,10,5,55,10,7.39797474583346,0,67.3845595266622,7,7,7,46,7,7.40946645961178,0,80.481079104385,1,1,1,50,1,5.08420607718045,23,100.052881854297,15,20,17,67,40,4.86181986705671,3,83.0037077623725,7,7,4,55,7,5.35719740231759,4,109.999413743287,21,21,17,69,21,6.86618481351791,0,66.0621679877256,12,12,12,50,12,3.56550753037961,4,17.386229820989,0,1,1,13,5,23.1325728265477,0,99.9496726948082,5,5,5,57,5,6.75011493730022,0,33.0988453902389,1,1,1,15,1,3.91910853133017,11,7.70709290216592,0,1,1,1,12,19.7581749766187,0,23.8778385692738,1,1,1,2,1
"51","US-CF2","NGS",0.682389829437361,3,10.0568821951595,9,9,6,48,9,2.63005430079433,0,38.0656776915509,72,73,72,72,72,3.16429828636927,0,38.4649853380128,72,73,72,72,72,3.0575573615659,1,58.7355364986643,72,73,72,72,72,3.15825407673972,0,64.5419695508757,72,73,72,72,72,3.63257601039708,0,74.3152046356157,72,73,72,72,72,2.72290386026384,0,33.0557689537784,38,38,38,71,38,0.614783075537885,2,3.42067752092127,1,5,5,6,7,19.997988345029,0,63.0558861901865,72,73,72,72,72,2.26459514324216,0,14.9893349290379,8,8,8,52,8,0.574730978505444,17,3.21941112079331,2,3,2,18,19,14.8593686007346,0,46.4298966332173,72,73,72,72,72
"52","US-CF3","FT",NA,NA,NA,NA,NA,NA,NA,NA,2.71719015264724,0,34.5903624555818,72,73,72,72,72,3.49318182268234,0,37.1413697843273,72,73,72,72,72,2.1216280761306,15,25.4258957238901,0,8,3,36,18,2.41906811458889,3,42.2662774500295,8,8,5,57,8,4.45778138901908,18,85.8243707813831,72,73,72,72,72,2.68163685477314,0,32.3632702311773,72,73,72,72,72,NA,NA,NA,NA,NA,NA,NA,NA,20.5625056393676,0,58.6571329673759,72,73,72,72,72,2.34835357138199,0,24.3050299224974,23,23,23,66,23,0.746662016286336,0,11.9431237207477,16,16,16,44,16,15.8710213869864,0,44.3022331945055,72,73,72,72,72
"53","US-CF3","GS",NA,NA,NA,NA,NA,NA,NA,NA,5.47790658121607,0,64.7344333210525,5,5,5,47,5,6.02167544982754,0,90.4749609236702,1,1,1,62,1,NA,NA,NA,NA,NA,NA,NA,NA,NA,NA,NA,NA,NA,NA,NA,NA,NA,NA,NA,NA,NA,NA,NA,NA,5.01686908781038,0,47.7546081473949,13,13,13,47,13,NA,NA,NA,NA,NA,NA,NA,NA,24.0202526945084,0,99.3666274571759,4,4,4,62,4,4.46930156746438,0,49.2020333607792,1,1,1,31,1,NA,NA,NA,NA,NA,NA,NA,NA,21.2022867155031,0,55.0526047009269,1,1,1,30,1
"54","US-CF3","NGS",0.732607570135075,1,3.17975898743293,0,2,2,8,3,2.20970765846737,0,30.0129687902967,11,11,11,70,11,3.27284762188656,0,36.2687428001545,13,13,13,71,13,3.0692858262654,15,54.808481395859,5,22,13,66,28,2.82922093884542,2,47.1321386654797,8,8,6,67,8,5.01797505830809,18,92.4137071966605,72,73,72,72,72,2.82259037980002,0,32.8527814651818,11,11,11,70,11,0.707677431696456,0,1.8513850839381,1,1,1,3,1,21.2311339556371,0,69.3312583602251,72,73,72,72,72,2.69172602002551,0,20.0791424042147,6,6,6,48,6,0.815859812623706,0,15.1147542726617,20,20,20,57,20,14.7297802251771,0,48.4884617011546,72,73,72,72,72
"55","US-CF4","FT",NA,NA,NA,NA,NA,NA,NA,NA,3.17484364369322,0,37.8183612398395,72,73,72,72,72,2.60153476670667,0,34.4959798234412,72,73,72,72,72,1.8961210547856,21,7.50014961139517,0,1,1,22,22,3.25559442730041,0,59.5631596705318,29,29,29,69,29,4.10041991895742,0,58.1028284489098,23,23,23,68,23,2.72325054255463,0,31.53720757953,72,73,72,72,72,0.880641779059338,0,11.8399019062694,9,9,9,50,9,20.9307708279205,0,51.7237381822279,72,73,72,72,72,1.91371257719803,0,23.4678577440211,72,73,72,72,72,0.97848405879976,0,9.09203905911674,3,3,3,44,3,18.7608427550424,0,44.8963069441723,72,73,72,72,72
"56","US-CF4","GS",4.01038155486497,1,25.6114708834742,3,3,2,20,3,4.93424535882556,0,75.0378560904833,14,14,14,60,14,4.90421310289089,0,82.2854198710855,25,25,25,62,25,9.47789604652932,2,193.128465314718,72,73,72,72,72,10.3807902966569,8,229.136158672581,72,73,72,72,72,11.8776943235327,8,255.465490440511,72,73,72,72,72,4.85677535562093,0,54.2096425291574,13,13,13,53,13,3.70914608668256,1,54.6494764150443,10,10,9,33,10,28.2832463595224,0,98.7181829098952,8,8,8,61,8,4.59424345272107,0,51.4771765039289,1,1,1,54,1,4.15888711157541,2,70.9389951521145,8,8,6,35,8,26.220793417106,0,76.8903593410329,1,1,1,50,1
"57","US-CF4","NGS",NA,NA,NA,NA,NA,NA,NA,NA,2.7493771088335,0,37.8326082386269,72,73,72,72,72,2.58405131696284,0,36.3290219158608,72,73,72,72,72,2.55325893282846,0,2.55325893282846,1,1,1,21,1,3.9542126791806,0,62.956172319452,7,7,7,69,7,4.67181600920299,0,49.7847497302121,8,8,8,52,8,2.69244443773328,0,33.3016726358143,72,73,72,72,72,1.2276949325153,0,18.6916031899699,16,16,16,63,16,19.206382776916,0,56.5486626749145,72,73,72,72,72,2.04050079821919,0,22.0945700595852,7,7,7,58,7,1.21145198660252,0,9.9477242832858,3,3,3,46,3,16.5276003925085,0,47.1845614261392,72,73,72,72,72
"58","US-CGG","FT",1.00188038677574,4,14.3417295570838,13,13,9,43,13,2.77951578240819,0,43.3462176621179,72,73,72,72,72,1.55469516947548,0,24.3632693749173,17,17,17,50,17,4.4794117073997,20,90.506324519872,72,73,72,72,72,4.22512253799243,13,89.1690571011731,72,73,72,72,72,3.96577984247437,2,74.216650428901,72,73,72,72,72,2.72600720404193,1,40.4509652190999,72,73,72,72,72,0.756620155527294,19,2.20637890688411,0,2,1,4,20,27.077204974321,0,58.8438985716386,37,37,37,70,37,1.60904205780221,1,27.3900952813702,3,3,2,68,3,0.668202632246231,0,3.71068656585793,1,1,1,16,1,30.6970316572011,0,63.3990041348283,72,73,72,72,72
"59","US-CGG","GS",1.00188038677574,4,15.0659237389172,13,13,9,44,13,2.77951578240819,0,43.3462176621179,72,73,72,72,72,1.55469516947548,0,24.3632693749173,17,17,17,50,17,4.4794117073997,20,90.506324519872,72,73,72,72,72,4.22512253799243,13,89.1690571011731,72,73,72,72,72,3.96577984247437,2,74.216650428901,72,73,72,72,72,2.72600720404193,1,40.4509652190999,72,73,72,72,72,0.756620155527294,19,2.20637890688411,0,2,1,4,20,27.077204974321,0,58.8438985716386,37,37,37,70,37,1.60904205780221,1,28.4070966933918,54,54,53,70,54,0.668202632246231,0,3.71068656585793,1,1,1,20,1,30.6970316572011,0,63.3990041348283,72,73,72,72,72
"60","US-CGG","NGS",NA,NA,NA,NA,NA,NA,NA,NA,NA,NA,NA,NA,NA,NA,NA,NA,NA,NA,NA,NA,NA,NA,NA,NA,NA,NA,NA,NA,NA,NA,NA,NA,NA,NA,NA,NA,NA,NA,NA,NA,NA,NA,NA,NA,NA,NA,NA,NA,NA,NA,NA,NA,NA,NA,NA,NA,NA,NA,NA,NA,NA,NA,NA,NA,NA,NA,NA,NA,NA,NA,NA,NA,NA,NA,NA,NA,NA,NA,NA,NA,NA,NA,NA,NA,NA,NA,NA,NA,NA,NA,NA,NA,NA,NA,NA,NA
"61","US-Cop","FT",1.00807802811174,14,19.6157840266348,29,29,15,64,29,2.41523541447089,0,47.7907814123007,72,73,72,72,72,2.20080430065678,0,43.2056555830914,72,73,72,72,72,1.72225759804932,5,17.9783499227668,43,43,38,69,43,0.925579381583407,1,18.0670975099249,72,73,72,72,72,1.12264396633236,1,21.826385765827,72,73,72,72,72,1.2734291630754,0,21.4173163292502,72,73,72,72,72,0.57713298736079,23,10.7789923156366,9,16,5,67,28,34.0728338117775,0,55.529103677743,72,73,72,72,72,0.984040221379385,0,10.8484213964618,10,10,10,50,10,0.497701325850527,15,4.71587980460952,1,5,5,14,20,24.7121411331398,0,37.5845898543549,1,1,1,60,1
"62","US-Cop","GS",1.53213294942424,19,27.3817354670491,31,31,12,69,31,2.73299345113798,2,54.5072252855858,72,73,72,72,72,2.59948081434204,3,53.6948249177404,72,73,72,72,72,2.14150132629313,4,33.2948478428546,20,20,16,64,20,2.48189470767637,3,51.5328188272816,72,73,72,72,72,2.73948032514827,4,58.4021887566624,72,73,72,72,72,1.34206183347829,0,19.5817777179476,13,13,13,60,13,0.642152962579591,0,11.3640099864414,8,8,8,54,8,40.0326716734411,0,64.917890343,6,6,6,70,6,1.20037506295271,0,13.5198670644071,10,10,10,48,10,0.633791087106048,0,6.7185818722295,4,4,4,21,4,34.5424037160255,0,40.8486171598657,1,1,1,26,1
"63","US-Cop","NGS",1.52373808502264,3,21.4146810089725,5,5,2,57,5,3.36787852633526,0,70.8835048162193,72,73,72,72,72,3.36017453598393,16,75.5788890685286,72,73,72,72,72,2.64771168832043,7,53.0496350517809,72,73,72,72,72,3.02449861859505,14,64.1255644056169,72,73,72,72,72,3.5911590689744,21,77.8978437805745,72,73,72,72,72,2.46183409330145,0,41.2202566586581,11,11,11,57,11,1.01823082112883,23,1.01823082112883,0,1,1,0,24,34.6866962956787,0,79.9283598305357,1,1,1,70,1,1.96852920630605,17,16.7704431896365,2,4,4,24,21,1.13065904126634,20,1.13065904126634,0,1,1,0,21,28.7208640558022,0,55.5981789109958,1,1,1,35,1
"64","US-CRT","FT",1.01528837771385,21,20.201271361413,72,73,72,72,72,4.84885069221298,0,52.4335639829476,72,73,72,72,72,3.75890679820821,0,38.2738736832378,72,73,72,72,72,1.50018514562883,0,24.3834467026682,72,73,72,72,72,2.32894228984432,0,25.0956813469828,72,73,72,72,72,2.1452156209487,0,29.0223614377797,72,73,72,72,72,5.56466578326422,0,53.2764103032147,72,73,72,72,72,1.56419155920547,0,16.787324061066,13,13,13,64,13,18.321228148824,0,50.8981385873955,72,73,72,72,72,3.09940799856729,0,24.1358743220152,11,11,11,66,11,1.01049929058344,0,14.2349871549611,13,13,13,39,13,11.8368677763776,0,37.0913111915546,72,73,72,72,72
"65","US-CRT","GS",1.51300344630191,1,28.6082351754112,7,7,6,65,7,5.20618889899061,0,64.4837800856155,11,11,11,65,11,5.64171476254837,0,61.814794917794,12,12,12,63,12,6.25758144079532,0,107.115963910253,72,73,72,72,72,9.4015070035895,0,103.002419205555,72,73,72,72,72,11.8796371869521,0,107.900845449198,72,73,72,72,72,5.90119193912529,0,47.3684450707821,10,10,10,58,10,1.88274225764964,0,6.10975370972101,4,4,4,12,4,24.4130279451614,0,60.9150715699499,13,13,13,52,13,5.0389906245274,0,34.8396532631266,11,11,11,47,11,1.96937510993466,0,7.53354078218802,4,4,4,13,4,20.5962007657469,0,47.4214481734723,8,8,8,41,8
"66","US-CRT","NGS",1.34876392103947,20,28.2226385079635,29,29,9,68,29,4.8372530072967,0,56.9899411533958,72,73,72,72,72,3.45564373772463,0,50.9423828932647,72,73,72,72,72,1.57843446710324,0,22.1482443106954,7,7,7,64,7,1.4931419067394,0,26.7138683386718,19,19,19,60,19,2.19200856963021,0,36.8021071302529,72,73,72,72,72,4.83982550456269,0,47.2813721558911,13,13,13,67,13,1.11854559377403,0,12.1108378171839,2,2,2,21,2,16.0471580927612,0,60.1647811232813,41,41,41,71,41,2.69769498996936,0,27.3900128411423,9,9,9,50,9,1.26957290280975,0,12.0477051709185,4,4,4,15,4,10.9744907525541,0,44.1157656355658,30,30,30,69,30
"67","US-CS1","FT",NA,NA,NA,NA,NA,NA,NA,NA,10.7066826192067,0,140.946328526144,72,73,72,72,72,7.13657465205296,0,111.430705662699,72,73,72,72,72,NA,NA,NA,NA,NA,NA,NA,NA,NA,NA,NA,NA,NA,NA,NA,NA,NA,NA,NA,NA,NA,NA,NA,NA,9.01448334332412,0,102.055519814549,38,38,38,70,38,NA,NA,NA,NA,NA,NA,NA,NA,17.4395219921571,0,88.3676926675437,72,73,72,72,72,4.30879068052737,0,43.4127725665625,10,10,10,50,10,NA,NA,NA,NA,NA,NA,NA,NA,12.398907606477,0,67.0463116500994,14,14,14,59,14
"68","US-CS1","GS",NA,NA,NA,NA,NA,NA,NA,NA,18.9874577348513,0,184.70531066289,6,6,6,40,6,11.2888016202512,0,58.5607679653386,1,1,1,21,1,NA,NA,NA,NA,NA,NA,NA,NA,NA,NA,NA,NA,NA,NA,NA,NA,NA,NA,NA,NA,NA,NA,NA,NA,19.2386309386813,0,111.114339567701,6,6,6,34,6,NA,NA,NA,NA,NA,NA,NA,NA,20.5956696965959,0,20.5956696965959,1,1,1,2,1,16.3274538355979,0,32.5375805885104,2,2,2,10,2,NA,NA,NA,NA,NA,NA,NA,NA,30.3430533304728,0,60.839511129013,1,1,1,6,1
"69","US-CS1","NGS",NA,NA,NA,NA,NA,NA,NA,NA,9.13507436524097,0,139.198122224088,72,73,72,72,72,5.49261559151462,0,105.319051916668,72,73,72,72,72,NA,NA,NA,NA,NA,NA,NA,NA,NA,NA,NA,NA,NA,NA,NA,NA,NA,NA,NA,NA,NA,NA,NA,NA,8.91233440387371,0,119.759161098873,72,73,72,72,72,NA,NA,NA,NA,NA,NA,NA,NA,17.3320033338201,0,103.905798145049,41,41,41,67,41,3.51453826483547,0,11.3366954171785,1,1,1,16,1,NA,NA,NA,NA,NA,NA,NA,NA,10.8356040071944,0,46.1365366413337,7,7,7,28,7
"70","US-CS2","FT",7.76775317793995,18,105.072369049044,3,19,12,56,30,5.7486241128158,0,54.4790558339197,72,73,72,72,72,3.89610301520299,0,33.323142505659,72,73,72,72,72,16.2293235540502,6,248.155910735714,72,73,72,72,72,12.695752664287,1,214.671244951189,72,73,72,72,72,11.077678963081,0,130.393294018999,12,12,12,61,12,6.00546667465677,0,47.0463817508738,14,14,14,64,14,5.50547885677871,23,71.2357439416711,3,12,3,49,26,14.0786897843689,0,38.0713579713825,13,13,13,67,13,4.52758373162848,0,28.1942002175565,11,11,11,52,11,5.81209093224051,23,25.8085609414065,1,7,6,23,29,20.4146317199168,0,54.0857887639385,36,36,36,69,36
"71","US-CS2","GS",6.72162278929801,17,58.9905892684735,1,9,6,33,23,8.25916780088142,0,77.2100451096743,13,13,13,70,13,6.63450180471083,0,60.701109040664,10,10,10,65,10,14.346486666271,6,179.030927306543,13,13,7,53,13,12.695752664287,1,199.159975212845,13,13,12,70,13,11.7356156055084,0,110.742835287435,11,11,11,49,11,8.23635623600478,0,61.1310728259621,11,11,11,61,11,5.50547885677871,23,34.2132638583202,1,6,2,24,25,23.7174440945943,0,66.4185874804437,11,11,11,58,11,5.90687329354396,0,45.2878272407234,11,11,11,51,11,6.49747008392303,0,17.6390804237314,2,2,2,12,2,22.8763083239046,0,71.682499699659,15,15,15,58,15
"72","US-CS2","NGS",NA,NA,NA,NA,NA,NA,NA,NA,4.15628207374365,0,53.2870011401398,11,11,11,67,11,3.19212899217387,0,42.0820195922105,12,12,12,62,12,NA,NA,NA,NA,NA,NA,NA,NA,NA,NA,NA,NA,NA,NA,NA,NA,NA,NA,NA,NA,NA,NA,NA,NA,6.25234506244458,3,85.2662800046755,12,12,9,70,12,NA,NA,NA,NA,NA,NA,NA,NA,22.2223446463197,0,63.9092701097151,61,61,61,71,61,4.08055227979051,0,39.7953560236135,11,11,11,58,11,NA,NA,NA,NA,NA,NA,NA,NA,20.6721169126951,0,51.3454741790497,12,12,12,70,12
"73","US-CS3","FT",NA,NA,NA,NA,NA,NA,NA,NA,9.63175748269381,0,134.17478041036,72,73,72,72,72,6.35974824593545,0,90.9551354056756,72,73,72,72,72,NA,NA,NA,NA,NA,NA,NA,NA,NA,NA,NA,NA,NA,NA,NA,NA,NA,NA,NA,NA,NA,NA,NA,NA,8.02813747058293,0,98.337552315809,72,73,72,72,72,NA,NA,NA,NA,NA,NA,NA,NA,17.4307213064577,0,78.4352826139405,41,41,41,70,41,4.33940271404657,0,34.1183020589319,9,9,9,50,9,NA,NA,NA,NA,NA,NA,NA,NA,13.1711431023207,0,63.5726694203043,33,33,33,60,33
"74","US-CS3","GS",NA,NA,NA,NA,NA,NA,NA,NA,13.2710305422412,0,135.891646190514,8,8,8,42,8,11.4681464658449,0,119.991467187251,9,9,9,42,9,NA,NA,NA,NA,NA,NA,NA,NA,NA,NA,NA,NA,NA,NA,NA,NA,NA,NA,NA,NA,NA,NA,NA,NA,12.3044550672744,0,83.2067234180287,8,8,8,31,8,NA,NA,NA,NA,NA,NA,NA,NA,25.114418727357,0,52.1384418853301,1,1,1,14,1,10.1151519877534,0,48.4951847396709,5,5,5,17,5,NA,NA,NA,NA,NA,NA,NA,NA,24.8486646808472,0,81.6321355331904,1,1,1,21,1
"75","US-CS3","NGS",NA,NA,NA,NA,NA,NA,NA,NA,9.45344598940168,0,147.320635034748,72,73,72,72,72,5.62438920745732,0,100.794778279459,72,73,72,72,72,NA,NA,NA,NA,NA,NA,NA,NA,NA,NA,NA,NA,NA,NA,NA,NA,NA,NA,NA,NA,NA,NA,NA,NA,8.17290071602858,0,107.553241104378,72,73,72,72,72,NA,NA,NA,NA,NA,NA,NA,NA,16.5444353737283,0,93.4662562097355,19,19,19,64,19,3.63037825937418,0,15.3146543534879,2,2,2,15,2,NA,NA,NA,NA,NA,NA,NA,NA,10.6332569754315,0,37.0898838684892,3,3,3,24,3
"76","US-CS4","FT",NA,NA,NA,NA,NA,NA,NA,NA,10.0414795770327,0,137.845919879698,72,73,72,72,72,6.42572827331867,0,95.9640640099732,72,73,72,72,72,NA,NA,NA,NA,NA,NA,NA,NA,NA,NA,NA,NA,NA,NA,NA,NA,NA,NA,NA,NA,NA,NA,NA,NA,9.30434892156612,0,105.450819321944,72,73,72,72,72,NA,NA,NA,NA,NA,NA,NA,NA,18.5152577921708,0,76.6515504843226,62,62,62,70,62,4.19500338739185,0,24.4637317461644,7,7,7,35,7,NA,NA,NA,NA,NA,NA,NA,NA,13.6521615294288,0,51.2439615780645,12,12,12,53,12
"77","US-CS4","GS",NA,NA,NA,NA,NA,NA,NA,NA,16.2133177639149,0,174.339703061552,9,9,9,50,9,13.5666479763908,0,162.482972501789,10,10,10,57,10,NA,NA,NA,NA,NA,NA,NA,NA,NA,NA,NA,NA,NA,NA,NA,NA,NA,NA,NA,NA,NA,NA,NA,NA,14.3173435578523,0,101.972516268998,8,8,8,37,8,NA,NA,NA,NA,NA,NA,NA,NA,26.6063840186726,0,67.3143716974125,1,1,1,14,1,10.4746908300836,0,16.6533154607388,1,1,1,6,1,NA,NA,NA,NA,NA,NA,NA,NA,24.6130803049654,0,38.0023867462224,1,1,1,4,1
"78","US-CS4","NGS",NA,NA,NA,NA,NA,NA,NA,NA,7.36387542263824,0,128.045938607429,72,73,72,72,72,4.82837255120891,0,93.2432868991456,72,73,72,72,72,NA,NA,NA,NA,NA,NA,NA,NA,NA,NA,NA,NA,NA,NA,NA,NA,NA,NA,NA,NA,NA,NA,NA,NA,6.83905684664843,0,105.407734488304,72,73,72,72,72,NA,NA,NA,NA,NA,NA,NA,NA,19.7715497743851,0,86.322239627786,34,34,34,71,34,3.6114839574179,0,15.4581462031842,1,1,1,20,1,NA,NA,NA,NA,NA,NA,NA,NA,13.4691978694111,0,44.386620044333,8,8,8,34,8
"79","US-CS5","FT",7.05801879264263,4,152.597208827219,72,73,72,72,72,9.62431490232538,0,135.488895039664,33,33,33,68,33,7.02757094496387,0,113.167699508981,72,73,72,72,72,7.76282723863928,18,157.619578221608,72,73,72,72,72,7.84726860916963,0,160.854906195888,30,30,30,70,30,8.11962126800201,1,165.020152313949,53,53,52,70,53,9.13711985404173,0,101.36881246941,14,14,14,59,14,5.9987243547242,0,121.326341747201,39,39,39,54,39,22.3517266100434,0,102.161580328031,64,64,64,71,64,4.92789032164167,0,41.3202358604822,11,11,11,41,11,6.20785313385015,0,70.1774041652649,4,4,4,29,4,17.5335991857243,0,69.7869069327756,6,6,6,52,6
"80","US-CS5","GS",7.98707885633398,22,90.2670884873493,3,7,4,43,26,13.0329930932415,0,148.226545627066,6,6,6,45,6,11.4127044475286,0,129.486185690269,7,7,7,46,7,7.72004238308324,22,128.940968857428,8,17,10,56,32,9.14135157813722,0,149.213401942311,3,3,3,59,3,8.21183013988024,1,148.626823548682,4,4,3,56,4,12.9139749047254,0,104.271534700828,12,12,12,37,12,6.177544312791,23,6.177544312791,0,1,1,1,24,25.9445875574997,0,46.1711652063235,1,1,1,17,1,9.65815329058823,0,48.4478842698386,1,1,1,13,1,6.23335937139572,0,17.9242841009089,2,2,2,4,2,24.2778213507531,0,36.945988486503,1,1,1,12,1
"81","US-CS5","NGS",NA,NA,NA,NA,NA,NA,NA,NA,10.6715613807045,0,182.243805265982,72,73,72,72,72,7.75067080386576,0,155.837460342885,72,73,72,72,72,NA,NA,NA,NA,NA,NA,NA,NA,NA,NA,NA,NA,NA,NA,NA,NA,NA,NA,NA,NA,NA,NA,NA,NA,9.09217822796113,2,146.068873414589,14,14,12,66,14,NA,NA,NA,NA,NA,NA,NA,NA,22.6609253108535,0,130.236086050316,1,1,1,70,1,4.62303651775538,0,21.1912241656306,1,1,1,10,1,NA,NA,NA,NA,NA,NA,NA,NA,16.4985474710311,0,62.9488908895974,1,1,1,39,1
"82","US-CS6","FT",4.37258555313697,23,91.8961161929234,72,73,72,72,72,9.84834788842493,0,131.689222608215,72,73,72,72,72,7.13935860565571,0,110.40341249406,72,73,72,72,72,4.2831593011077,1,82.8008988976584,72,73,72,72,72,5.14438566404509,0,72.4754422691302,72,73,72,72,72,8.31536851219331,0,88.9909063061875,72,73,72,72,72,8.03803329760154,0,86.0758005743451,14,14,14,60,14,3.81417861454783,0,32.0727946659826,7,7,7,42,7,22.6496702034173,0,85.8503663756814,18,18,18,71,18,4.32876626286275,0,43.8645581857035,9,9,9,41,9,4.11665421739387,0,16.1270086176541,6,6,6,31,6,16.4861126249497,0,69.7239172630474,29,29,29,63,29
"83","US-CS6","GS",8.24166104482861,23,136.120467309861,9,20,12,54,35,14.9639237675372,0,157.192787869411,5,5,5,46,5,12.8834295544238,0,145.070448387692,1,1,1,55,1,9.20868772601091,2,167.884553382242,10,10,8,62,10,9.79335012673675,22,171.905087570622,7,20,13,64,35,9.56530432820402,0,200.140062636907,27,27,27,69,27,14.6301018407816,0,96.9409685232629,8,8,8,34,8,7.34577167479219,3,56.6818367631502,6,6,3,24,6,30.3389545760291,0,114.717505313469,1,1,1,30,1,11.2567789268249,0,47.5906204575293,3,3,3,15,3,7.0225606691144,0,19.8745965417986,1,1,1,6,1,27.4549481643469,0,67.6925638636664,1,1,1,14,1
"84","US-CS6","NGS",3.77559387632313,0,76.1060459677591,33,33,33,67,33,6.9463993593077,0,110.720055917628,9,9,9,66,9,6.43198056712138,0,119.015909657098,72,73,72,72,72,3.24100111933823,1,42.809053453771,9,9,8,51,9,5.04074070659692,0,22.8343573296299,2,2,2,30,2,11.4232279339202,0,89.0827142450628,72,73,72,72,72,6.90327982390826,0,75.0764626381936,11,11,11,48,11,4.52197493644978,0,4.52197493644978,1,1,1,0,1,21.1952401616107,0,99.5525045492624,72,73,72,72,72,4.1537595187493,0,35.4736137596188,7,7,7,24,7,6.40923959258576,0,13.5339154495468,2,2,2,17,2,14.4516435684434,0,73.6605135086288,37,37,37,67,37
"85","US-CS8","FT",NA,NA,NA,NA,NA,NA,NA,NA,10.2227570604219,0,119.002356036834,7,7,7,58,7,8.94751650495131,0,137.363362899072,62,62,62,71,62,NA,NA,NA,NA,NA,NA,NA,NA,NA,NA,NA,NA,NA,NA,NA,NA,NA,NA,NA,NA,NA,NA,NA,NA,9.37439753789524,0,97.3865984124339,12,12,12,49,12,NA,NA,NA,NA,NA,NA,NA,NA,27.5267495142853,0,114.501379109543,13,13,13,54,13,6.6223510846493,0,70.3924838748282,10,10,10,53,10,NA,NA,NA,NA,NA,NA,NA,NA,22.7771375667509,0,62.3849922995755,1,1,1,38,1
"86","US-CS8","GS",NA,NA,NA,NA,NA,NA,NA,NA,11.6621360504736,0,136.831535448276,7,7,7,52,7,10.6211081322182,0,155.271501670881,12,12,12,68,12,NA,NA,NA,NA,NA,NA,NA,NA,NA,NA,NA,NA,NA,NA,NA,NA,NA,NA,NA,NA,NA,NA,NA,NA,10.3341299438715,0,101.267783169217,10,10,10,42,10,NA,NA,NA,NA,NA,NA,NA,NA,29.4157288746887,0,98.9542653091656,1,1,1,32,1,8.59695314841827,0,81.5308705572003,7,7,7,40,7,NA,NA,NA,NA,NA,NA,NA,NA,27.6689659219086,0,56.4508228946606,1,1,1,18,1
"87","US-CS8","NGS",NA,NA,NA,NA,NA,NA,NA,NA,14.0769587039718,0,134.219550829291,6,6,6,36,6,14.1193270588249,0,173.068409207509,8,8,8,32,8,NA,NA,NA,NA,NA,NA,NA,NA,NA,NA,NA,NA,NA,NA,NA,NA,NA,NA,NA,NA,NA,NA,NA,NA,13.7731816459285,0,103.048376865317,6,6,6,35,6,NA,NA,NA,NA,NA,NA,NA,NA,26.8156531457815,0,117.274894364824,1,1,1,30,1,10.9754262767088,0,20.4255797646766,2,2,2,3,2,NA,NA,NA,NA,NA,NA,NA,NA,21.0561398767874,0,41.9666543839999,1,1,1,6,1
"88","US-Cst","FT",0.897225763370487,0,14.1528564295127,8,8,8,59,8,8.50875061667944,0,49.9419698638121,72,73,72,72,72,5.45440096087558,0,33.6491541381654,72,73,72,72,72,2.73725191959127,1,46.7738428095841,72,73,72,72,72,3.52594925399417,1,46.4031173831132,72,73,72,72,72,5.99851104281754,0,51.1765821841443,72,73,72,72,72,7.82854841151526,0,47.272346260741,17,17,17,69,17,0.835937022182866,0,12.623673111838,16,16,16,59,16,12.6308861756406,0,35.3992549982511,72,73,72,72,72,4.02166319562942,0,26.6194470230047,17,17,17,67,17,1.34897590042153,0,10.4293587425334,11,11,11,36,11,11.8945394210092,0,33.0319616380701,39,39,39,67,39
"89","US-Cst","GS",1.18514192813453,0,14.0412643935504,6,6,6,39,6,8.59663107885894,0,56.3612387774127,14,14,14,64,14,6.40264428856217,0,39.5178808941299,13,13,13,60,13,4.50862408927967,4,80.152504472537,72,73,72,72,72,6.21228652767272,1,80.08315562294,72,73,72,72,72,9.23023648277341,0,85.333715152349,72,73,72,72,72,8.94443283862556,0,64.529919828749,18,18,18,68,18,1.41334563891598,0,13.3301375945722,7,7,7,48,7,16.0224523429875,0,48.9382383650174,16,16,16,67,16,5.75907253095617,0,42.3611053882598,17,17,17,68,17,2.11454840424572,0,20.6303171211016,30,30,30,55,30,15.5102625833209,0,50.8772547719454,37,37,37,66,37
"90","US-Cst","NGS",1.42874378228371,18,28.4558940383357,37,37,19,71,37,10.0726161425361,0,70.1899568672863,72,73,72,72,72,6.34942184764928,0,56.7033639247233,72,73,72,72,72,1.36000556993668,1,27.6546332011901,72,73,72,72,72,1.50242739620295,2,26.7249048332855,72,73,72,72,72,2.26466102898298,0,29.2831328871947,72,73,72,72,72,7.45677775291792,0,51.8494607144548,42,42,42,71,42,0.909394586956528,0,14.7574319318766,9,9,9,37,9,11.2420938547447,0,42.4457026393688,35,35,35,68,35,3.91890814778757,0,25.8669349734523,9,9,9,49,9,1.3272850853703,0,6.94658243616855,7,7,7,14,7,12.0287572931904,0,31.5982052121428,7,7,7,47,7
"91","US-DFC","FT",1.43711685797833,0,27.2202399650958,72,73,72,72,72,4.22142128433714,0,56.7166703695331,72,73,72,72,72,2.89432352319123,0,30.40088137284,72,73,72,72,72,2.41196110212218,0,46.7654149766288,72,73,72,72,72,2.39226066504993,1,44.0100307172141,72,73,72,72,72,2.78259163001904,1,47.732661489098,72,73,72,72,72,4.01455700085662,0,60.0448144738684,72,73,72,72,72,1.02322981675193,0,19.9784752482078,20,20,20,69,20,17.4207146537725,0,43.6134634481975,72,73,72,72,72,1.8849294835419,0,23.1380761223547,72,73,72,72,72,1.00702642460391,0,11.8360143561896,7,7,7,35,7,12.5910828503402,0,36.1663216999079,72,73,72,72,72
"92","US-DFC","GS",2.20134290784193,0,10.3087579169204,1,1,1,15,1,3.56215827377354,0,32.7453075726246,12,12,12,59,12,3.8702837917317,0,33.801945113403,10,10,10,53,10,3.0944698401381,0,61.225753514543,39,39,39,71,39,2.65006259718898,1,49.71832428206,18,18,17,71,18,3.35697626306027,0,63.0476520566807,72,73,72,72,72,3.66004639702223,0,52.0344295422821,29,29,29,67,29,2.15922343685496,0,20.8560988383189,2,2,2,32,2,24.8533427618607,0,71.7738079114005,39,39,39,71,39,3.58467525616878,0,45.1932659424638,9,9,9,69,9,1.9964111145212,0,19.4489838753823,6,6,6,24,6,20.1058848016605,0,61.2365670794969,28,28,28,64,28
"93","US-DFC","NGS",1.75434855116204,5,36.0201841880617,72,73,72,72,72,4.78170170130766,0,68.2261722104674,72,73,72,72,72,2.95658667437695,0,41.3092119433149,72,73,72,72,72,2.93653946510484,2,59.0701476953827,72,73,72,72,72,2.64208280646163,21,56.7982909509921,72,73,72,72,72,2.7246612639937,0,54.4951428912815,72,73,72,72,72,3.80545116735689,0,53.9645399335261,72,73,72,72,72,1.24839316235498,0,25.7999386785786,41,41,41,70,41,16.0280599628671,0,49.9070348160775,72,73,72,72,72,1.95428248345953,0,25.4885506811798,14,14,14,61,14,1.32802489893647,0,11.5808747028295,3,3,3,23,3,12.6177344012623,0,43.7235343780758,72,73,72,72,72
"94","US-DS3","FT",1.06457078837622,18,19.262753102747,0,5,3,66,21,4.81053948894163,0,50.5392144781748,72,73,72,72,72,2.72228410542129,0,38.0012345698133,14,14,14,71,14,3.07447937072361,3,60.5922212236471,72,73,72,72,72,3.36182167188487,18,69.8738652330694,72,73,72,72,72,3.52188571534953,0,77.597505198482,72,73,72,72,72,4.62948438801971,0,46.7289000542044,38,38,38,68,38,0.998623095782509,4,12.9911059989816,0,1,1,58,5,22.2702767742554,0,66.3747755732264,38,38,38,71,38,2.14291031064367,0,14.7670601722652,6,6,6,20,6,1.04186655098308,1,10.6186973252409,3,3,2,41,3,18.8301995354051,0,55.1635765085596,36,36,36,68,36
"95","US-DS3","GS",2.44424930164896,3,9.50789958800469,0,1,1,7,4,8.28922346739593,0,85.8075539822364,9,9,9,62,9,5.83292558659468,0,81.3939873157301,11,11,11,62,11,5.75726928471251,20,124.073695393922,72,73,72,72,72,6.4442905598766,23,143.829078456589,72,73,72,72,72,6.35911107085379,21,137.069163059272,72,73,72,72,72,7.80182990351272,0,63.4162754365269,11,11,11,42,11,NA,NA,NA,NA,NA,NA,NA,NA,28.6359681847502,0,122.77295744824,37,37,37,68,37,4.46849852927776,0,47.9613850850365,8,8,8,24,8,NA,NA,NA,NA,NA,NA,NA,NA,28.3071561917913,0,118.180192291128,31,31,31,54,31
"96","US-DS3","NGS",1.30752484940662,5,1.30752484940662,0,1,1,0,6,5.18936431619893,0,58.7765341016757,11,11,11,65,11,3.45233957968172,0,58.7954037069467,72,73,72,72,72,2.71534669879255,23,56.3148002581375,61,61,38,71,61,3.77007238780368,22,77.6634258287914,72,73,72,72,72,4.43135911815604,10,98.4621446561614,72,73,72,72,72,4.30557223273937,0,44.0450392099598,12,12,12,51,12,1.5209441563573,6,18.5507473202025,3,5,3,36,9,20.8464038450229,0,75.7400805698858,43,43,43,71,43,2.39472317634726,0,21.7281268325148,2,2,2,36,2,1.65707017313455,0,35.6593680308354,72,73,72,72,72,17.3188235115284,0,64.3069448733598,28,28,28,69,28
"97","US-Fmf","FT",1.18751849499667,23,20.3076031623796,72,73,72,72,72,4.62285216475555,0,41.2957861943464,72,73,72,72,72,3.53339777583027,0,31.9733210925502,72,73,72,72,72,2.66094603156779,1,43.6155041162544,72,73,72,72,72,3.35372275815899,0,47.0524179230228,72,73,72,72,72,3.13348067988097,0,45.6165983923319,72,73,72,72,72,4.6018702356226,0,39.4826190539868,72,73,72,72,72,1.20109014259947,0,17.9296587511693,72,73,72,72,72,34.8485902422842,0,60.0766290838825,72,73,72,72,72,2.53725825622903,0,21.7891180437992,72,73,72,72,72,0.9722150345248,0,13.7185132669481,72,73,72,72,72,25.2142496186961,0,45.3061329192762,72,73,72,72,72
"98","US-Fmf","GS",1.32696816354471,23,22.017183111613,72,73,72,72,72,4.69111796983568,0,41.8776719763064,72,73,72,72,72,4.20733895963393,0,38.4668255183422,38,38,38,70,38,3.38942740331276,1,56.5865486202255,72,73,72,72,72,4.45776988100068,0,61.7990377950748,72,73,72,72,72,4.59943329293961,0,63.6698786378678,72,73,72,72,72,4.67445827325171,0,36.0396771755005,13,13,13,68,13,1.51172467823336,0,21.1985655348975,72,73,72,72,72,39.1426916342959,0,68.5888107049155,1,1,1,71,1,3.28913710595749,0,28.228801804172,10,10,10,68,10,1.36533458703842,0,18.1194732789052,72,73,72,72,72,32.3589285336679,0,58.602899146811,72,73,72,72,72
"99","US-Fmf","NGS",1.7235429869169,23,19.2858151091383,7,12,8,40,31,4.65450196172225,0,61.1793559966578,72,73,72,72,72,3.52748792065131,0,55.8068656075501,72,73,72,72,72,2.62691093839555,0,25.5754554232904,6,6,6,42,6,3.16321425170035,2,59.8904932124271,72,73,72,72,72,3.15190326544657,3,61.304917760889,72,73,72,72,72,3.7246752864412,0,39.4109915976554,11,11,11,60,11,1.50249371701569,5,19.5208555158793,8,8,3,37,8,28.4420842041391,0,70.1929938147853,1,1,1,66,1,2.44942533989556,0,22.0292986042702,3,3,3,34,3,1.34975568661117,21,3.96654194749656,0,3,1,5,22,25.6569522047531,0,61.2320986471662,1,1,1,57,1
"100","US-Fuf","FT",1.2965479437909,23,21.7094799407883,72,73,72,72,72,4.1012409113225,0,38.0625711253745,72,73,72,72,72,3.31229578852931,0,30.8381204223793,72,73,72,72,72,3.02973734836819,1,44.7414146896124,72,73,72,72,72,3.02580715967834,0,41.3764867890133,72,73,72,72,72,2.88707506017147,0,39.7318825007818,72,73,72,72,72,3.93885445365041,0,34.1489058290418,72,73,72,72,72,1.16141874868732,0,16.7017143513067,72,73,72,72,72,34.9196368389307,0,58.9386121075254,72,73,72,72,72,2.15528010188684,0,20.9267964543094,72,73,72,72,72,0.913214071548432,0,12.1299961286333,9,9,9,60,9,27.4746244488589,0,47.4812805109903,72,73,72,72,72
"101","US-Fuf","GS",1.33623322256816,1,20.6505921624387,13,13,12,58,13,4.4908947311067,0,40.3768289136836,36,36,36,70,36,3.79191877638005,0,37.7713469632473,72,73,72,72,72,3.69570696714561,1,58.4032320188685,72,73,72,72,72,3.96368026786482,0,53.6036169779427,72,73,72,72,72,4.42104747317053,0,55.9474172578739,72,73,72,72,72,4.24255072896834,0,34.2097834405892,14,14,14,64,14,1.46166089771756,0,15.1118340493929,9,9,9,52,9,37.8583054221112,0,68.1293675680369,1,1,1,71,1,2.98100454964059,0,22.7526839943343,8,8,8,59,8,1.32712131196996,0,13.2412644596811,7,7,7,46,7,32.6727777296379,0,57.6970744457044,1,1,1,68,1
"102","US-Fuf","NGS",1.32042254306292,22,26.8034979212622,38,38,16,71,38,4.33848103001778,0,52.8673698053914,13,13,13,71,13,3.02520813694784,0,47.0200669973603,72,73,72,72,72,1.90198698896266,3,33.4391785833215,58,58,55,70,58,1.93622591336465,4,41.8595273214683,72,73,72,72,72,1.88975601717212,5,38.6871247564792,72,73,72,72,72,3.54974536566632,0,31.1265789658686,10,10,10,54,10,1.13676235837288,21,20.3941025440566,6,32,22,65,43,29.0843950846664,0,64.6585189418693,1,1,1,60,1,2.15784997269137,0,23.6550814486602,5,5,5,47,5,0.997856750474755,4,10.9194075745089,0,5,2,37,6,25.9664073637364,0,62.1250781835466,1,1,1,59,1
"103","US-Fwf","FT",1.03789579712025,0,16.489156865814,72,73,72,72,72,5.00272654022833,0,40.3382768781278,72,73,72,72,72,3.58432645378467,0,29.2584390983857,72,73,72,72,72,2.85385201268893,0,45.5942524000165,72,73,72,72,72,2.58379255936594,0,47.7519625072876,72,73,72,72,72,2.430619398458,1,46.3394023565038,72,73,72,72,72,4.03387478050077,0,30.0812458684203,72,73,72,72,72,0.693155182267754,0,11.9296956325582,63,63,63,71,63,34.9990296978266,0,54.122445823705,1,1,1,71,1,2.31087762094128,0,16.9517903947011,72,73,72,72,72,0.54898330623314,0,4.94278339777794,3,3,3,38,3,29.263665187542,0,45.5941527492238,1,1,1,71,1
"104","US-Fwf","GS",1.69135550204991,0,22.1209851443025,11,11,11,58,11,5.76241968980262,0,48.5050366181563,12,12,12,71,12,5.16798032597567,0,46.1201996050739,72,73,72,72,72,2.7288843078456,1,46.5173446220641,72,73,72,72,72,2.88918051279866,0,49.5373713618649,72,73,72,72,72,2.58746960441182,0,48.1455779106128,72,73,72,72,72,4.77228771181966,0,30.8449974528955,11,11,11,58,11,1.15974790107731,0,17.5016777719447,11,11,11,53,11,39.7237404800409,0,70.426766767234,1,1,1,71,1,3.71992732138977,0,31.4465852942026,55,55,55,71,55,1.07754220763356,0,9.19309637010871,4,4,4,34,4,37.6405075469079,0,66.976328669524,1,1,1,71,1
"105","US-Fwf","NGS",1.00090997227642,0,13.4893091294923,9,9,9,44,9,4.37816354942502,0,37.6612149860387,72,73,72,72,72,3.06932954798367,0,36.5403844657355,72,73,72,72,72,3.05113657640578,1,52.5669406670096,72,73,72,72,72,2.75452890734845,3,57.7382700596494,72,73,72,72,72,3.59643319907893,7,68.6930073338802,72,73,72,72,72,3.71147270315613,0,28.6071962474584,33,33,33,70,33,0.620239425208227,18,3.00347192538866,0,4,4,19,22,32.6684251113932,0,63.4209029492559,1,1,1,71,1,2.2017512427316,0,13.3528326145054,6,6,6,44,6,0.765396660395399,19,11.334610548724,2,14,5,44,24,28.1307709663886,0,55.0042246512412,1,1,1,70,1
"106","US-GLE","FT",0.325700028252485,22,6.58088803694386,72,73,72,72,72,2.66025076355964,0,17.6124795932097,72,73,72,72,72,2.23022923668407,0,11.3355985501525,72,73,72,72,72,0.688675407753753,9,14.4042024991859,72,73,72,72,72,0.687737477212922,7,15.2752528574836,72,73,72,72,72,0.683570905729971,6,14.9548592543373,72,73,72,72,72,3.02908311938172,0,19.1379184593291,72,73,72,72,72,0.33012131814335,13,7.40458555482469,72,73,72,72,72,24.7398685830985,0,37.2840962091946,72,73,72,72,72,2.10953332536751,0,9.89237816314926,43,43,43,70,43,0.24554622442827,0,4.97550440096292,7,7,7,69,7,18.55923796373,0,31.2999380040518,72,73,72,72,72
"107","US-GLE","GS",0.71748705099734,15,15.5263758898697,4,67,57,70,72,4.74383855744407,0,28.9567311230114,12,12,12,65,12,4.58519979520684,0,27.2172190698936,35,35,35,66,35,1.68151180077055,11,34.0820764476479,72,73,72,72,72,1.53612506139273,0,34.7135175542519,72,73,72,72,72,1.56801386469151,3,34.5467021520884,72,73,72,72,72,4.29580968316528,0,27.9310409777148,19,19,19,65,19,0.696216536333963,17,13.5470350516138,4,18,8,61,25,34.1314829160001,0,48.8067494068474,1,1,1,53,1,3.83761567018619,0,22.3547731186546,11,11,11,68,11,0.697026890985751,13,14.2822947613976,20,20,7,66,20,33.7828298805032,0,52.2616387617694,12,12,12,61,12
"108","US-GLE","NGS",0.342930276214688,20,7.6258092296367,34,34,14,69,34,1.6629062073088,0,12.5506418058963,72,73,72,72,72,1.3923753566561,0,10.9934234144778,72,73,72,72,72,0.895113947927656,9,19.3668318245665,72,73,72,72,72,0.887757902674544,0,19.5697709035298,72,73,72,72,72,0.962477019858736,0,21.1729366153974,72,73,72,72,72,2.18057573695592,0,13.6526596567622,72,73,72,72,72,0.420523177259656,8,8.58775029074668,12,12,4,71,12,20.5861968169119,0,34.9873158679758,72,73,72,72,72,1.47307859876096,0,8.55121048103043,16,16,16,66,16,0.305787191044882,9,4.13652094424317,2,8,3,41,12,15.8378503286448,0,27.6055443464937,72,73,72,72,72
"109","US-Ha1","FT",NA,NA,NA,NA,NA,NA,NA,NA,4.72518667793,0,24.6390637159146,72,73,72,72,72,2.49074573249305,0,10.1124164324791,72,73,72,72,72,NA,NA,NA,NA,NA,NA,NA,NA,NA,NA,NA,NA,NA,NA,NA,NA,NA,NA,NA,NA,NA,NA,NA,NA,4.07401097019499,0,23.2733779030882,72,73,72,72,72,NA,NA,NA,NA,NA,NA,NA,NA,11.248956754147,0,17.9608556138545,72,73,72,72,72,1.68533565704125,0,7.66016960487499,72,73,72,72,72,NA,NA,NA,NA,NA,NA,NA,NA,9.47199409270251,0,15.6347616049594,72,73,72,72,72
"110","US-Ha1","GS",NA,NA,NA,NA,NA,NA,NA,NA,5.38265486410498,0,25.5317191234781,72,73,72,72,72,3.95710165767139,0,16.149884189217,72,73,72,72,72,NA,NA,NA,NA,NA,NA,NA,NA,NA,NA,NA,NA,NA,NA,NA,NA,NA,NA,NA,NA,NA,NA,NA,NA,4.97616289907202,0,26.2108211254453,72,73,72,72,72,NA,NA,NA,NA,NA,NA,NA,NA,14.4233382394774,0,25.4183458600954,72,73,72,72,72,3.08567306543901,0,13.6332314458493,72,73,72,72,72,NA,NA,NA,NA,NA,NA,NA,NA,12.9972649807439,0,22.6200688825613,36,36,36,71,36
"111","US-Ha1","NGS",NA,NA,NA,NA,NA,NA,NA,NA,2.51061969416518,0,21.2129788465584,72,73,72,72,72,1.32973108803424,0,10.9293917635714,72,73,72,72,72,NA,NA,NA,NA,NA,NA,NA,NA,NA,NA,NA,NA,NA,NA,NA,NA,NA,NA,NA,NA,NA,NA,NA,NA,2.30068278819655,0,17.1972839956355,72,73,72,72,72,NA,NA,NA,NA,NA,NA,NA,NA,9.78045774400614,0,20.4217597805873,72,73,72,72,72,0.96225292203053,0,7.16675600831813,72,73,72,72,72,NA,NA,NA,NA,NA,NA,NA,NA,7.22909725448784,0,15.2025755321474,72,73,72,72,72
"112","US-HB2","FT",1.58401861332015,1,15.5112391334747,8,8,7,30,8,8.72383494360303,0,64.352283019566,7,7,7,58,7,5.10252254815083,0,42.994721533952,9,9,9,57,9,5.18024619359226,21,95.6168677409817,72,73,72,72,72,5.90130860005805,4,114.439297346425,72,73,72,72,72,9.77275493760261,0,116.77029502956,72,73,72,72,72,5.95885948144398,0,49.0749502501943,10,10,10,47,10,1.31077275045965,23,11.9074945116416,2,12,8,34,31,16.7630029498153,0,48.2523989363664,10,10,10,49,10,3.54052241268543,0,28.1021831350702,6,6,6,42,6,2.22934462146067,0,17.8271619728318,8,8,8,35,8,16.7055207419924,0,50.2584967419902,6,6,6,45,6
"113","US-HB2","GS",1.98980878316844,0,20.1170759649167,9,9,9,28,9,9.2089963697115,0,67.3019814296993,6,6,6,55,6,6.819582443876,0,49.5971357984553,7,7,7,45,7,2.30097608089386,2,29.6742759936342,8,8,6,46,8,2.88939250810702,3,45.0808280036091,14,14,11,55,14,3.32050260281218,0,48.1708191208132,11,11,11,46,11,6.64042121979352,0,49.0551832856122,9,9,9,39,9,1.9251739792173,21,16.166819734253,2,7,6,36,27,19.1159958796662,0,57.0665668514163,10,10,10,44,10,5.05494884026436,0,42.8626733750349,11,11,11,43,11,2.3275113810164,0,24.2945426307639,11,11,11,29,11,19.1045779888412,0,54.4910107550899,8,8,8,39,8
"114","US-HB2","NGS",3.39156699950779,2,29.2698977555665,0,7,6,28,8,10.2294218506096,0,75.3489100520321,7,7,7,39,7,5.11810350464415,0,45.0117962290361,8,8,8,22,8,7.35018969849204,22,101.183962849378,1,15,3,38,25,7.6805865693823,2,51.4081272295081,3,3,1,18,3,13.1868772519086,0,84.7526452584718,7,7,7,34,7,7.49571917534746,0,43.0176811016372,4,4,4,32,4,3.88033582631743,1,11.2585188878316,3,3,2,7,3,15.017226021453,0,25.1469819900229,2,2,2,13,2,3.61926447982366,0,7.19454455141293,1,1,1,2,1,5.92133955230709,0,29.9150769890785,2,2,2,21,2,18.759371121938,0,18.759371121938,1,1,1,1,1
"115","US-HB3","FT",1.33552202042414,0,20.5849225383518,61,61,61,71,61,7.54631597362535,0,50.2694462498987,72,73,72,72,72,4.91623350278308,0,31.4440229140571,72,73,72,72,72,3.48464473026798,1,50.1841595810284,72,73,72,72,72,3.42562464512293,0,50.9819800798309,72,73,72,72,72,3.8611859082162,0,50.3660498102719,72,73,72,72,72,5.89001777447386,0,37.163353630398,72,73,72,72,72,0.91690600425515,0,12.1906172565302,14,14,14,62,14,17.4477342301292,0,40.9640917944686,40,40,40,70,40,3.22277124019514,0,11.9797702215942,5,5,5,41,5,0.869541613012553,0,3.13230468185812,2,2,2,12,2,14.639751215881,0,29.3912392241454,8,8,8,49,8
"116","US-HB3","GS",1.63905534443551,1,27.2143350160941,37,37,36,70,37,8.88887847108265,0,62.8175746688685,40,40,40,71,40,6.86455652921943,0,38.8903550332461,14,14,14,61,14,3.28843162507165,1,52.1224373996906,72,73,72,72,72,3.7149141608493,0,50.0132219722992,72,73,72,72,72,4.33327032437393,0,51.9923657969912,72,73,72,72,72,8.26493626642207,0,55.4353728789128,18,18,18,69,18,1.38658827471665,0,13.8709315942079,5,5,5,43,5,19.7838312968639,0,50.6033389426274,18,18,18,67,18,5.28346014289313,0,26.751671152178,8,8,8,50,8,1.37037182402415,0,5.79185297596645,3,3,3,18,3,17.4837215860613,0,42.3779305559217,8,8,8,62,8
"117","US-HB3","NGS",2.17889885692796,3,38.1513899010134,43,43,40,67,43,5.90895138221371,0,67.1743168639315,39,39,39,71,39,4.19938610610454,0,53.889721912668,8,8,8,69,8,2.31672729765044,1,43.4755049197297,72,73,72,72,72,2.47993420636762,1,50.5350345160752,72,73,72,72,72,2.48832177718431,1,51.5447729064269,72,73,72,72,72,2.61390199727824,0,18.8337748565844,8,8,8,39,8,1.17409975995898,1,3.45189244521104,2,2,1,4,2,17.2480407781262,0,54.7059979326153,11,11,11,51,11,1.78670312162921,0,1.78670312162921,1,1,1,7,1,NA,NA,NA,NA,NA,NA,NA,NA,14.2300346156073,0,33.6817203431842,8,8,8,21,8
"118","US-Hn2","FT",1.70620338701456,15,28.6098631356681,4,21,18,65,33,3.83729916170363,0,64.2806285204274,72,73,72,72,72,2.83750160281633,0,54.3095816014785,72,73,72,72,72,1.90235472666573,2,37.9413156357543,38,38,36,71,38,1.95590937534136,0,31.0469102652556,15,15,15,71,15,3.14629997423525,0,40.3008439472355,72,73,72,72,72,3.130900821129,0,51.364792843745,72,73,72,72,72,1.20512509030492,0,11.2648083315013,5,5,5,17,5,26.5446978321661,0,65.5925432382469,72,73,72,72,72,1.80173440053152,0,23.3969988062028,2,2,2,40,2,1.44651856025717,0,13.0985820190979,4,4,4,16,4,20.5914893265673,0,46.3686388684854,1,1,1,56,1
"119","US-Hn2","GS",1.89719418448516,22,27.4322537662075,7,16,6,53,28,3.8580748763989,0,69.52283502522,59,59,59,71,59,2.92444398712839,0,65.2110154579685,24,24,24,70,24,4.63825065292725,2,84.2817493947533,40,40,38,70,40,3.87200390380208,0,72.3427978843268,72,73,72,72,72,4.736652910473,1,86.4942447583076,72,73,72,72,72,3.18697026626729,0,52.7995321523057,14,14,14,62,14,1.16144513732425,0,3.27853655503756,3,3,3,8,3,29.3053636772463,0,76.6552079488435,1,1,1,61,1,2.28255952706051,11,12.6169338108616,1,1,1,20,12,1.15301842233938,0,4.49197039859762,3,3,3,6,3,25.1115377012528,0,57.4330037553644,1,1,1,50,1
"120","US-Hn2","NGS",4.37272694145228,6,92.0091221141759,57,57,51,70,57,8.0562780442277,0,107.63408253339,72,73,72,72,72,5.91769526002244,0,104.515071136335,72,73,72,72,72,3.52087187253211,23,64.2906093991904,5,10,8,63,31,NA,NA,NA,NA,NA,NA,NA,NA,3.23772752469521,1,12.5064040532173,2,2,1,7,2,6.97372971946803,0,94.5577676900789,65,65,65,71,65,2.6621346533313,3,18.3367134843274,0,4,2,8,5,23.456782253734,0,91.6009443037842,1,1,1,58,1,4.5759612392292,0,59.1066583393878,1,1,1,37,1,2.71289112038792,0,5.36349752309349,1,1,1,3,1,17.4508311726559,0,69.7460327282997,1,1,1,47,1
"121","US-Hn3","FT",NA,NA,NA,NA,NA,NA,NA,NA,4.83962231366179,0,79.5968358087554,30,30,30,70,30,4.82658335069623,0,86.0568523377301,72,73,72,72,72,NA,NA,NA,NA,NA,NA,NA,NA,NA,NA,NA,NA,NA,NA,NA,NA,NA,NA,NA,NA,NA,NA,NA,NA,4.82789595520574,0,68.8908039848045,15,15,15,62,15,NA,NA,NA,NA,NA,NA,NA,NA,28.2352110835531,0,100.288533501469,1,1,1,64,1,3.80900586152051,0,43.9574299870915,2,2,2,40,2,NA,NA,NA,NA,NA,NA,NA,NA,21.276665564917,0,73.2765579122748,1,1,1,32,1
"122","US-Hn3","GS",NA,NA,NA,NA,NA,NA,NA,NA,5.28227662797407,0,40.951829148244,2,2,2,24,2,6.07604269678267,0,110.778899043865,7,7,7,60,7,NA,NA,NA,NA,NA,NA,NA,NA,NA,NA,NA,NA,NA,NA,NA,NA,NA,NA,NA,NA,NA,NA,NA,NA,5.38460245921701,1,49.9370354107436,7,7,6,30,7,NA,NA,NA,NA,NA,NA,NA,NA,33.3097905968228,0,124.736466382589,1,1,1,54,1,5.06119777784917,0,27.3264447126229,1,1,1,14,1,NA,NA,NA,NA,NA,NA,NA,NA,28.4348644506674,0,83.5986134755102,1,1,1,17,1
"123","US-Hn3","NGS",NA,NA,NA,NA,NA,NA,NA,NA,8.65472307081621,22,138.76637580372,8,19,9,64,31,8.2046928017183,0,171.657732972134,72,73,72,72,72,NA,NA,NA,NA,NA,NA,NA,NA,NA,NA,NA,NA,NA,NA,NA,NA,NA,NA,NA,NA,NA,NA,NA,NA,8.07552677392563,0,119.608564698498,13,13,13,50,13,NA,NA,NA,NA,NA,NA,NA,NA,26.9158656058811,0,172.020207329226,1,1,1,67,1,6.63530887028203,0,117.387630544048,3,3,3,60,3,NA,NA,NA,NA,NA,NA,NA,NA,20.4519014752196,0,136.288287682979,1,1,1,60,1
"124","US-Ho1","FT",0.481118226142012,21,10.8010843411276,72,73,72,72,72,5.83719029920946,0,52.0656951035682,72,73,72,72,72,2.70266551724444,0,16.295735308681,72,73,72,72,72,0.381586145032235,9,8.42679042638994,72,73,72,72,72,1.96178734792921,4,28.7910012323609,12,12,8,43,12,0.425609255002179,0,8.80718307506939,21,21,21,70,21,5.76224886644702,0,49.5926815969532,72,73,72,72,72,0.985366005825397,0,16.3424972555376,7,7,7,62,7,13.3382884636609,0,41.4898201899219,72,73,72,72,72,1.70264840230666,0,10.6682580725146,72,73,72,72,72,0.303664190812186,0,6.65748351159507,72,73,72,72,72,7.86213802800919,0,26.2946841640952,53,53,53,66,53
"125","US-Ho1","GS",0.571767193981157,21,12.4152668532162,72,73,72,72,72,5.38303362531388,0,50.4063444967591,72,73,72,72,72,3.63848493900381,0,23.038854775685,72,73,72,72,72,0.516835214258174,3,11.3353248322904,72,73,72,72,72,NA,NA,NA,NA,NA,NA,NA,NA,0.80740811131513,0,10.5248627579661,3,3,3,50,3,5.39384121041184,0,46.9821434433713,42,42,42,71,42,1.29542945891153,0,2.55022333949561,2,2,2,6,2,16.4571923093009,0,54.7477499223779,35,35,35,70,35,2.6934064086693,0,16.4400784728033,15,15,15,64,15,0.530240235301014,1,4.18658294424457,5,5,4,34,5,11.7245342316723,0,33.7420978565671,9,9,9,41,9
"126","US-Ho1","NGS",0.740352293270341,18,16.235190059955,72,73,72,72,72,4.73046300719606,0,51.8518301576818,72,73,72,72,72,1.73701156564402,0,22.1056920822889,72,73,72,72,72,0.535016135386473,9,11.9083674445527,72,73,72,72,72,NA,NA,NA,NA,NA,NA,NA,NA,0.780300728973382,13,17.1741670324922,72,73,72,72,72,3.8481854828334,0,43.2480394314439,40,40,40,71,40,1.34058166269607,4,2.66890793109761,0,1,1,3,5,12.2701314319166,0,56.5747242650619,72,73,72,72,72,0.908618095886603,0,7.88614838799968,4,4,4,36,4,0.562422762901106,11,12.6450788156553,72,73,72,72,72,7.32275984181762,0,30.0572080985176,9,9,9,43,9
"127","US-Ho2","FT",NA,NA,NA,NA,NA,NA,NA,NA,5.95588284446332,0,46.3847919805194,72,73,72,72,72,1.84663887602428,0,11.7180229071866,72,73,72,72,72,NA,NA,NA,NA,NA,NA,NA,NA,NA,NA,NA,NA,NA,NA,NA,NA,NA,NA,NA,NA,NA,NA,NA,NA,5.25950467454993,0,41.6244817874099,72,73,72,72,72,NA,NA,NA,NA,NA,NA,NA,NA,11.0062470153763,0,30.0376302254338,72,73,72,72,72,1.39275792772971,0,9.53205396925813,72,73,72,72,72,NA,NA,NA,NA,NA,NA,NA,NA,7.88454055236531,0,21.1722994486075,34,34,34,62,34
"128","US-Ho2","GS",NA,NA,NA,NA,NA,NA,NA,NA,6.35711216337685,0,40.4509802319307,61,61,61,71,61,2.58831754011432,0,16.9987409288057,72,73,72,72,72,NA,NA,NA,NA,NA,NA,NA,NA,NA,NA,NA,NA,NA,NA,NA,NA,NA,NA,NA,NA,NA,NA,NA,NA,5.61377659929175,0,38.7914586505296,72,73,72,72,72,NA,NA,NA,NA,NA,NA,NA,NA,15.2128426262929,0,44.8293218708325,16,16,16,64,16,1.99414557844606,0,14.0158532663975,72,73,72,72,72,NA,NA,NA,NA,NA,NA,NA,NA,11.869279998972,0,23.6355618961708,6,6,6,22,6
"129","US-Ho2","NGS",NA,NA,NA,NA,NA,NA,NA,NA,6.30704808679442,0,66.1550502040707,72,73,72,72,72,1.41036360696616,0,18.8765277838215,72,73,72,72,72,NA,NA,NA,NA,NA,NA,NA,NA,NA,NA,NA,NA,NA,NA,NA,NA,NA,NA,NA,NA,NA,NA,NA,NA,3.25105824331402,0,34.9381576611365,72,73,72,72,72,NA,NA,NA,NA,NA,NA,NA,NA,8.23150350929645,0,32.8308934819115,42,42,42,70,42,0.849361898972035,0,10.9077506699396,72,73,72,72,72,NA,NA,NA,NA,NA,NA,NA,NA,6.48072668412395,0,12.8611043924838,3,3,3,12,3
"130","US-HWB","FT",1.18154058537187,0,23.2598068082364,72,73,72,72,72,7.70649426616974,0,55.1821872236446,72,73,72,72,72,4.60946182578278,0,35.9412152134267,72,73,72,72,72,2.22457264252086,1,38.9014224692414,72,73,72,72,72,2.70831957045922,0,43.559128929293,72,73,72,72,72,2.46921290526722,0,39.9089410857813,72,73,72,72,72,6.9248574482554,0,49.1914017023962,72,73,72,72,72,1.17384298878087,0,21.2754769849688,72,73,72,72,72,19.5438335170828,0,52.0674887295605,72,73,72,72,72,3.61517759039516,0,27.5921678229538,72,73,72,72,72,1.0607048366127,0,9.8089162022404,4,4,4,40,4,15.2185396031195,0,44.5124590207479,72,73,72,72,72
"131","US-HWB","GS",1.75491838588148,0,30.0540923056313,10,10,10,59,10,8.29380247034901,0,64.7757623663708,72,73,72,72,72,6.16163383374766,0,49.6640592710682,16,16,16,70,16,4.24833970800551,1,79.9139955029028,72,73,72,72,72,5.5036662202565,0,79.7987014368348,72,73,72,72,72,5.74026549703449,0,77.5305091599815,72,73,72,72,72,7.37975147963845,0,59.2138960595529,43,43,43,71,43,1.79576778024062,0,12.3685290343739,4,4,4,28,4,22.3526470182938,0,67.6339753912825,72,73,72,72,72,5.34944790823717,0,46.4307662772414,32,32,32,70,32,1.89127597941285,0,9.19635254042362,4,4,4,21,4,21.2127287299545,0,67.7761833932152,72,73,72,72,72
"132","US-HWB","NGS",1.67368009693353,1,28.846993968953,21,21,20,40,21,6.64481838369987,0,63.9093062240236,72,73,72,72,72,4.56480295683881,0,54.8564815078697,72,73,72,72,72,1.90998045824153,0,21.440109574276,8,8,8,46,8,1.74812559778582,0,32.9151265705463,15,15,15,61,15,2.27767345893465,0,38.9339015618697,12,12,12,64,12,5.886327456093,0,53.6707668679508,63,63,63,71,63,1.26725740234827,15,4.96304633477404,2,1,1,3,16,20.2264603101856,0,70.3571668294916,65,65,65,71,65,3.1413075609635,0,23.2038558429685,6,6,6,34,6,1.3222009798718,0,4.89605817468981,2,2,2,7,2,13.9635609477803,0,52.0834598396305,29,29,29,58,29
"133","US-Jo1","FT",0.235666791435178,20,3.24524337144303,2,17,7,53,27,1.51018970146354,0,22.4186038547434,72,73,72,72,72,1.18979596622376,0,15.6391170805693,72,73,72,72,72,1.37292092228215,1,26.0837044973208,72,73,72,72,72,1.37411565496895,0,26.6267147414046,72,73,72,72,72,2.20331861041004,1,39.9092139175596,72,73,72,72,72,1.33680742167989,0,17.5024321515759,72,73,72,72,72,0.151681185668973,0,0.282345041512205,1,1,1,2,1,36.3836726033644,0,47.0600456249428,72,73,72,72,72,0.87446604660931,0,10.1266541814485,72,73,72,72,72,0.24523557058317,0,3.31235030096592,7,7,7,57,7,28.0434381137657,0,36.0908629992299,35,35,35,66,35
"134","US-Jo1","GS",0.302796305756325,20,4.26226788901123,4,15,5,47,25,1.60852395044903,0,23.4513954144203,72,73,72,72,72,1.35374370260203,0,18.578992397184,72,73,72,72,72,1.45776188058764,20,28.3320320959849,72,73,72,72,72,1.86748918066171,0,33.1626176116933,72,73,72,72,72,2.84489608104552,0,47.6617718154768,72,73,72,72,72,1.34458478478946,0,17.5385302034296,72,73,72,72,72,0.174785465865079,0,0.672570243844768,1,1,1,5,1,38.6813883854085,0,50.8336538493558,72,73,72,72,72,0.954623475409056,0,11.8611095284295,72,73,72,72,72,0.259926741659854,0,3.46983666951217,7,7,7,51,7,31.7293408777478,0,41.5603373422737,32,32,32,65,32
"135","US-Jo1","NGS",NA,NA,NA,NA,NA,NA,NA,NA,2.76560004713435,0,52.8677153860726,72,73,72,72,72,2.7591203451439,0,56.1119277996237,72,73,72,72,72,1.36826804695913,12,25.9689874804333,72,73,72,72,72,2.25631019503592,2,47.5004355751806,72,73,72,72,72,3.16451022338305,0,57.7945109715706,72,73,72,72,72,1.68052953568702,0,22.4214816973601,17,17,17,54,17,0.546077577464178,0,0.546077577464178,1,1,1,3,1,36.6304944783953,0,67.4167082664206,20,20,20,66,20,1.59438909802598,0,21.7384016998559,7,7,7,61,7,0.673208400956811,0,7.35115955096674,1,1,1,48,1,32.5618907622898,0,54.831126489122,1,1,1,47,1
"136","US-Jo2","FT",1.11602029180795,0,16.7828633470114,72,73,72,72,72,2.3084844162261,0,30.903754196797,72,73,72,72,72,1.45550310009672,0,18.6511894650645,72,73,72,72,72,4.29891474767896,0,54.8477825977707,72,73,72,72,72,3.82857124646305,1,43.7585156397368,72,73,72,72,72,3.88914112331885,1,48.8883377730294,72,73,72,72,72,1.84406770278134,0,21.698641383118,72,73,72,72,72,0.525272109541047,1,7.97523255998991,72,73,72,72,72,36.2953037350418,0,49.4559069760085,72,73,72,72,72,0.967809022019149,0,10.9943852339167,72,73,72,72,72,0.494035561011426,0,6.97300752315548,9,9,9,67,9,28.1586837166896,0,38.5278639429544,72,73,72,72,72
"137","US-Jo2","GS",1.35723317723224,0,21.5000893402574,72,73,72,72,72,2.31459990794659,0,30.8557686627119,72,73,72,72,72,1.56074032027466,0,21.8212831324599,72,73,72,72,72,5.77294276396775,1,68.8702257466339,72,73,72,72,72,5.21756898974275,1,59.5311945943285,72,73,72,72,72,4.75397029364521,1,55.4578552055657,72,73,72,72,72,1.80252218979592,0,20.7291556709136,72,73,72,72,72,0.731497751218466,0,10.313673914174,72,73,72,72,72,39.7740790039748,0,55.315745870931,72,73,72,72,72,1.05483104708466,0,12.9195381418975,72,73,72,72,72,0.642776951217026,0,7.5424101370722,8,8,8,64,8,32.430724840462,0,45.2684355078135,72,73,72,72,72
"138","US-Jo2","NGS",2.57437735391382,0,38.4295084600827,72,73,72,72,72,3.09626448540432,0,59.3236182549757,72,73,72,72,72,2.94353949745434,3,54.2544412447882,72,73,72,72,72,6.88198412877792,2,100.769225122176,72,73,72,72,72,4.12823827613265,15,90.7246392990243,72,73,72,72,72,4.54586452383461,4,89.9610501996757,72,73,72,72,72,1.84504112934526,0,26.7710075690638,9,9,9,63,9,0.876378064397072,0,6.56173836889581,5,5,5,30,5,34.1852731648121,0,67.8019213183591,16,16,16,68,16,1.66589863334043,0,22.0972763376775,7,7,7,51,7,0.911343154676825,0,6.70842951188796,2,2,2,27,2,33.3283162394676,0,67.4879493062642,9,9,9,66,9
"139","US-KFS","FT",0.727799217746456,0,11.1035899201485,72,73,72,72,72,3.86144512496395,0,27.6128575616524,72,73,72,72,72,2.82694148100714,0,16.283154315134,72,73,72,72,72,1.52038167990171,1,23.2555600098893,72,73,72,72,72,1.82321666221149,1,30.6061417968595,72,73,72,72,72,2.07443470763681,0,24.3310793991045,72,73,72,72,72,3.13280566153211,0,22.0746568807751,72,73,72,72,72,0.644698674396796,0,10.3428821228475,72,73,72,72,72,12.6702727621087,0,25.4979895309283,72,73,72,72,72,2.09041536426452,0,11.5956261182183,72,73,72,72,72,0.569670307639232,0,7.7111373173828,72,73,72,72,72,11.5120916771481,0,22.3212150357245,72,73,72,72,72
"140","US-KFS","GS",1.01177606366468,0,14.655221816948,18,18,18,64,18,4.23967316331439,0,27.2101079777893,72,73,72,72,72,4.52447443310201,0,25.9355806698689,72,73,72,72,72,1.12951975741846,20,23.1234123075232,72,73,72,72,72,1.99967321313402,1,31.0343987264588,72,73,72,72,72,2.21598254070642,1,26.9862650091728,72,73,72,72,72,3.57244708453968,0,23.3578970282897,72,73,72,72,72,0.937267505742279,0,15.5535690676158,38,38,38,71,38,17.5268176132003,0,37.857557218387,72,73,72,72,72,3.78366933046832,0,21.7342900548617,72,73,72,72,72,1.06563229607393,0,12.5843215014194,13,13,13,67,13,17.0497371476548,0,35.8018217543458,72,73,72,72,72
"141","US-KFS","NGS",0.613290040490688,0,11.559879245837,43,43,43,66,43,2.14845685487583,0,25.5083656853127,72,73,72,72,72,1.93205810084253,0,18.9759337046803,72,73,72,72,72,2.11593986021662,0,41.7262110652767,72,73,72,72,72,3.28032902752485,2,62.0488943096044,72,73,72,72,72,3.03522766137793,0,52.4258330194418,72,73,72,72,72,1.94764885817756,0,19.2329573204497,72,73,72,72,72,0.712320505935807,0,13.8583361466577,72,73,72,72,72,11.2912905679161,0,29.2203988127349,72,73,72,72,72,1.92683679058422,0,15.4421772860657,72,73,72,72,72,0.601626777807278,0,11.8796232033899,72,73,72,72,72,11.4260566666289,0,27.994445485467,72,73,72,72,72
"142","US-KLS","FT",0.592468902789097,23,12.1483350032192,72,73,72,72,72,2.72945673051626,0,30.3468077203573,72,73,72,72,72,1.6298654249977,0,17.2854998196866,55,55,55,71,55,2.61771670502938,0,51.1572278883461,72,73,72,72,72,3.01842562544531,22,58.0476896689189,72,73,72,72,72,1.74624423979252,1,36.5304393152943,72,73,72,72,72,2.22424446350839,0,24.8405820741164,72,73,72,72,72,0.600726204960678,1,11.5260803937699,72,73,72,72,72,9.89098305013072,0,26.1511348914044,72,73,72,72,72,1.24628572112115,0,12.6843236322445,20,20,20,69,20,NA,NA,NA,NA,NA,NA,NA,NA,9.45483895256026,0,24.4928470799631,72,73,72,72,72
"143","US-KLS","GS",0.780559558179927,0,3.45399443923245,1,1,1,8,1,2.54771875858274,0,30.359631330674,39,39,39,71,39,2.51809699585129,0,24.2527065949477,13,13,13,68,13,3.50684967131167,2,66.6654422132221,72,73,72,72,72,3.87269484038376,22,74.2327517382733,72,73,72,72,72,2.98333692830201,14,63.0701060302214,72,73,72,72,72,2.2238842306536,0,27.6243099397668,72,73,72,72,72,0.817751415740171,0,9.54658037351312,7,7,7,33,7,13.1537910985108,0,40.1243310904555,72,73,72,72,72,2.26002685843357,0,20.3679689119732,8,8,8,64,8,NA,NA,NA,NA,NA,NA,NA,NA,12.7738376292365,0,38.1795920300949,72,73,72,72,72
"144","US-KLS","NGS",1.53403874835119,21,31.6510183544494,72,73,72,72,72,3.04330500905705,0,44.4934153878165,72,73,72,72,72,2.16438571464688,0,30.8516948627882,72,73,72,72,72,3.33546437508774,2,69.9854211985713,72,73,72,72,72,3.22675085648648,2,65.0125762270711,72,73,72,72,72,1.92897165210442,4,37.7889387184728,72,73,72,72,72,2.23568813253499,0,31.2407559545513,72,73,72,72,72,0.972017570057771,22,19.3378940435215,72,73,72,72,72,9.95280178936826,0,40.4988106269501,72,73,72,72,72,1.57579321630332,0,21.2029632530404,35,35,35,69,35,NA,NA,NA,NA,NA,NA,NA,NA,9.45509311236421,0,37.1438071828255,72,73,72,72,72
"145","US-Kon","FT",0.582403694852974,9,12.5292775928545,72,73,72,72,72,3.60923397267343,0,28.760519371703,72,73,72,72,72,1.62517461834608,0,11.8062518256373,72,73,72,72,72,1.24541312036293,0,26.0001315994267,72,73,72,72,72,1.28212458545659,0,25.9941330714709,72,73,72,72,72,1.09113747770836,1,22.0014801292436,72,73,72,72,72,3.15590918012082,0,26.5534388513687,72,73,72,72,72,0.450626646184631,8,9.59628032097263,72,73,72,72,72,11.0662233338148,0,21.092575783231,72,73,72,72,72,1.17317304709408,0,9.34668073954733,72,73,72,72,72,0.339216858746217,0,6.82074374958023,72,73,72,72,72,10.8804867780787,0,20.2715135656231,72,73,72,72,72
"146","US-Kon","GS",0.924220435038606,0,18.8825320870167,24,24,24,69,24,3.71897898699469,0,23.6807878253726,13,13,13,68,13,3.58624895058662,0,20.2611302332513,13,13,13,64,13,1.93302825118,13,40.6708203327289,72,73,72,72,72,1.96556745728599,0,39.7852735451562,72,73,72,72,72,2.04777834676438,1,35.7831422629201,72,73,72,72,72,3.6952181516381,0,25.2824853045879,56,56,56,70,56,0.856666903326008,0,17.47047304418,72,73,72,72,72,14.9846590361224,0,35.2904194683372,72,73,72,72,72,3.53842961318071,0,22.8456600710287,72,73,72,72,72,0.909100022282272,0,14.4094292767239,16,16,16,64,16,14.8270135140206,0,34.867835812074,72,73,72,72,72
"147","US-Kon","NGS",0.780117689488977,1,14.7362746670457,72,73,72,72,72,3.0772489970111,0,34.0883390126235,72,73,72,72,72,1.42134294572887,0,15.9025165960533,72,73,72,72,72,1.18548046904919,1,23.4823824312486,72,73,72,72,72,1.34736389709121,15,29.4558519464301,72,73,72,72,72,1.12531306704485,22,25.4698904554443,72,73,72,72,72,2.21621412148216,0,24.235678078771,72,73,72,72,72,0.527523940304603,4,11.6080223829455,72,73,72,72,72,12.4330919496673,0,28.2734176243608,72,73,72,72,72,0.976478324079952,0,10.3436138046579,41,41,41,70,41,0.4186666124853,1,8.18019297932734,16,16,15,66,16,11.7432868796588,0,26.0087834539575,72,73,72,72,72
"148","US-KS1","FT",NA,NA,NA,NA,NA,NA,NA,NA,12.3161210703452,0,91.2911229932919,14,14,14,64,14,10.3405612564042,0,78.0826094552183,14,14,14,60,14,NA,NA,NA,NA,NA,NA,NA,NA,NA,NA,NA,NA,NA,NA,NA,NA,NA,NA,NA,NA,NA,NA,NA,NA,10.3486795811537,0,67.2604265066925,7,7,7,57,7,NA,NA,NA,NA,NA,NA,NA,NA,27.3574004577514,0,78.9626677930841,11,11,11,57,11,8.54612178506453,0,54.4832708975825,8,8,8,50,8,NA,NA,NA,NA,NA,NA,NA,NA,25.3227924307589,0,72.7781322331254,11,11,11,49,11
"149","US-KS1","GS",NA,NA,NA,NA,NA,NA,NA,NA,12.3161210703452,0,91.2911229932919,14,14,14,64,14,10.3405612564042,0,75.3338435926981,11,11,11,59,11,NA,NA,NA,NA,NA,NA,NA,NA,NA,NA,NA,NA,NA,NA,NA,NA,NA,NA,NA,NA,NA,NA,NA,NA,10.3486795811537,0,67.2604265066925,7,7,7,56,7,NA,NA,NA,NA,NA,NA,NA,NA,27.3574004577514,0,78.9626677930841,11,11,11,56,11,8.54612178506453,0,54.4832708975825,8,8,8,50,8,NA,NA,NA,NA,NA,NA,NA,NA,25.3227924307589,0,72.7781322331254,11,11,11,48,11
"150","US-KS1","NGS",NA,NA,NA,NA,NA,NA,NA,NA,NA,NA,NA,NA,NA,NA,NA,NA,NA,NA,NA,NA,NA,NA,NA,NA,NA,NA,NA,NA,NA,NA,NA,NA,NA,NA,NA,NA,NA,NA,NA,NA,NA,NA,NA,NA,NA,NA,NA,NA,NA,NA,NA,NA,NA,NA,NA,NA,NA,NA,NA,NA,NA,NA,NA,NA,NA,NA,NA,NA,NA,NA,NA,NA,NA,NA,NA,NA,NA,NA,NA,NA,NA,NA,NA,NA,NA,NA,NA,NA,NA,NA,NA,NA,NA,NA,NA,NA
"151","US-KS2","FT",NA,NA,NA,NA,NA,NA,NA,NA,9.68935829588318,0,45.6934747875816,72,73,72,72,72,6.95023897006072,0,28.9668972990165,72,73,72,72,72,NA,NA,NA,NA,NA,NA,NA,NA,NA,NA,NA,NA,NA,NA,NA,NA,NA,NA,NA,NA,NA,NA,NA,NA,7.28866528302149,0,34.2305876786798,72,73,72,72,72,NA,NA,NA,NA,NA,NA,NA,NA,18.8683215347631,0,37.9731312673365,16,16,16,67,16,4.65876937354028,0,17.6882718237387,15,15,15,61,15,NA,NA,NA,NA,NA,NA,NA,NA,16.7822394162317,0,32.9971610914898,14,14,14,55,14
"152","US-KS2","GS",NA,NA,NA,NA,NA,NA,NA,NA,10.2441156528447,0,53.0419180574666,16,16,16,71,16,8.44996728805127,0,35.5410249255835,17,17,17,71,17,NA,NA,NA,NA,NA,NA,NA,NA,NA,NA,NA,NA,NA,NA,NA,NA,NA,NA,NA,NA,NA,NA,NA,NA,8.05103745513291,0,41.6895324349103,17,17,17,70,17,NA,NA,NA,NA,NA,NA,NA,NA,21.0583869804415,0,45.8945079526657,16,16,16,61,16,6.14512944744118,0,23.6379091958314,14,14,14,58,14,NA,NA,NA,NA,NA,NA,NA,NA,20.1095603138252,0,39.9278994304747,7,7,7,50,7
"153","US-KS2","NGS",NA,NA,NA,NA,NA,NA,NA,NA,9.9024912101871,0,66.9713761297383,72,73,72,72,72,5.8680438308812,0,48.2016778773551,38,38,38,69,38,NA,NA,NA,NA,NA,NA,NA,NA,NA,NA,NA,NA,NA,NA,NA,NA,NA,NA,NA,NA,NA,NA,NA,NA,7.30001801916989,0,46.0253293585241,16,16,16,63,16,NA,NA,NA,NA,NA,NA,NA,NA,15.7779913751517,0,43.4883192917953,11,11,11,46,11,4.01446088620535,0,13.302456633528,4,4,4,28,4,NA,NA,NA,NA,NA,NA,NA,NA,13.5557524672757,0,33.4332198797459,5,5,5,29,5
"154","US-Lin","FT",2.72786919457434,1,52.1115813184614,72,73,72,72,72,4.35171240665091,0,72.5139811533941,72,73,72,72,72,3.80791500764959,0,64.0739270953602,44,44,44,70,44,4.80552155270406,23,90.1843583379495,72,73,72,72,72,4.61966930126325,0,95.3489287662824,72,73,72,72,72,3.52595656679061,14,77.4373676879101,72,73,72,72,72,4.11115117104771,0,69.7560894355818,72,73,72,72,72,2.8040684455937,11,56.5146630970638,72,73,72,72,72,24.4671886923089,0,86.0669973222304,30,30,30,69,30,3.30002589341964,0,50.5564247983423,4,4,4,60,4,1.74736988568992,15,13.473706968832,2,5,3,23,18,21.5082732378799,0,72.8991401544919,1,1,1,69,1
"155","US-Lin","GS",2.75754280353027,1,53.4466405695657,72,73,72,72,72,4.36256540221538,0,74.4075548332947,72,73,72,72,72,3.82170608697272,0,65.9535939850768,44,44,44,70,44,4.89909147910365,23,91.5939630215257,72,73,72,72,72,4.6348573197211,0,96.2247224582993,72,73,72,72,72,3.57404910506935,13,78.6643981039674,72,73,72,72,72,4.0945549021522,0,70.9463950255118,67,67,67,71,67,2.86391512611096,11,57.3564202952358,72,73,72,72,72,24.5956828130101,0,88.4538837540971,30,30,30,69,30,3.40530066055062,0,50.4182829813891,4,4,4,58,4,1.83669241381905,15,10.6150800819141,0,4,2,18,17,21.972043939059,0,75.5909806167954,1,1,1,66,1
"156","US-Lin","NGS",NA,NA,NA,NA,NA,NA,NA,NA,NA,NA,NA,NA,NA,NA,NA,NA,NA,NA,NA,NA,NA,NA,NA,NA,NA,NA,NA,NA,NA,NA,NA,NA,NA,NA,NA,NA,NA,NA,NA,NA,NA,NA,NA,NA,NA,NA,NA,NA,NA,NA,NA,NA,NA,NA,NA,NA,NA,NA,NA,NA,NA,NA,NA,NA,NA,NA,NA,NA,NA,NA,NA,NA,NA,NA,NA,NA,NA,NA,NA,NA,NA,NA,NA,NA,NA,NA,NA,NA,NA,NA,NA,NA,NA,NA,NA,NA
"157","US-LS2","FT",1.58858144925519,0,26.4236589872844,72,73,72,72,72,5.95930857231998,0,49.9864811555243,72,73,72,72,72,3.58694674440978,0,32.4095511328908,72,73,72,72,72,2.64088414979109,1,29.5305176557669,72,73,72,72,72,5.78262456776886,0,30.4855701202664,72,73,72,72,72,7.03645818575384,0,32.8244289189423,72,73,72,72,72,5.31754769237834,0,36.2055953258296,14,14,14,61,14,2.94557252596637,0,19.0813373910329,32,32,32,65,32,30.2493822263423,0,55.4287415464326,72,73,72,72,72,2.15197416323373,0,12.8243334480336,11,11,11,46,11,2.63286779129082,0,11.1273310695806,9,9,9,32,9,22.1255814294894,0,40.5653482618039,34,34,34,61,34
"158","US-LS2","GS",2.23702103312913,0,32.3382031966285,9,9,9,71,9,6.13293541310941,0,47.0911308790258,12,12,12,66,12,5.16832638181668,0,42.5770269112299,12,12,12,71,12,9.66293833446783,1,99.219251884403,72,73,72,72,72,14.0302656486554,0,90.5204776956602,72,73,72,72,72,12.7694717058096,0,88.7768549771595,72,73,72,72,72,5.53414115275206,0,40.703522542724,19,19,19,68,19,2.84195894135244,0,16.9068093991027,7,7,7,42,7,35.0098898012713,0,67.2706545234215,72,73,72,72,72,3.84139814551359,0,21.5860742641312,11,11,11,40,11,2.289241136503,0,14.0157733509562,7,7,7,31,7,30.3505995195977,0,55.1870954296611,8,8,8,52,8
"159","US-LS2","NGS",2.0356274398662,0,40.306131049779,72,73,72,72,72,3.76221313491667,23,57.7896802929442,72,73,72,72,72,2.6755139712394,1,47.95114388362,72,73,72,72,72,3.31787252933713,1,47.9218089902146,72,73,72,72,72,6.08285938767955,0,53.3684145732407,72,73,72,72,72,6.3121083987177,0,56.6343019065752,72,73,72,72,72,2.67440541947237,0,32.5335394827454,18,18,18,67,18,2.18364513604753,0,25.2525780119581,25,25,25,49,25,24.5790565109268,0,58.1259007205213,14,14,14,63,14,1.37069520968413,0,12.568898130342,2,2,2,22,2,2.19706994657728,0,18.5957630908996,2,2,2,24,2,21.9937802697977,0,54.1614470721279,28,28,28,52,28
"160","US-Me1","FT",3.07838922257375,0,46.758470986573,10,10,10,59,10,6.05480885239679,0,58.4777796440871,7,7,7,46,7,5.83536427572715,0,74.3744323899463,10,10,10,66,10,2.99205021870646,2,35.8600420488783,9,9,7,38,9,4.22445722658614,1,34.8693438739608,6,6,5,31,6,6.64465955885466,2,62.0935840854811,7,7,5,48,7,5.82198046389118,0,48.8394491732331,10,10,10,43,10,2.5280910237113,0,30.4169921812888,9,9,9,36,9,28.9539338740351,0,112.938032576492,72,73,72,72,72,3.48683437928739,0,18.6036633891517,5,5,5,12,5,2.08776175534281,0,12.1724804180692,1,1,1,13,1,21.5011602025232,0,71.277847980718,9,9,9,57,9
"161","US-Me1","GS",4.81967502936907,1,57.0467714212737,6,6,5,41,6,5.69628639436941,0,19.0735611415857,3,3,3,12,3,6.86592175499655,0,73.6455359280311,3,3,3,42,3,5.13082551830769,1,53.3133607559322,11,11,10,37,11,7.50712248825077,2,39.811844966568,5,5,3,17,5,8.8972966098995,2,21.9857813862707,0,3,2,3,4,5.22574052268997,0,22.9806730913564,5,5,5,13,5,4.55418009046053,0,25.4067932887588,3,3,3,9,3,32.2058359936436,0,123.928477685782,1,1,1,52,1,5.6907293184492,0,18.5041046135097,2,2,2,12,2,4.25782990491572,23,4.25782990491572,0,1,1,0,24,28.4243386933592,0,96.5691835635544,1,1,1,36,1
"162","US-Me1","NGS",3.76046006639648,22,48.1431750777387,6,9,6,46,28,7.95632242114728,0,86.4186155192648,7,7,7,53,7,6.73869701697282,0,92.6811847389765,11,11,11,58,11,4.05213940619748,3,31.685105268303,7,7,4,27,7,5.07902925355666,1,50.0197768694882,3,3,2,37,3,6.61675310334701,2,65.4564561240809,7,7,5,42,7,7.15756802365215,0,71.070131478074,10,10,10,42,10,3.29055751975827,2,30.3885605844427,9,9,7,39,9,33.4067109375726,0,136.088307744706,19,19,19,57,19,4.72494428725319,0,38.925026191812,6,6,6,23,6,2.87795280546473,2,5.58099852737238,0,1,1,12,3,24.1680084938845,0,66.2183875027245,1,1,1,24,1
"163","US-Me2","FT",0.23355960180964,2,4.54111525714964,53,53,51,71,53,1.65136209373085,0,11.8642580416135,72,73,72,72,72,1.34578384103921,0,8.78567695207386,72,73,72,72,72,1.11602408025469,12,22.847192654553,72,73,72,72,72,1.3540603723226,0,21.4850363231177,72,73,72,72,72,1.93202880919471,0,23.0345007581668,72,73,72,72,72,1.53396711160698,0,10.5048539120538,72,73,72,72,72,0.245092929955263,0,3.78263604978957,40,40,40,69,40,22.7777243335569,0,29.6838916360343,72,73,72,72,72,1.02788378493076,0,7.0585310455758,72,73,72,72,72,0.311703073282994,0,3.55661824976844,18,18,18,67,18,20.8843209731874,0,26.5338575925354,65,65,65,71,65
"164","US-Me2","GS",0.279444933222185,3,5.28803080402365,16,16,13,55,16,1.71734259236767,0,14.0488380049842,72,73,72,72,72,1.55135309699068,0,11.6305043192305,72,73,72,72,72,1.37076176662704,12,26.8407763131988,72,73,72,72,72,1.77620048931882,0,27.1905733381673,72,73,72,72,72,2.65310104549799,0,29.7002759668106,72,73,72,72,72,1.60927471341557,0,12.7594553710695,72,73,72,72,72,0.315238885493366,0,4.36412551648358,16,16,16,60,16,24.5938075913053,0,33.9857636851692,72,73,72,72,72,1.25794912914148,0,9.91599874549628,72,73,72,72,72,0.459364389840128,0,4.28916512198145,9,9,9,55,9,23.6627797933551,0,32.0449585400021,64,64,64,71,64
"165","US-Me2","NGS",0.458930418791204,12,6.68648165767312,6,9,4,46,16,2.0825474413144,0,19.1821066392369,72,73,72,72,72,1.68300955313576,0,17.9240604274762,72,73,72,72,72,1.71518196264365,11,32.9386493847353,72,73,72,72,72,1.59695361682308,23,33.5088572602315,72,73,72,72,72,1.91063861596166,0,36.6844452156401,72,73,72,72,72,1.42892604698584,0,12.6835881672035,17,17,17,69,17,0.385151803681256,12,5.54367009156916,2,9,7,52,19,23.6165514054579,0,39.4849409681515,72,73,72,72,72,1.13741247275065,0,9.74168252959409,15,15,15,59,15,0.470493796127152,0,7.51606206615606,17,17,17,67,17,22.4992815165375,0,37.2362810636744,72,73,72,72,72
"166","US-Me3","FT",1.0170845577973,1,18.4289220051233,72,73,72,72,72,2.25133350134116,0,26.2095166130394,72,73,72,72,72,1.63386165984585,0,21.6484545201281,16,16,16,69,16,2.09094640153542,1,25.6460685169065,72,73,72,72,72,5.04602342663019,0,36.4971599705205,72,73,72,72,72,7.19530948391195,1,37.2536405042282,72,73,72,72,72,2.02016104171625,0,22.0924854081161,41,41,41,71,41,1.69589582399183,0,17.1417816408935,39,39,39,70,39,23.3761852656257,0,45.9300020527528,64,64,64,70,64,1.19654611841171,0,12.7476924793409,7,7,7,54,7,1.94938975577025,0,10.557295306082,4,4,4,37,4,20.9291269121696,0,39.5698634452592,32,32,32,68,32
"167","US-Me3","GS",0.965946698651652,1,18.1283234232889,72,73,72,72,72,2.22382561971993,0,26.1470108924082,72,73,72,72,72,1.63612033668155,0,21.4552346196652,15,15,15,70,15,2.05935258073928,1,24.779796549327,72,73,72,72,72,5.0539937848203,1,34.6067196134187,72,73,72,72,72,7.47687554275144,1,37.4001290177413,72,73,72,72,72,2.03452427301326,0,22.1121426126861,41,41,41,70,41,1.72192870784532,0,16.4731897028418,19,19,19,69,19,23.6877204132596,0,46.8642743002737,64,64,64,71,64,1.22234925688069,0,13.1266747459935,7,7,7,52,7,2.05856138848774,0,11.5376139782477,5,5,5,34,5,21.2696835587316,0,40.2637035664162,32,32,32,64,32
"168","US-Me3","NGS",7.97094751185119,21,160.211984144636,35,35,14,57,35,9.5720492512713,0,46.7786530252073,3,3,3,34,3,7.2795861894799,0,14.2432247743043,2,2,2,5,2,NA,NA,NA,NA,NA,NA,NA,NA,NA,NA,NA,NA,NA,NA,NA,NA,NA,NA,NA,NA,NA,NA,NA,NA,7.77119013751144,0,39.9613509348475,5,5,5,12,5,5.72173636945303,0,5.72173636945303,1,1,1,4,1,25.7115425949244,0,139.457414964933,1,1,1,56,1,NA,NA,NA,NA,NA,NA,NA,NA,5.08320144847182,0,5.08320144847182,1,1,1,0,1,24.5506414450637,0,78.5358011407672,1,1,1,22,1
"169","US-Me6","FT",0.385087504968535,9,8.08245035468733,72,73,72,72,72,2.2414275709161,0,18.4671874003702,72,73,72,72,72,1.27635660216384,0,12.0965980235184,72,73,72,72,72,0.8369443254241,1,16.0306177788334,72,73,72,72,72,0.944619212154509,0,18.6557162916914,72,73,72,72,72,0.90239421852268,0,15.8770793145397,72,73,72,72,72,2.36941746001491,0,17.7898110080709,72,73,72,72,72,0.4392015005106,13,8.95628456755814,72,73,72,72,72,21.369860244363,0,35.9484053152418,72,73,72,72,72,1.03610991500451,0,9.5526665707286,36,36,36,69,36,0.377130478351062,0,4.68608546736149,10,10,10,45,10,17.6073545341499,0,28.3038257579269,72,73,72,72,72
"170","US-Me6","GS",0.665309258801907,23,11.659045103082,31,31,8,70,31,2.03125143579657,0,20.5373616840521,72,73,72,72,72,1.47556070490277,0,16.4574488901432,72,73,72,72,72,2.51045749699435,1,44.5830749113346,72,73,72,72,72,2.475157998492,0,43.5391415881537,72,73,72,72,72,2.12202102708979,0,43.2291133191941,72,73,72,72,72,2.15707501019343,0,19.6534870989307,72,73,72,72,72,0.54813466860598,0,8.51483334669237,16,16,16,68,16,22.5737829272671,0,42.3980882406698,72,73,72,72,72,1.3021556322483,0,14.1098369914657,35,35,35,71,35,0.441425756440936,0,3.67271777202792,4,4,4,31,4,19.1769534881511,0,34.2796173662898,72,73,72,72,72
"171","US-Me6","NGS",0.686255946605946,12,14.8022199670922,72,73,72,72,72,3.22183940559469,0,35.7710854645979,72,73,72,72,72,1.99100307614204,0,26.1297695546837,72,73,72,72,72,2.48137741656456,10,45.9366453718561,72,73,72,72,72,2.5707333010933,18,54.9449702746448,72,73,72,72,72,2.97663012434786,0,53.2948019012202,72,73,72,72,72,3.00014068936525,0,27.1388877540437,16,16,16,67,16,0.610810070410111,0,10.4314590639352,5,5,5,55,5,21.8579425150305,0,47.033099090256,72,73,72,72,72,1.35923311809119,0,8.93933347029708,3,3,3,39,3,0.724915505348313,0,3.20174390693335,2,2,2,16,2,17.545516184792,0,35.435738987961,11,11,11,58,11
"172","US-MMS","FT",0.403520328953634,0,6.7399370864171,72,73,72,72,72,3.5814553440298,0,26.0220998946083,72,73,72,72,72,2.18728049678918,0,11.2848991825374,72,73,72,72,72,0.825529765267248,0,14.0188541055486,72,73,72,72,72,1.76927211056805,0,15.1790843205816,72,73,72,72,72,2.23837957263986,0,13.6762435297715,72,73,72,72,72,3.25614614696601,0,29.385164082081,72,73,72,72,72,0.57337531609312,0,5.32294918580089,72,73,72,72,72,15.7535801177083,0,23.4785985470256,72,73,72,72,72,1.5902924181912,0,10.2602982414723,72,73,72,72,72,0.744389806468223,0,5.01323712426562,62,62,62,70,62,14.1876293665714,0,23.6169963497575,72,73,72,72,72
"173","US-MMS","GS",0.497442067823746,0,6.85316704858522,10,10,10,65,10,3.097337255985,0,19.2239743419115,72,73,72,72,72,2.99208818345783,0,15.2065489466958,72,73,72,72,72,0.714016674662634,0,13.0584319793866,72,73,72,72,72,1.51379862569447,0,12.6468746930769,72,73,72,72,72,2.59988591229172,0,14.1786201881475,72,73,72,72,72,2.79707202186339,0,20.3599594901888,72,73,72,72,72,0.795620375789024,0,6.49662491257418,14,14,14,54,14,20.2473072501999,0,31.0564478682595,72,73,72,72,72,2.55858017967936,0,14.8339561302779,72,73,72,72,72,1.34771146496679,0,7.62989668213086,16,16,16,63,16,20.234553798052,0,30.910252253756,60,60,60,71,60
"174","US-MMS","NGS",0.640167677032029,0,10.5146087334158,72,73,72,72,72,2.80494281430406,0,25.8124809336076,72,73,72,72,72,2.07866057157963,0,17.491256991258,72,73,72,72,72,0.719717751112824,0,11.4395859824276,72,73,72,72,72,1.65540912735173,0,14.7469453349256,72,73,72,72,72,1.40869276321872,0,12.817947076917,72,73,72,72,72,2.38737935242696,0,21.4863497341459,72,73,72,72,72,1.02101200061888,0,10.0447141803516,72,73,72,72,72,13.4783358658341,0,27.7072986516088,72,73,72,72,72,1.39189134079313,0,11.9580049596881,72,73,72,72,72,0.916102911058838,0,8.50726149571085,28,28,28,67,28,10.8546617546474,0,22.103732177585,72,73,72,72,72
"175","US-Mo1","FT",0.473997244456783,0,9.27025472987812,23,23,23,71,23,5.58357200181355,0,30.8490139032225,72,73,72,72,72,4.34766757595031,0,20.9598180437378,72,73,72,72,72,1.64221701951863,12,33.4122091815448,72,73,72,72,72,2.00561675740138,1,36.8717274700532,72,73,72,72,72,2.8754724643213,0,37.7162675771652,72,73,72,72,72,5.44595218927324,0,27.0463825497286,72,73,72,72,72,0.445309952218526,0,8.2398027142167,72,73,72,72,72,17.0937788739753,0,32.1941292541255,72,73,72,72,72,3.25673768883365,0,13.4437717682345,14,14,14,64,14,0.521849221414819,0,5.84477244921531,10,10,10,48,10,13.1920986143921,0,25.320493528466,16,16,16,71,16
"176","US-Mo1","GS",0.995931515365264,6,17.3012490517138,17,17,11,52,17,6.92216492356803,0,51.2762746065213,64,64,64,71,64,7.11729869362301,0,43.8309470614183,12,12,12,69,12,3.0303163679501,15,63.3097569775435,72,73,72,72,72,3.82840058559495,0,61.5902928398871,72,73,72,72,72,5.4383441900054,0,63.6521566079585,72,73,72,72,72,7.16749739750249,0,49.0073034335544,68,68,68,71,68,0.966229086260152,0,10.4628920100177,4,4,4,22,4,21.5528397767249,0,52.5465103208654,14,14,14,64,14,6.46694045002844,0,31.6555888688483,11,11,11,54,11,1.24718108140788,0,10.9078209437352,7,7,7,25,7,19.51716755444,0,47.9277099611393,14,14,14,61,14
"177","US-Mo1","NGS",0.56349759306778,0,11.7651485869185,72,73,72,72,72,4.93632602884208,0,33.7247842607822,72,73,72,72,72,4.0790306369385,0,25.7061390827165,72,73,72,72,72,1.17278562809099,9,23.9994569011621,72,73,72,72,72,1.47849427296184,2,29.7514003398719,72,73,72,72,72,1.90335513683948,0,32.2849168381455,72,73,72,72,72,4.26787614789322,0,24.9567617404495,72,73,72,72,72,0.491468464059744,0,6.83628329399881,3,3,3,46,3,16.7953865539664,0,34.457217150526,72,73,72,72,72,2.71570493253565,0,14.5561002570933,15,15,15,63,15,0.559884628259217,0,5.891767643731,9,9,9,37,9,13.2030116302945,0,28.0904103173018,42,42,42,71,42
"178","US-Mo2","FT",0.767022669621796,1,14.0108905150397,72,73,72,72,72,6.05818645160721,0,41.3854256012164,72,73,72,72,72,4.84679206157409,0,26.2134212757057,72,73,72,72,72,2.50743389778042,0,53.4125931073566,72,73,72,72,72,3.4714767453653,0,57.6314916511039,72,73,72,72,72,3.98598432276319,0,55.8244055136792,72,73,72,72,72,6.17622109494428,0,39.6983909063784,72,73,72,72,72,0.608469265938144,0,9.27477444412788,17,17,17,55,17,16.6784310496837,0,37.6907018721889,72,73,72,72,72,4.09197676015424,0,21.4155657777675,72,73,72,72,72,0.643464974520746,0,9.76324686214723,38,38,38,69,38,14.5817345615176,0,35.1997848389257,72,73,72,72,72
"179","US-Mo2","GS",0.918473093882471,1,12.8472505144074,12,12,11,49,12,6.80171925778796,0,45.785565463564,62,62,62,71,62,7.25081681474651,0,39.1556698131439,34,34,34,67,34,4.99184413472842,21,102.530744667033,72,73,72,72,72,5.95921618744378,0,92.3771915318133,72,73,72,72,72,6.24644732280236,0,86.4499330640049,72,73,72,72,72,7.3307839683493,0,46.7073936193853,72,73,72,72,72,0.784452324283754,0,3.95528850504268,5,5,5,19,5,20.8184072429723,0,52.6598749701905,72,73,72,72,72,7.82279255882458,0,38.6131289633181,14,14,14,67,14,0.93210898159935,0,7.89792775766328,7,7,7,41,7,21.5623783475912,0,56.2695749140175,72,73,72,72,72
"180","US-Mo2","NGS",1.02086674754073,7,19.2462929298225,41,41,34,66,41,3.96880226904344,0,47.534733131595,72,73,72,72,72,3.53858981608026,0,36.5436394558266,72,73,72,72,72,2.10948521064176,17,41.3279230370595,30,30,13,71,30,2.80907083682425,2,58.0948993446268,72,73,72,72,72,3.04532550181652,0,52.8072776477145,72,73,72,72,72,3.92836933125443,0,33.7255160562962,14,14,14,66,14,0.801805110227051,0,16.0228769468882,18,18,18,52,18,15.7970003525822,0,43.0654879786653,38,38,38,60,38,3.18011907588273,0,24.5496436538635,14,14,14,64,14,0.764811468936045,0,14.6453468790531,18,18,18,56,18,13.4827947694608,0,38.1771094015399,32,32,32,71,32
"181","US-Mo3","FT",0.731182597872755,3,14.3078610598197,72,73,72,72,72,5.47993897241382,0,36.9651621782091,72,73,72,72,72,4.17358924953487,0,26.8938301813239,72,73,72,72,72,2.31513968782231,0,46.7228175596967,72,73,72,72,72,2.46653473289711,0,45.5565307794503,72,73,72,72,72,3.2456329126759,0,45.4496145551589,72,73,72,72,72,5.35743612581024,0,32.0556798544703,39,39,39,69,39,0.493124293250622,0,8.89351472166743,19,19,19,64,19,19.6763921961724,0,37.756855802406,72,73,72,72,72,3.10010379438595,0,16.7201457837527,16,16,16,57,16,0.533712209036414,0,5.41525731534521,13,13,13,23,13,15.3109202597509,0,31.3085365729896,38,38,38,71,38
"182","US-Mo3","GS",1.18602381070424,6,18.0322903264717,17,17,11,48,17,7.99986230828511,0,53.9036454231075,15,15,15,70,15,7.23816823074735,0,49.9388565346253,13,13,13,68,13,5.62472708321951,15,107.734798545784,72,73,72,72,72,5.60430624772324,1,99.514735881509,72,73,72,72,72,7.67177898018192,0,110.293767965811,72,73,72,72,72,8.0121293404564,0,49.7470104336127,18,18,18,66,18,0.829015166509504,0,5.41313037309812,4,4,4,11,4,24.843984777454,0,62.2077604164709,17,17,17,61,17,6.28346699339223,0,35.5566021850698,9,9,9,51,9,1.14556761552687,0,9.73276237513277,6,6,6,22,6,23.3762749840234,0,56.7869811523771,9,9,9,55,9
"183","US-Mo3","NGS",0.744764787456381,11,15.5445579720593,72,73,72,72,72,4.03728063636385,0,37.368395073494,72,73,72,72,72,3.4169643088823,0,28.4116405239686,72,73,72,72,72,1.416355031685,1,29.4912966952828,72,73,72,72,72,1.48950085258613,8,32.1723945323822,72,73,72,72,72,1.88139196127469,1,33.0031795858417,72,73,72,72,72,4.1666234445198,0,27.1545996835763,18,18,18,64,18,0.506837959527819,0,5.34155995021295,3,3,3,18,3,18.2631835777154,0,38.1076188865943,19,19,19,67,19,3.10770191443157,0,11.6744128949812,10,10,10,24,10,0.584784103752129,0,4.49538799953543,4,4,4,9,4,14.7460363401254,0,32.5885797248532,14,14,14,56,14
"184","US-MOz","FT",0.430099215514433,0,8.45662085608977,72,73,72,72,72,4.63272328492374,0,29.1997309081316,72,73,72,72,72,2.88062052847323,0,14.758852668088,72,73,72,72,72,1.09438203730872,1,19.9514151119593,72,73,72,72,72,1.71969190659889,0,20.8465252602882,72,73,72,72,72,1.83234163225953,0,17.4538685362886,72,73,72,72,72,4.3457070901851,0,31.2391100762259,72,73,72,72,72,0.433222357156362,0,6.09258820493563,72,73,72,72,72,18.3122878316925,0,28.5635935657714,72,73,72,72,72,2.02224080826258,0,12.5465091775139,72,73,72,72,72,0.430260199341404,0,4.80311329916749,34,34,34,66,34,15.0794577444334,0,25.914624974808,72,73,72,72,72
"185","US-MOz","GS",0.527020465139034,1,10.7644100553846,63,63,62,70,63,4.17492225332865,0,26.0660348994019,72,73,72,72,72,3.86195578457727,0,20.2778197228678,72,73,72,72,72,1.24392529017085,1,23.11954121523,72,73,72,72,72,1.66950155634282,0,23.098004816273,72,73,72,72,72,2.38672922689771,0,23.3685082880769,72,73,72,72,72,3.94044051734363,0,26.5677186689902,72,73,72,72,72,0.595964222562585,0,7.61630770206926,6,6,6,61,6,23.4627345594808,0,37.1367316004731,33,33,33,71,33,3.23737999185684,0,18.7316438230654,72,73,72,72,72,0.823537160474137,0,9.16589370132519,31,31,31,54,31,22.5681330480374,0,36.0896509151137,36,36,36,70,36
"186","US-MOz","NGS",0.455853621159897,22,9.62204115759015,72,73,72,72,72,3.5206698203797,0,29.7610428661422,72,73,72,72,72,2.5277371433867,0,20.7999385011365,72,73,72,72,72,1.02976719084798,1,21.3031639997906,72,73,72,72,72,1.72327173932696,1,24.676790436255,72,73,72,72,72,1.53844221621261,0,23.6850976539022,72,73,72,72,72,3.20488812293634,0,24.5325428473975,72,73,72,72,72,0.442957981331163,0,6.25789852419172,6,6,6,52,6,15.7974703724507,0,32.3007668802364,72,73,72,72,72,1.68290235404118,0,14.2002162747292,63,63,63,71,63,0.415891081879017,0,3.10426475510666,4,4,4,21,4,12.4416123801878,0,25.9006370344989,72,73,72,72,72
"187","US-Mpj","FT",NA,NA,NA,NA,NA,NA,NA,NA,1.90453941551237,0,23.2115828851479,72,73,72,72,72,1.15346506922003,0,12.7117780590439,72,73,72,72,72,NA,NA,NA,NA,NA,NA,NA,NA,NA,NA,NA,NA,NA,NA,NA,NA,NA,NA,NA,NA,NA,NA,NA,NA,1.93527400187831,0,19.5044109109087,72,73,72,72,72,NA,NA,NA,NA,NA,NA,NA,NA,24.7887422022757,0,34.9835615803899,72,73,72,72,72,1.04016485846124,0,9.23117979784857,72,73,72,72,72,NA,NA,NA,NA,NA,NA,NA,NA,23.6183493449987,0,33.7102305972758,72,73,72,72,72
"188","US-Mpj","GS",NA,NA,NA,NA,NA,NA,NA,NA,1.71487939922657,0,21.4193758416229,72,73,72,72,72,1.43710238671097,0,17.0803933321253,72,73,72,72,72,NA,NA,NA,NA,NA,NA,NA,NA,NA,NA,NA,NA,NA,NA,NA,NA,NA,NA,NA,NA,NA,NA,NA,NA,1.82975069426369,0,16.856024455006,14,14,14,71,14,NA,NA,NA,NA,NA,NA,NA,NA,30.4088222059548,0,44.1807940918234,72,73,72,72,72,1.38797003144786,0,13.6086074010706,72,73,72,72,72,NA,NA,NA,NA,NA,NA,NA,NA,29.530788571731,0,44.0385554506198,72,73,72,72,72
"189","US-Mpj","NGS",NA,NA,NA,NA,NA,NA,NA,NA,2.57381599164468,0,27.9122141978146,72,73,72,72,72,1.43569837479161,0,22.1939647039513,72,73,72,72,72,NA,NA,NA,NA,NA,NA,NA,NA,NA,NA,NA,NA,NA,NA,NA,NA,NA,NA,NA,NA,NA,NA,NA,NA,1.94745727916122,0,17.8488089714268,72,73,72,72,72,NA,NA,NA,NA,NA,NA,NA,NA,20.7969671828759,0,37.6161526191912,34,34,34,68,34,1.36005347775793,0,17.6344253813654,72,73,72,72,72,NA,NA,NA,NA,NA,NA,NA,NA,26.7890854264212,0,47.7888119203217,72,73,72,72,72
"190","US-NC1","FT",0.685892271916271,0,11.7752348759868,37,37,37,71,37,4.00890769242839,22,40.4026161683765,72,73,72,72,72,2.0704119938181,0,19.0308302994615,72,73,72,72,72,2.00156206329839,0,33.2386506696317,72,73,72,72,72,2.92198657029789,0,35.084089760978,72,73,72,72,72,2.64678423097136,0,33.8534015851692,72,73,72,72,72,5.28455011923037,1,36.7738001643255,72,73,72,72,72,0.658126184358387,0,8.29177836423469,14,14,14,62,14,17.2265777355188,0,33.9843630116788,72,73,72,72,72,1.5615433621253,0,13.8500437291373,18,18,18,69,18,0.627162498741708,0,7.3614551623408,13,13,13,58,13,13.2883784701617,0,26.82088636161,72,73,72,72,72
"191","US-NC1","GS",0.968694601103736,0,14.6979832746532,6,6,6,63,6,4.59030327221273,22,52.8328520215817,72,73,72,72,72,2.95143800666103,0,28.7019875606471,15,15,15,66,15,2.24941297681286,1,35.4730324492303,72,73,72,72,72,3.3359814445927,0,36.3374713307095,72,73,72,72,72,3.08827456174419,0,33.316687387522,72,73,72,72,72,6.74664893840501,1,52.6437846600488,43,43,42,71,43,1.28388196717831,0,13.7669837356816,12,12,12,62,12,20.5292417805766,0,46.0196932044891,39,39,39,71,39,2.62113386504513,1,24.5879785840493,9,9,8,67,9,1.04632073275079,0,6.24118691250462,8,8,8,33,8,17.1654228222047,0,38.8032637092696,18,18,18,67,18
"192","US-NC1","NGS",0.976590687383823,0,20.188438823984,72,73,72,72,72,3.94162037354422,23,49.3290708742966,72,73,72,72,72,2.18899398979164,0,28.3422416678692,62,62,62,70,62,2.36913449404131,7,48.9472376490215,72,73,72,72,72,2.78543984400681,0,51.0163996885189,72,73,72,72,72,2.72274245887784,0,50.887521780563,72,73,72,72,72,3.65139405262007,0,33.7069957997324,19,19,19,65,19,0.646735164361974,1,9.02247760150218,7,7,6,39,7,16.2726566001247,0,41.9198088005194,64,64,64,71,64,1.74368955095787,0,10.4827356027289,5,5,5,33,5,0.731248012858353,0,8.86063695140018,13,13,13,34,13,13.1478022964669,0,34.7745442087605,32,32,32,69,32
"193","US-NC3","FT",0.896788686036906,0,14.774960599811,72,73,72,72,72,4.65965262571321,0,35.9912704843607,72,73,72,72,72,2.58870697843388,0,19.8757889859941,72,73,72,72,72,2.8420519054977,1,41.633462433636,72,73,72,72,72,2.96847158902262,0,36.9400079588455,72,73,72,72,72,3.26091798563241,0,34.5218848384943,72,73,72,72,72,3.97364577592241,0,29.4586613214522,72,73,72,72,72,0.610593292705689,0,8.10493445159284,10,10,10,61,10,15.5551030137941,0,31.7510657663216,72,73,72,72,72,1.81580361704218,0,12.6262903601005,16,16,16,60,16,0.64343272352087,0,4.95285858029285,8,8,8,29,8,11.8400106396488,0,24.5772453453885,18,18,18,71,18
"194","US-NC3","GS",1.13777672940099,0,19.3098054667942,52,52,52,67,52,5.77778827225491,0,49.8580660902883,72,73,72,72,72,4.30376250485414,0,26.0476839832297,12,12,12,61,12,4.60618313618016,1,70.3036775216451,72,73,72,72,72,4.72796250078794,1,62.1984222511729,72,73,72,72,72,5.74793518598558,0,61.5263434096002,72,73,72,72,72,4.97965218119958,0,45.8564031801699,72,73,72,72,72,0.881882724392137,0,7.46207617231593,4,4,4,40,4,19.4210214743823,0,43.0175826483697,66,66,66,70,66,3.45186706603376,0,25.3559479592114,20,20,20,65,20,0.967524592807285,0,7.16117874668958,5,5,5,33,5,16.7904006861669,0,38.7823440837909,72,73,72,72,72
"195","US-NC3","NGS",1.07379261387268,1,20.7313591124632,28,28,27,64,28,2.93570450951401,0,37.5226622303679,72,73,72,72,72,2.38057855486004,0,30.0176629404893,22,22,22,70,22,2.43918746486979,1,42.3081726954995,72,73,72,72,72,2.30027867453335,1,42.3576879762063,72,73,72,72,72,2.77686472994942,0,45.9735288275563,72,73,72,72,72,2.4258929586191,1,26.5834258547843,41,41,40,69,41,0.692906336085607,0,4.9735569817131,3,3,3,19,3,14.3762106600206,0,38.4055450700463,30,30,30,63,30,1.54751029352526,0,9.41688062272488,3,3,3,17,3,0.837860888062315,0,7.04623183288916,8,8,8,19,8,10.7203335169456,0,30.8333397768791,19,19,19,67,19
"196","US-Ne1","FT",0.455459944933431,5,9.32410105909249,72,73,72,72,72,4.63440768371464,0,25.7143671518769,72,73,72,72,72,2.61241712239187,0,12.5386438525444,72,73,72,72,72,0.774909822874889,14,15.6206994749628,72,73,72,72,72,0.707250512411381,1,12.845992988943,72,73,72,72,72,0.794107993590232,1,11.1123571322037,72,73,72,72,72,3.85210495967194,0,21.0468656860557,72,73,72,72,72,0.23851530673127,10,5.05972267149978,72,73,72,72,72,18.232527162195,0,28.3495588842021,72,73,72,72,72,1.66264245390756,0,7.43439087038769,72,73,72,72,72,0.201325039994744,0,2.9207597188104,4,4,4,45,4,13.7997189966859,0,21.3699227180445,72,73,72,72,72
"197","US-Ne1","GS",0.717925295184747,8,14.6563870387863,50,50,42,71,50,6.9327679798686,0,31.1433709891905,72,73,72,72,72,6.17978550176483,0,26.966602834551,72,73,72,72,72,1.83363485585652,14,37.2794959985647,72,73,72,72,72,1.69633334741453,2,34.1223706877503,72,73,72,72,72,2.64251274521162,1,35.9028818518589,72,73,72,72,72,6.31016422188908,0,28.6438916735363,72,73,72,72,72,0.502645869819542,12,9.21039153235317,2,17,12,56,24,22.2389557698699,0,40.692514862316,72,73,72,72,72,4.95092257619216,0,20.7802093654562,13,13,13,64,13,0.617751929086932,0,5.49636337371361,3,3,3,38,3,19.7189113600155,0,36.8120422192198,72,73,72,72,72
"198","US-Ne1","NGS",0.522166724479805,1,10.1255048905567,72,73,72,72,72,3.0758067068661,0,30.1418650418984,72,73,72,72,72,1.78945143352279,0,14.3446205487148,72,73,72,72,72,0.893426829325966,1,16.9325724386672,72,73,72,72,72,0.939967328407187,1,18.4543451546095,72,73,72,72,72,1.0384036291608,1,17.2741477383664,72,73,72,72,72,2.44247748838191,0,18.5724397054725,72,73,72,72,72,0.281867549524053,0,5.76374291991132,72,73,72,72,72,17.5909307144811,0,30.1708539052055,72,73,72,72,72,1.15700457610794,0,7.22518632077437,39,39,39,69,39,0.236166128756788,0,2.16710894761148,2,2,2,29,2,12.1274883153097,0,21.5882222790975,72,73,72,72,72
"199","US-NR1","FT",0.484663471703547,22,7.72206639133191,12,60,72,71,72,2.31967657227393,0,13.9417999303559,72,73,72,72,72,1.99577034292678,0,9.96621934092231,31,31,31,71,31,0.800526382284878,3,13.9896121765715,72,73,72,72,72,0.967609862367168,1,17.9440864030374,72,73,72,72,72,0.675803391558117,1,11.1222614421622,72,73,72,72,72,2.42002141735329,0,14.7744851466709,72,73,72,72,72,0.658766320696086,21,12.9650629509445,72,73,72,72,72,24.1749253586352,0,32.9237777947449,72,73,72,72,72,1.85228354627512,0,8.93505380150286,72,73,72,72,72,0.348508291911563,0,6.22820266497577,72,73,72,72,72,20.0581210508912,0,28.5698102044671,72,73,72,72,72
"200","US-NR1","GS",0.837280737575603,23,11.4661361604419,4,14,7,52,30,3.88201889297899,0,22.03994216666,72,73,72,72,72,4.26704914413967,0,20.3614788524258,14,14,14,64,14,1.30737183852532,1,26.0003843088517,72,73,72,72,72,1.19752029758055,0,22.2650299659233,72,73,72,72,72,1.36842204338333,0,22.8833698061049,72,73,72,72,72,3.61504134042164,0,21.7879170848713,72,73,72,72,72,0.633586672664128,22,10.7723245900321,7,14,10,57,32,29.8538634036595,0,42.5434129190838,11,11,11,68,11,3.68671205002779,0,18.1363631935447,18,18,18,69,18,0.665150283545793,0,7.14235114640932,4,4,4,43,4,28.4213052637274,0,39.8788523031305,12,12,12,59,12
"201","US-NR1","NGS",0.372270596922574,23,3.85441327343596,2,14,6,39,29,1.0344649796026,0,11.3503493012285,72,73,72,72,72,0.946815065812801,0,10.2185330669037,55,55,55,69,55,0.673557129363963,8,14.3558240568529,72,73,72,72,72,0.864804959957178,4,17.1403235739567,72,73,72,72,72,0.638448131200672,0,13.2883780063249,72,73,72,72,72,1.19029010420856,0,11.9426112319035,72,73,72,72,72,0.570485640240412,23,11.6008304746988,72,73,72,72,72,22.0551505978655,0,32.4383772118783,72,73,72,72,72,0.979253624758219,0,9.45608024315638,72,73,72,72,72,0.372399203162152,6,8.05551439732135,72,73,72,72,72,19.1225175500889,0,28.1444205795198,36,36,36,71,36
"202","US-Oho","FT",0.636016640840517,2,13.0499754226714,72,73,72,72,72,5.45044204440053,0,38.874781654189,72,73,72,72,72,3.28340308050361,0,19.2913402514957,72,73,72,72,72,1.38704088744198,1,27.2520907228794,72,73,72,72,72,1.75079807263411,0,26.4692947976865,72,73,72,72,72,1.66973313672933,0,24.4865056247747,72,73,72,72,72,5.56672906625204,0,39.1844734544897,72,73,72,72,72,0.559582467846587,0,9.01925987458939,72,73,72,72,72,16.7682496914522,0,31.1867404144351,72,73,72,72,72,2.50265752347139,0,14.6620842035294,15,15,15,70,15,0.528505360413436,0,7.36520881104512,29,29,29,60,29,12.6508464535254,0,26.6791251062677,72,73,72,72,72
"203","US-Oho","GS",0.753395289591962,0,15.018227380742,55,55,55,69,55,5.25470078957398,0,31.5902437439378,72,73,72,72,72,4.58431847611386,0,25.4152331462361,14,14,14,69,14,2.38484853002675,1,47.1566471846031,72,73,72,72,72,3.12786589501598,0,46.0146236767219,72,73,72,72,72,3.58129923803073,0,48.2979081132439,72,73,72,72,72,5.54903889333311,0,31.8817226868877,72,73,72,72,72,0.788128598140079,0,7.82234221565031,7,7,7,41,7,21.7019384584155,0,41.3118356780994,15,15,15,64,15,4.3610608422935,0,23.3712903062783,14,14,14,65,14,0.944381100318966,0,8.32193818309034,7,7,7,43,7,19.5628401279041,0,36.9913756008271,15,15,15,63,15
"204","US-Oho","NGS",0.769179614474542,22,15.3813906427745,34,34,12,68,34,2.63941910003826,0,30.856365058523,72,73,72,72,72,1.69754191669908,0,23.0892205066454,72,73,72,72,72,1.15037791396613,6,23.2002025004331,72,73,72,72,72,1.20246058225748,1,22.8806517605095,72,73,72,72,72,1.27868819016555,3,23.8091594132867,72,73,72,72,72,2.53797964183703,0,28.0843370082284,72,73,72,72,72,0.613428460134771,0,11.555113072515,51,51,51,63,51,13.0664224937993,0,34.6425129905529,72,73,72,72,72,1.48256847417659,0,15.3057886221108,10,10,10,60,10,0.593361542058355,0,10.9727158437844,26,26,26,42,26,10.0043681494584,0,27.7784086478995,72,73,72,72,72
"205","US-ONA","FT",0.983740060032644,0,13.9698617944609,14,14,14,66,14,8.63862313617867,0,52.2555467086033,72,73,72,72,72,6.66571140902544,0,32.376389193617,16,16,16,71,16,2.98216449037216,0,37.9004840335264,72,73,72,72,72,3.86297461498022,0,42.7094685092639,72,73,72,72,72,5.04001707673252,0,41.0153853182658,72,73,72,72,72,7.5640524665958,0,45.2897625710582,72,73,72,72,72,0.997560709005409,0,11.9569514378326,12,12,12,63,12,21.2975268557688,0,44.3252758483421,17,17,17,70,17,5.59124995337929,0,29.261350233818,72,73,72,72,72,1.2626162759016,0,11.215337767787,12,12,12,67,12,19.6692159079319,0,43.7218832529918,72,73,72,72,72
"206","US-ONA","GS",1.03253883775117,0,14.8925485462166,14,14,14,65,14,9.19702306905691,0,58.3225644046394,40,40,40,71,40,7.56978460395405,0,38.6541438420307,15,15,15,67,15,1.60088775183921,1,21.5867537710036,72,73,72,72,72,2.16845749429709,0,23.3915597555012,72,73,72,72,72,2.79229676030794,0,23.0973738054037,72,73,72,72,72,8.20267948910506,0,52.2911318323556,72,73,72,72,72,1.17649019415784,0,11.7141697592142,8,8,8,50,8,23.9766514770376,0,52.6805421210835,17,17,17,67,17,6.84991439781936,0,37.6060419011562,72,73,72,72,72,1.44363009840696,0,11.2833149145854,8,8,8,48,8,23.2749574474117,0,53.6275709917033,72,73,72,72,72
"207","US-ONA","NGS",1.38213397243629,0,11.2561491119583,5,5,5,30,5,7.68058218832904,0,72.0254042416252,72,73,72,72,72,5.06880053883605,0,44.4872017067169,13,13,13,65,13,4.78573643437974,0,85.0181348971503,72,73,72,72,72,5.74693101956863,2,117.340618777724,72,73,72,72,72,6.933861965372,0,101.907986747068,72,73,72,72,72,5.36916594981971,0,52.4460291737499,42,42,42,69,42,1.27311079600965,0,9.12769909956133,3,3,3,17,3,12.5239084906598,0,51.1646379004071,18,18,18,57,18,3.86165040836348,0,34.7097376910632,6,6,6,63,6,1.73584872880312,0,10.7983328723048,5,5,5,30,5,12.5702623477638,0,57.4958288645815,33,33,33,71,33
"208","US-PFb","FT",5.23931555859289,0,77.3551240625934,7,7,7,47,7,12.4384194814886,0,154.292908092442,10,10,10,56,10,9.97673474777202,0,109.505256994625,10,10,10,49,10,8.78669527308051,0,121.129208186845,11,11,11,57,11,8.75741650576034,0,127.815624230782,5,5,5,57,5,10.5119711878098,0,116.692310301929,4,4,4,56,4,10.4125643777015,0,112.185544356521,9,9,9,43,9,4.70856698358415,14,26.7922319740553,1,2,2,10,16,24.0797921962411,0,100.619567297182,1,1,1,35,1,8.31422915477438,0,77.3081903542363,3,3,3,33,3,5.13112991407145,0,18.7181381094431,2,2,2,12,2,22.0290424505302,0,73.3559675957576,1,1,1,25,1
"209","US-PFb","GS",6.07892480699511,23,43.9207785196753,0,6,5,34,28,14.1217220433716,0,185.263128704485,10,10,10,46,10,12.7524303163097,0,94.8292915066101,9,9,9,29,9,11.7635492209138,1,79.9673870869915,8,8,7,39,8,9.94614536175537,0,45.0613170579786,3,3,3,23,3,10.8788284192259,0,76.8646529476022,4,4,4,34,4,13.140523829262,0,140.178791145176,9,9,9,37,9,5.60410154289773,0,20.7075292385578,1,1,1,7,1,26.7617804729832,0,83.7775288058767,1,1,1,15,1,9.89064863196768,0,53.6373550300203,1,1,1,21,1,5.35521149229331,14,10.5386217486988,1,1,1,6,15,24.5234574403274,0,77.5897707625861,1,1,1,26,1
"210","US-PFb","NGS",NA,NA,NA,NA,NA,NA,NA,NA,NA,NA,NA,NA,NA,NA,NA,NA,NA,NA,NA,NA,NA,NA,NA,NA,NA,NA,NA,NA,NA,NA,NA,NA,NA,NA,NA,NA,NA,NA,NA,NA,NA,NA,NA,NA,NA,NA,NA,NA,NA,NA,NA,NA,NA,NA,NA,NA,NA,NA,NA,NA,NA,NA,NA,NA,NA,NA,NA,NA,NA,NA,NA,NA,NA,NA,NA,NA,NA,NA,NA,NA,NA,NA,NA,NA,NA,NA,NA,NA,NA,NA,NA,NA,NA,NA,NA,NA
"211","US-PFc","FT",5.8560477414476,2,22.1130865327324,3,3,1,7,3,13.6222545873485,22,190.509805306861,10,20,12,61,34,10.4890508884408,0,175.566846062233,11,11,11,65,11,7.09052641957321,4,73.7662886644573,6,6,2,29,6,8.64184095332228,1,87.2392976508094,13,13,12,45,13,9.6221085211971,0,155.164374172037,20,20,20,68,20,11.9516377537244,0,111.643680739781,11,11,11,42,11,4.94731608954229,0,4.94731608954229,1,1,1,0,1,22.5679352813792,0,79.6037028584851,1,1,1,25,1,7.34371168033934,0,37.939252457099,1,1,1,15,1,4.71138666564569,0,4.71138666564569,1,1,1,0,1,18.5761387183728,0,42.6113329417166,1,1,1,11,1
"212","US-PFc","GS",6.75892535082361,22,39.1254273099269,2,2,1,7,23,17.0538639722332,22,191.982208385218,8,17,11,54,33,13.9649211783192,0,231.430483430219,11,11,11,57,11,8.95130733216507,4,80.0175734204066,1,7,5,27,9,10.8872295331967,0,80.7749116179503,9,9,9,31,9,10.9483347250781,0,99.5318145749042,4,4,4,48,4,15.665715055913,0,144.009554667104,9,9,9,39,9,6.93457354216092,0,6.93457354216092,1,1,1,0,1,24.6880936083615,0,60.5500366443394,1,1,1,27,1,9.91068795954915,0,47.2841658662006,1,1,1,9,1,NA,NA,NA,NA,NA,NA,NA,NA,19.1802134032462,0,36.6991568634335,1,1,1,6,1
"213","US-PFc","NGS",NA,NA,NA,NA,NA,NA,NA,NA,NA,NA,NA,NA,NA,NA,NA,NA,NA,NA,NA,NA,NA,NA,NA,NA,NA,NA,NA,NA,NA,NA,NA,NA,NA,NA,NA,NA,NA,NA,NA,NA,NA,NA,NA,NA,NA,NA,NA,NA,NA,NA,NA,NA,NA,NA,NA,NA,NA,NA,NA,NA,NA,NA,NA,NA,NA,NA,NA,NA,NA,NA,NA,NA,NA,NA,NA,NA,NA,NA,NA,NA,NA,NA,NA,NA,NA,NA,NA,NA,NA,NA,NA,NA,NA,NA,NA,NA
"214","US-PFk","FT",6.02485155490567,23,51.3869008879158,0,4,2,37,25,10.7372261433078,0,146.240109315054,8,8,8,55,8,8.68208145332685,0,94.728282478474,9,9,9,41,9,6.96085258257022,14,34.3766194603373,0,1,1,9,15,7.99377089346725,14,76.4562298581859,3,2,1,17,15,8.32804879747126,12,75.6187737582451,5,5,4,15,16,8.70083011084868,0,99.1677562870818,10,10,10,42,10,5.57914008474744,0,38.7623909127217,1,1,1,22,1,21.4886062228949,0,66.5802718857672,1,1,1,21,1,6.83639249541234,0,29.337721277058,1,1,1,10,1,5.28303591272637,0,18.8447334457641,2,2,2,15,2,19.8970140553796,0,37.3383714659766,1,1,1,7,1
"215","US-PFk","GS",6.93180360597377,23,63.4986903988127,0,2,2,26,25,12.3717471777839,0,154.551325569029,7,7,7,48,7,10.5249171404155,0,84.6440109911509,2,2,2,28,2,9.99350417894494,5,112.960880180832,7,7,2,37,7,11.316033673514,0,125.568260062689,3,3,3,35,3,14.0636176225694,0,156.672855020864,6,6,6,32,6,9.7326513363609,0,104.008511917139,9,9,9,37,9,6.7004027123927,23,29.9335275657385,1,4,3,19,26,24.6325389499066,0,33.1768815756591,1,1,1,11,1,8.60776917692433,0,24.8110554009119,1,1,1,5,1,6.9293120291997,23,31.1867699549397,2,2,2,19,25,21.0653332512933,0,21.0653332512933,1,1,1,2,1
"216","US-PFk","NGS",NA,NA,NA,NA,NA,NA,NA,NA,NA,NA,NA,NA,NA,NA,NA,NA,NA,NA,NA,NA,NA,NA,NA,NA,NA,NA,NA,NA,NA,NA,NA,NA,NA,NA,NA,NA,NA,NA,NA,NA,NA,NA,NA,NA,NA,NA,NA,NA,NA,NA,NA,NA,NA,NA,NA,NA,NA,NA,NA,NA,NA,NA,NA,NA,NA,NA,NA,NA,NA,NA,NA,NA,NA,NA,NA,NA,NA,NA,NA,NA,NA,NA,NA,NA,NA,NA,NA,NA,NA,NA,NA,NA,NA,NA,NA,NA
"217","US-PFL","FT",4.62431809342229,3,21.0238294575952,5,5,2,14,5,12.4123659982756,0,152.670487369374,9,9,9,56,9,9.08979130298768,0,80.8095919949128,8,8,8,36,8,6.17003057148754,18,45.2641522870612,0,8,8,20,26,5.52594920256469,19,33.6221335317348,3,2,2,14,21,5.18839634435555,0,81.1785957268737,5,5,5,38,5,10.9018693049895,0,85.559082621431,7,7,7,36,7,NA,NA,NA,NA,NA,NA,NA,NA,21.0843046160824,0,26.3044401052026,1,1,1,9,1,7.56585888414195,0,25.0070455703578,1,1,1,18,1,3.75400841077185,9,25.703095430231,1,3,3,10,12,19.8546357383976,0,42.8410732231067,1,1,1,20,1
"218","US-PFL","GS",5.9792199665692,0,33.2653252579164,3,3,3,11,3,13.5258724796809,0,173.785050312195,9,9,9,54,9,10.1808539191008,0,90.8305633767678,9,9,9,34,9,8.20903271608393,1,83.8236008109664,0,10,10,18,11,8.42150457868208,1,59.7672118424327,3,3,2,20,3,9.42218539148381,1,49.0142384524835,3,3,2,26,3,12.821892695919,0,81.7539583417525,6,6,6,27,6,NA,NA,NA,NA,NA,NA,NA,NA,23.6994587111878,0,23.6994587111878,1,1,1,10,1,8.26810453030829,0,52.4635392570263,1,1,1,17,1,4.38452052221635,23,12.6193711166902,0,3,1,3,24,21.9070386538689,0,59.8686383049849,1,1,1,18,1
"219","US-PFL","NGS",NA,NA,NA,NA,NA,NA,NA,NA,NA,NA,NA,NA,NA,NA,NA,NA,NA,NA,NA,NA,NA,NA,NA,NA,NA,NA,NA,NA,NA,NA,NA,NA,NA,NA,NA,NA,NA,NA,NA,NA,NA,NA,NA,NA,NA,NA,NA,NA,NA,NA,NA,NA,NA,NA,NA,NA,NA,NA,NA,NA,NA,NA,NA,NA,NA,NA,NA,NA,NA,NA,NA,NA,NA,NA,NA,NA,NA,NA,NA,NA,NA,NA,NA,NA,NA,NA,NA,NA,NA,NA,NA,NA,NA,NA,NA,NA
"220","US-PFm","FT",NA,NA,NA,NA,NA,NA,NA,NA,10.1909644166676,0,99.2140536637545,5,5,5,44,5,9.94761803254319,0,87.472826763466,9,9,9,39,9,9.97579504415279,0,148.34047500401,6,6,6,53,6,10.9740549503991,10,214.058606655731,25,25,15,67,25,9.98825201397214,0,157.656885352231,4,4,4,55,4,8.80487899737129,0,74.498788997817,9,9,9,36,9,NA,NA,NA,NA,NA,NA,NA,NA,22.3072593549963,0,45.4609543489276,2,2,2,16,2,7.53858092774863,0,41.6793326004055,1,1,1,19,1,NA,NA,NA,NA,NA,NA,NA,NA,18.4064390372709,0,41.6841294565077,1,1,1,16,1
"221","US-PFm","GS",8.32685105249811,16,16.3983360332895,0,2,1,10,17,13.5177805157502,0,170.061704938838,7,7,7,59,7,12.3407696382902,0,111.62015081684,11,11,11,41,11,10.859301677707,14,150.888875277951,4,6,5,56,19,11.8348826260573,9,113.718863991775,1,5,2,34,11,12.7861879039802,11,44.4342949524446,0,3,1,26,12,12.4721283508149,0,95.3889286490398,8,8,8,41,8,NA,NA,NA,NA,NA,NA,NA,NA,24.2644802564381,0,54.3743112213202,1,1,1,30,1,9.43403855223548,0,40.2776761872935,1,1,1,16,1,NA,NA,NA,NA,NA,NA,NA,NA,20.1180407251437,0,28.3145917490246,1,1,1,11,1
"222","US-PFm","NGS",NA,NA,NA,NA,NA,NA,NA,NA,NA,NA,NA,NA,NA,NA,NA,NA,NA,NA,NA,NA,NA,NA,NA,NA,NA,NA,NA,NA,NA,NA,NA,NA,NA,NA,NA,NA,NA,NA,NA,NA,NA,NA,NA,NA,NA,NA,NA,NA,NA,NA,NA,NA,NA,NA,NA,NA,NA,NA,NA,NA,NA,NA,NA,NA,NA,NA,NA,NA,NA,NA,NA,NA,NA,NA,NA,NA,NA,NA,NA,NA,NA,NA,NA,NA,NA,NA,NA,NA,NA,NA,NA,NA,NA,NA,NA,NA
"223","US-PFn","FT",5.80157826102173,15,62.3916456015836,0,14,11,39,26,11.0859042223649,0,98.3403420165388,6,6,6,46,6,8.60517039321119,0,30.0919411693166,1,1,1,26,1,6.1835467731529,10,76.268049982282,12,12,2,41,12,8.70189664138024,7,136.768264336564,15,15,8,61,15,7.68026608472931,0,104.511912979488,4,4,4,44,4,7.60199343117911,0,35.1386931325059,2,2,2,17,2,5.43256211255132,23,24.5143279825553,0,3,3,16,26,23.1584484797804,0,23.1584484797804,1,1,1,5,1,5.54759591842272,0,10.7876240261396,1,1,1,3,1,4.35187582849949,16,4.35187582849949,0,1,1,10,17,23.5234744540278,0,23.5234744540278,1,1,1,9,1
"224","US-PFn","GS",6.94230759289816,15,68.0368815257243,0,9,6,27,21,12.8643087555185,0,117.123764846471,5,5,5,43,5,13.1344278425546,23,156.978701183448,1,11,10,53,33,9.67656673460176,5,169.782174678699,13,13,8,58,13,10.9999544772223,1,208.974633089305,16,16,15,62,16,12.7986596256412,0,271.156445376999,34,34,34,69,34,11.4902749745685,0,38.1884801658905,2,2,2,21,2,5.73887703363034,19,17.1784247399312,1,1,1,13,20,30.6776439103818,0,51.7544452367946,1,1,1,14,1,11.1012555334447,0,21.3486344225689,1,1,1,6,1,6.69855982965001,0,13.1690458150151,1,1,1,8,1,26.0060604671307,0,26.0060604671307,1,1,1,5,1
"225","US-PFn","NGS",NA,NA,NA,NA,NA,NA,NA,NA,NA,NA,NA,NA,NA,NA,NA,NA,NA,NA,NA,NA,NA,NA,NA,NA,NA,NA,NA,NA,NA,NA,NA,NA,NA,NA,NA,NA,NA,NA,NA,NA,NA,NA,NA,NA,NA,NA,NA,NA,NA,NA,NA,NA,NA,NA,NA,NA,NA,NA,NA,NA,NA,NA,NA,NA,NA,NA,NA,NA,NA,NA,NA,NA,NA,NA,NA,NA,NA,NA,NA,NA,NA,NA,NA,NA,NA,NA,NA,NA,NA,NA,NA,NA,NA,NA,NA,NA
"226","US-PFp","FT",NA,NA,NA,NA,NA,NA,NA,NA,14.648418501391,0,130.057410967112,3,3,3,37,3,12.0429892214705,0,74.4019570579573,3,3,3,17,3,8.56457597682432,12,69.9869404407425,0,6,5,34,17,10.073083129656,2,83.3143073417642,3,3,1,33,3,9.0578069116035,11,92.0497249267373,4,3,2,32,13,13.8152765287626,0,119.383370022985,6,6,6,25,6,NA,NA,NA,NA,NA,NA,NA,NA,21.7834022151337,0,21.7834022151337,1,1,1,3,1,10.2260673060481,0,10.2260673060481,1,1,1,2,1,5.56536174434113,0,16.5305828044223,2,2,2,6,2,20.3702433098764,0,20.3702433098764,1,1,1,0,1
"227","US-PFp","GS",NA,NA,NA,NA,NA,NA,NA,NA,NA,NA,NA,NA,NA,NA,NA,NA,NA,NA,NA,NA,NA,NA,NA,NA,15.1016501956598,16,189.586327904867,0,22,18,56,34,NA,NA,NA,NA,NA,NA,NA,NA,NA,NA,NA,NA,NA,NA,NA,NA,NA,NA,NA,NA,NA,NA,NA,NA,NA,NA,NA,NA,NA,NA,NA,NA,NA,NA,NA,NA,NA,NA,NA,NA,NA,NA,NA,NA,NA,NA,NA,NA,NA,NA,NA,NA,NA,NA,NA,NA,NA,NA,NA,NA,NA,NA,NA,NA
"228","US-PFp","NGS",NA,NA,NA,NA,NA,NA,NA,NA,NA,NA,NA,NA,NA,NA,NA,NA,NA,NA,NA,NA,NA,NA,NA,NA,NA,NA,NA,NA,NA,NA,NA,NA,NA,NA,NA,NA,NA,NA,NA,NA,NA,NA,NA,NA,NA,NA,NA,NA,NA,NA,NA,NA,NA,NA,NA,NA,NA,NA,NA,NA,NA,NA,NA,NA,NA,NA,NA,NA,NA,NA,NA,NA,NA,NA,NA,NA,NA,NA,NA,NA,NA,NA,NA,NA,NA,NA,NA,NA,NA,NA,NA,NA,NA,NA,NA,NA
"229","US-PFq","FT",6.58905491866641,14,96.7437597951513,4,11,8,46,22,12.0803903287118,0,171.989026181224,10,10,10,62,10,8.91296039953986,0,102.111311425571,10,10,10,44,10,7.11953536593097,7,73.7704249915866,8,8,1,40,8,7.8399166829531,13,74.6401450567988,2,2,1,40,14,7.53513664213896,23,131.054443830197,4,7,5,58,28,11.5738967489359,0,129.314239361736,11,11,11,49,11,6.11917659401389,15,23.0641623172094,0,2,2,13,17,23.6055247712471,0,95.4482923531535,1,1,1,30,1,8.07641139965532,0,55.925397942327,3,3,3,20,3,5.25935989617618,18,45.8735747388577,0,1,1,19,19,23.4912250211123,0,61.6397373687267,1,1,1,21,1
"230","US-PFq","GS",8.41114609553065,22,54.9482761765376,1,1,1,21,23,12.3592146546797,0,145.168091330223,6,6,6,48,6,10.4949602000489,0,82.9057483364629,8,8,8,30,8,10.9406193570012,6,99.305725381902,10,10,4,38,10,10.0648491315702,8,29.217299676835,0,1,1,32,9,9.92021581082497,22,130.021281118071,5,6,6,55,28,12.278488039089,0,142.024205401731,8,8,8,40,8,NA,NA,NA,NA,NA,NA,NA,NA,28.3779448664081,0,83.0889403498274,1,1,1,28,1,8.78752299494101,0,65.8317473476083,2,2,2,23,2,7.31441164291344,22,42.2817683711444,0,1,1,14,23,27.283793407596,0,52.9022662691457,1,1,1,23,1
"231","US-PFq","NGS",NA,NA,NA,NA,NA,NA,NA,NA,NA,NA,NA,NA,NA,NA,NA,NA,NA,NA,NA,NA,NA,NA,NA,NA,NA,NA,NA,NA,NA,NA,NA,NA,NA,NA,NA,NA,NA,NA,NA,NA,NA,NA,NA,NA,NA,NA,NA,NA,NA,NA,NA,NA,NA,NA,NA,NA,NA,NA,NA,NA,NA,NA,NA,NA,NA,NA,NA,NA,NA,NA,NA,NA,NA,NA,NA,NA,NA,NA,NA,NA,NA,NA,NA,NA,NA,NA,NA,NA,NA,NA,NA,NA,NA,NA,NA,NA
"232","US-PFt","FT",5.77628617441824,22,66.4959745366093,8,5,4,35,26,12.3826409682351,0,133.887338128263,10,10,10,44,10,9.92301324910905,0,125.48864399242,10,10,10,48,10,7.34762082853927,2,59.8632013243432,5,5,3,35,5,8.19547136389169,0,37.2809470164201,3,3,3,24,3,7.54219455888934,0,44.6925009528445,3,3,3,30,3,11.6580685563524,0,104.796768807938,5,5,5,36,5,5.30626382671231,0,14.4939978424178,1,1,1,12,1,23.7206592553896,0,112.59478506583,6,6,6,39,6,8.10161359797788,0,25.8950351303215,1,1,1,18,1,4.29686795694004,0,16.1783411308683,2,2,2,6,2,19.7020283938137,0,38.9528713506146,1,1,1,12,1
"233","US-PFt","GS",7.7027967504306,1,82.0137068605166,7,7,6,37,7,15.1040120224709,0,147.703028568306,7,7,7,37,7,11.5313902815513,0,128.925683292829,9,9,9,41,9,8.99560204089192,1,74.030709665803,5,5,4,23,5,9.12030093130783,0,62.6385340730084,3,3,3,24,3,8.66541411994677,1,36.3179020863451,4,4,3,18,4,13.8827683016091,0,87.8166136460833,5,5,5,27,5,6.6294210753927,0,25.0495078084678,3,3,3,7,3,23.9244532321031,0,99.0428675181058,1,1,1,27,1,9.98393865123807,0,57.7382089581689,2,2,2,20,2,5.58785578993733,0,5.58785578993733,1,1,1,2,1,20.735508119941,0,43.7358176481194,1,1,1,7,1
"234","US-PFt","NGS",NA,NA,NA,NA,NA,NA,NA,NA,NA,NA,NA,NA,NA,NA,NA,NA,NA,NA,NA,NA,NA,NA,NA,NA,NA,NA,NA,NA,NA,NA,NA,NA,NA,NA,NA,NA,NA,NA,NA,NA,NA,NA,NA,NA,NA,NA,NA,NA,NA,NA,NA,NA,NA,NA,NA,NA,NA,NA,NA,NA,NA,NA,NA,NA,NA,NA,NA,NA,NA,NA,NA,NA,NA,NA,NA,NA,NA,NA,NA,NA,NA,NA,NA,NA,NA,NA,NA,NA,NA,NA,NA,NA,NA,NA,NA,NA
"235","US-PSH","FT",NA,NA,NA,NA,NA,NA,NA,NA,9.98802480075999,0,171.19405338524,9,9,9,61,9,8.15375165631959,5,158.307839845632,36,36,31,67,36,NA,NA,NA,NA,NA,NA,NA,NA,NA,NA,NA,NA,NA,NA,NA,NA,NA,NA,NA,NA,NA,NA,NA,NA,8.60873518588047,0,86.4061024394157,10,10,10,30,10,NA,NA,NA,NA,NA,NA,NA,NA,23.6081428195743,0,132.78945517016,1,1,1,42,1,6.33324717446348,21,50.114782777479,2,7,3,22,24,NA,NA,NA,NA,NA,NA,NA,NA,24.8015085909188,0,89.7936374618944,1,1,1,28,1
"236","US-PSH","GS",NA,NA,NA,NA,NA,NA,NA,NA,NA,NA,NA,NA,NA,NA,NA,NA,NA,NA,NA,NA,NA,NA,NA,NA,NA,NA,NA,NA,NA,NA,NA,NA,NA,NA,NA,NA,NA,NA,NA,NA,NA,NA,NA,NA,NA,NA,NA,NA,NA,NA,NA,NA,NA,NA,NA,NA,NA,NA,NA,NA,NA,NA,NA,NA,NA,NA,NA,NA,NA,NA,NA,NA,NA,NA,NA,NA,NA,NA,NA,NA,NA,NA,NA,NA,NA,NA,NA,NA,NA,NA,NA,NA,NA,NA,NA,NA
"237","US-PSH","NGS",NA,NA,NA,NA,NA,NA,NA,NA,11.7402866872412,0,199.511084221188,10,10,10,64,10,9.96365944101741,3,168.616153936212,15,15,12,66,15,NA,NA,NA,NA,NA,NA,NA,NA,NA,NA,NA,NA,NA,NA,NA,NA,NA,NA,NA,NA,NA,NA,NA,NA,9.17542716116616,0,86.1741696540154,8,8,8,30,8,NA,NA,NA,NA,NA,NA,NA,NA,24.2988809325153,0,141.261980301847,1,1,1,38,1,6.65265696058196,21,49.1808744388619,1,5,3,21,24,NA,NA,NA,NA,NA,NA,NA,NA,24.8429025747352,0,74.8779064062666,1,1,1,12,1
"238","US-PSL","FT",NA,NA,NA,NA,NA,NA,NA,NA,9.25927804275559,0,183.921518850796,60,60,60,71,60,8.04717325372461,8,149.555882725844,20,20,12,63,20,NA,NA,NA,NA,NA,NA,NA,NA,NA,NA,NA,NA,NA,NA,NA,NA,NA,NA,NA,NA,NA,NA,NA,NA,8.09020496783518,0,69.6495005038884,5,5,5,31,5,NA,NA,NA,NA,NA,NA,NA,NA,14.2892362342406,0,78.2437997650478,4,4,4,27,4,5.83084781756898,0,44.5861614305135,1,1,1,24,1,NA,NA,NA,NA,NA,NA,NA,NA,13.3492572508995,0,80.4789292610275,6,6,6,37,6
"239","US-PSL","GS",NA,NA,NA,NA,NA,NA,NA,NA,NA,NA,NA,NA,NA,NA,NA,NA,NA,NA,NA,NA,NA,NA,NA,NA,NA,NA,NA,NA,NA,NA,NA,NA,NA,NA,NA,NA,NA,NA,NA,NA,NA,NA,NA,NA,NA,NA,NA,NA,NA,NA,NA,NA,NA,NA,NA,NA,NA,NA,NA,NA,NA,NA,NA,NA,NA,NA,NA,NA,NA,NA,NA,NA,NA,NA,NA,NA,NA,NA,NA,NA,NA,NA,NA,NA,NA,NA,NA,NA,NA,NA,NA,NA,NA,NA,NA,NA
"240","US-PSL","NGS",NA,NA,NA,NA,NA,NA,NA,NA,9.16242735633614,0,144.621657809416,15,15,15,37,15,8.66709312609332,6,49.0261296628884,0,3,3,11,9,NA,NA,NA,NA,NA,NA,NA,NA,NA,NA,NA,NA,NA,NA,NA,NA,NA,NA,NA,NA,NA,NA,NA,NA,9.50534117857232,0,38.9067131776702,2,2,2,13,2,NA,NA,NA,NA,NA,NA,NA,NA,13.6932518606801,0,48.5343091537867,2,2,2,15,2,7.88678637548581,20,37.3678216033865,0,4,2,13,22,NA,NA,NA,NA,NA,NA,NA,NA,12.5242472627851,0,45.7934163873989,3,3,3,20,3
"241","US-RGA","FT",1.14418871083916,4,22.4063998621621,19,19,15,70,19,5.17203284126825,0,45.2611611607615,13,13,13,69,13,3.26853679697985,0,34.5275893344899,13,13,13,69,13,4.78285289149895,16,96.3205623750638,72,73,72,72,72,5.15850499168794,0,99.6592902769772,72,73,72,72,72,6.35064714857559,0,87.2416498663176,72,73,72,72,72,4.81041116448775,0,43.6133027171739,72,73,72,72,72,0.979228594537591,0,15.1477438784495,13,13,13,45,13,12.1163517051578,0,45.5235358507828,72,73,72,72,72,3.01749260200373,0,32.5267342961698,61,61,61,71,61,1.2937457617134,0,7.37207114360645,2,2,2,26,2,12.8157957373815,0,45.9355611450089,72,73,72,72,72
"242","US-RGA","GS",1.55422224480298,5,22.1144130592215,15,15,10,44,15,7.01474653390954,0,66.6105058574842,12,12,12,59,12,4.91483652253678,0,48.9705857991081,11,11,11,52,11,7.86552935092996,20,157.660956685874,72,73,72,72,72,8.98877851209162,0,161.763016391178,72,73,72,72,72,12.4344496757805,0,145.103235503124,72,73,72,72,72,6.33810743646473,0,61.5411534280019,7,7,7,52,7,1.36038480102253,0,6.15234922722842,2,2,2,11,2,14.4932858535789,0,82.8230529340432,39,39,39,67,39,4.93934876976611,0,48.0019786697375,7,7,7,50,7,2.19467736154757,0,9.1463311337824,2,2,2,25,2,17.0017894901795,0,91.8923489673233,33,33,33,69,33
"243","US-RGA","NGS",1.36370896016562,3,22.3983285239632,5,5,2,57,5,4.5408841544764,0,53.6937433241299,72,73,72,72,72,3.08900613126236,0,40.4408332278327,11,11,11,62,11,5.41837240446142,1,104.495197823321,72,73,72,72,72,5.73650547470697,1,108.081635589714,72,73,72,72,72,5.87822219942388,0,101.363009822517,72,73,72,72,72,4.90913064155281,0,50.7375846310585,35,35,35,69,35,1.36319902003406,0,12.1532708213221,2,2,2,14,2,12.6104165319927,0,52.7751452273764,29,29,29,67,29,3.35662645786082,0,37.5126616265007,15,15,15,66,15,1.58947543600443,0,6.20099866076321,2,2,2,9,2,12.5870093677118,0,52.5456881793203,72,73,72,72,72
"244","US-RGB","FT",0.84257735546559,2,10.1565267660058,9,9,7,48,9,3.42737503372559,0,40.8395709194984,72,73,72,72,72,2.21959740556492,0,31.718173103569,36,36,36,69,36,3.85883731657452,0,75.8043958131921,72,73,72,72,72,3.71380725719191,0,71.8534563262969,72,73,72,72,72,4.50633588972889,0,84.7049365863224,72,73,72,72,72,3.54757097710312,0,42.0036531818441,72,73,72,72,72,0.643646557477336,11,3.08343653297558,0,1,1,8,12,18.1986677857995,0,53.7597524843502,72,73,72,72,72,1.94705844976751,0,25.2208038700639,3,3,3,65,3,0.764958635908106,0,4.85199102153892,4,4,4,25,4,15.918263978545,0,47.5973470099249,72,73,72,72,72
"245","US-RGB","GS",1.48319796694989,0,12.5974407824685,5,5,5,13,5,5.06977180388783,0,53.4585883870894,4,4,4,45,4,4.13619238926482,0,59.7637054956884,4,4,4,52,4,1.86954364429288,0,7.10990707004357,3,3,3,10,3,2.03462216090757,0,15.7732745516338,1,1,1,22,1,2.12557540970696,0,14.6056364513856,3,3,3,24,3,4.69460367239958,0,70.7804376868764,16,16,16,53,16,1.58092015609861,0,19.8341970398307,12,12,12,30,12,17.425384983139,0,93.2875415020114,1,1,1,71,1,3.85186269769169,0,58.3552740613952,1,1,1,51,1,1.58599562490496,0,18.0956812094063,4,4,4,50,4,16.8452741818396,0,87.9418981592538,15,15,15,68,15
"246","US-RGB","NGS",1.07283421995358,2,13.1003875131285,8,8,6,47,8,3.86953338707756,0,46.8203821142402,12,12,12,71,12,2.69713317510189,0,37.3125806676832,13,13,13,61,13,4.85257585601028,22,91.045351311893,72,73,72,72,72,4.47002083578102,0,90.063595331909,72,73,72,72,72,5.47094510535247,0,103.021559319409,72,73,72,72,72,3.9993786562088,0,42.2963940143646,15,15,15,61,15,0.917385480004041,11,5.1530897004145,0,4,2,9,13,20.3012064323987,0,64.6315776004561,72,73,72,72,72,2.43972180429804,0,14.7986502766682,3,3,3,22,3,0.979569461657008,2,5.45755839058606,4,4,2,13,4,17.5028455489673,0,57.1431666102725,43,43,43,70,43
"247","US-RGF","FT",1.76296192641977,17,34.2864045750718,14,17,16,61,33,4.87536614305414,0,86.7051994388834,72,73,72,72,72,3.82521279452092,0,80.811005720211,36,36,36,67,36,7.01522984313495,23,133.707712142791,72,73,72,72,72,6.01582327679223,17,128.458887551434,72,73,72,72,72,6.57702157994328,0,133.042504779475,72,73,72,72,72,4.48684852797924,0,80.3871503760964,67,67,67,71,67,1.52948747730898,1,13.2220513329623,2,2,1,25,2,23.1411929692237,0,94.3613230938563,28,28,28,65,28,3.21732659019823,0,33.1409307368918,2,2,2,30,2,1.31905284582865,0,1.31905284582865,1,1,1,1,1,19.5713919950072,0,71.911993480623,1,1,1,56,1
"248","US-RGF","GS",1.76296192641977,17,34.2864045750718,14,17,16,62,33,4.87536614305414,0,86.7051994388834,72,73,72,72,72,3.82521279452092,0,80.811005720211,36,36,36,67,36,7.01522984313495,23,133.707712142791,72,73,72,72,72,6.01582327679223,17,128.458887551434,72,73,72,72,72,6.57702157994328,0,133.042504779475,72,73,72,72,72,4.48684852797924,0,80.3871503760964,67,67,67,71,67,1.52948747730898,1,13.2220513329623,2,2,1,25,2,23.1411929692237,0,94.3613230938563,28,28,28,65,28,3.21732659019823,0,43.4083602110872,2,2,2,39,2,1.31905284582865,0,1.31905284582865,1,1,1,1,1,19.5713919950072,0,71.911993480623,1,1,1,56,1
"249","US-RGF","NGS",NA,NA,NA,NA,NA,NA,NA,NA,NA,NA,NA,NA,NA,NA,NA,NA,NA,NA,NA,NA,NA,NA,NA,NA,NA,NA,NA,NA,NA,NA,NA,NA,NA,NA,NA,NA,NA,NA,NA,NA,NA,NA,NA,NA,NA,NA,NA,NA,NA,NA,NA,NA,NA,NA,NA,NA,NA,NA,NA,NA,NA,NA,NA,NA,NA,NA,NA,NA,NA,NA,NA,NA,NA,NA,NA,NA,NA,NA,NA,NA,NA,NA,NA,NA,NA,NA,NA,NA,NA,NA,NA,NA,NA,NA,NA,NA
"250","US-RGo","FT",0.601876495178297,21,3.46625921410225,0,2,2,18,23,4.29450714607773,0,51.1366006151718,72,73,72,72,72,2.30502842051676,0,38.9381839402789,72,73,72,72,72,3.13045200743759,6,65.8214795376882,41,41,35,71,41,3.17981885733565,2,62.1667134518275,45,45,43,71,45,3.74462366872211,1,73.0356513618528,72,73,72,72,72,4.39324597913983,0,52.8782102395783,72,73,72,72,72,0.647322098857766,22,2.39920087900263,0,2,1,10,23,21.9943848975886,0,63.9914056532208,72,73,72,72,72,1.88345498790214,0,24.3831014677152,2,2,2,53,2,NA,NA,NA,NA,NA,NA,NA,NA,18.7196985816675,0,56.9872305718678,72,73,72,72,72
"251","US-RGo","GS",0.775966577754619,22,7.05025415617198,3,8,3,28,25,4.1301188477655,0,47.5365009613445,2,2,2,63,2,2.84321005857915,0,45.9237416680867,3,3,3,61,3,6.30828003336816,23,113.80468180664,17,21,16,69,39,5.3954822284188,0,101.836758210359,11,11,11,67,11,6.21701256510271,1,113.648345333875,72,73,72,72,72,3.73512938112731,0,45.1692546060764,13,13,13,51,13,0.673586040985155,22,1.31364473721985,0,1,1,7,23,23.2307859873004,0,73.3392587290826,51,51,51,71,51,2.3955264977934,0,14.1077315542977,2,2,2,15,2,NA,NA,NA,NA,NA,NA,NA,NA,21.9233494133005,0,66.1848038062916,18,18,18,69,18
"252","US-RGo","NGS",1.51430993860159,5,10.9284325494844,0,7,5,17,10,5.04302769398863,0,74.966673355805,30,30,30,70,30,4.12326247324531,0,73.1819918503549,22,22,22,71,22,3.82741927883348,16,63.0616770355175,2,19,11,62,27,3.50240368259164,13,43.1416851799709,1,6,5,49,18,4.56510619401955,17,73.3566888615023,3,14,9,64,26,5.27379754698177,0,64.5680459688548,14,14,14,61,14,NA,NA,NA,NA,NA,NA,NA,NA,24.3461227509206,0,102.889978343105,72,73,72,72,72,3.80516020103678,0,39.594101327768,5,5,5,42,5,NA,NA,NA,NA,NA,NA,NA,NA,20.3519488037324,0,78.4122609765449,11,11,11,65,11
"253","US-RGW","FT",1.8717977103159,4,29.6645468918849,11,11,7,54,11,5.16550474331619,0,56.5094795376084,12,12,12,64,12,5.03704503853627,0,50.2598064526455,12,12,12,68,12,2.83653173705225,23,58.0026023671978,72,73,72,72,72,2.91962936336483,1,60.1087137704349,72,73,72,72,72,3.20090810797992,0,60.5767711269565,72,73,72,72,72,5.04535904581163,0,39.8604608246916,10,10,10,53,10,1.56523433944142,0,27.8678564245768,4,4,4,46,4,19.1472822544806,0,59.6716088915322,31,31,31,58,31,4.22022101411437,0,33.3621470707252,10,10,10,50,10,1.82616197262093,0,25.6023543573334,3,3,3,47,3,17.8853556812794,0,57.0651617075052,34,34,34,66,34
"254","US-RGW","GS",2.95265839733574,22,33.5827685247679,6,9,5,29,27,8.74002387659357,0,87.7149933273363,7,7,7,52,7,9.24587326562108,0,69.1822953771311,7,7,7,44,7,9.83388364522278,4,192.596088243154,72,73,72,72,72,10.9377976983791,23,211.872140714662,72,73,72,72,72,11.8963335578448,0,192.177047097711,72,73,72,72,72,7.60121288172346,0,61.7673112402702,8,8,8,36,8,2.73327584055007,0,16.3714100472736,2,2,2,14,2,23.5952803024436,0,63.6249144856462,6,6,6,30,6,10.2248148268444,0,66.4012041135992,8,8,8,38,8,3.04174302957409,0,19.1038082965422,3,3,3,13,3,27.4516421013707,0,72.5548445033211,6,6,6,40,6
"255","US-RGW","NGS",2.57637750063485,0,41.5786182702623,8,8,8,56,8,5.33692602610131,0,65.0735279471525,11,11,11,69,11,4.57371256544288,0,61.1206033521164,72,73,72,72,72,3.80408853970533,23,73.1940584215876,72,73,72,72,72,3.39244796347753,2,71.9073923508848,72,73,72,72,72,4.11964512030716,0,76.9903826266692,72,73,72,72,72,5.13539540440734,0,49.419804298061,10,10,10,49,10,2.13624125930499,0,16.3887854863468,2,2,2,22,2,18.2107016800643,0,66.8360350856034,5,5,5,53,5,4.00590056891505,0,35.1515252512856,9,9,9,51,9,2.10300705534394,0,28.2772690390302,3,3,3,41,3,16.2730881135828,0,63.4730486690398,9,9,9,64,9
"256","US-Rls","FT",1.57084082041591,0,19.8608412756224,72,73,72,72,72,3.27566996694822,0,17.7612412199203,72,73,72,72,72,3.8788632636401,0,18.1408451577536,72,73,72,72,72,1.90274782848553,0,25.0070203872422,72,73,72,72,72,0.908415110367736,0,16.6971741326158,72,73,72,72,72,1.20091873055753,0,17.613623623375,72,73,72,72,72,2.73786187791725,0,13.9645170346067,36,36,36,69,36,0.562611204741848,0,9.92693102417877,72,73,72,72,72,30.0696006361862,0,41.8683794484599,72,73,72,72,72,2.73507839056852,0,10.7510408651028,11,11,11,55,11,0.593895428789564,0,8.91911135004348,60,60,60,69,60,26.302861893669,0,36.6148414040579,72,73,72,72,72
"257","US-Rls","GS",2.20165717832382,0,30.7941778579346,14,14,14,68,14,4.64107877575468,0,28.7695621904221,9,9,9,67,9,6.17176998077444,0,37.6053743540102,72,73,72,72,72,2.3792973155743,0,36.484660540293,72,73,72,72,72,1.55370537912944,19,29.4149568907015,11,61,72,71,72,1.86521518218584,0,33.3455966177629,58,58,58,71,58,3.99986231466921,0,26.0472910893179,15,15,15,60,15,1.22131503693708,0,20.8222276666532,14,14,14,66,14,34.66936458471,0,59.6165983698608,1,1,1,71,1,4.69823986340939,0,20.7936068818123,11,11,11,43,11,1.19829276017933,0,17.0948848413922,13,13,13,60,13,30.5399066183828,0,53.400904371471,1,1,1,62,1
"258","US-Rls","NGS",1.25303911042455,0,19.0364660610023,72,73,72,72,72,2.60753528367585,0,19.4486525778361,72,73,72,72,72,3.08763605721505,0,19.7246202390563,72,73,72,72,72,2.03254999766733,0,33.8433463856875,72,73,72,72,72,1.13345438877408,0,24.7718195294575,72,73,72,72,72,1.68952951261556,0,26.702886295248,72,73,72,72,72,2.48995135572744,0,17.5420037756036,72,73,72,72,72,0.556561562356446,2,12.1408737733958,72,73,72,72,72,29.2339658166328,0,45.157131569026,72,73,72,72,72,2.53303150570938,0,14.7115337628959,13,13,13,55,13,0.745643166334935,0,11.5670719195633,38,38,38,70,38,25.4315695528195,0,39.233394793766,72,73,72,72,72
"259","US-Rms","FT",0.635111773351108,1,12.8194409018478,72,73,72,72,72,4.72389167896541,0,32.3771837418747,72,73,72,72,72,3.97541976601109,0,20.9129018282097,72,73,72,72,72,0.540197153958584,1,11.0731780756449,72,73,72,72,72,0.663142749890772,1,14.4952080125763,72,73,72,72,72,0.544987812092126,0,11.566572623962,72,73,72,72,72,4.04673813613207,0,28.313335875473,72,73,72,72,72,0.591947290558394,7,13.0275088704565,72,73,72,72,72,26.2908516995833,0,41.5384653279285,72,73,72,72,72,2.83005636780908,0,14.4676556980932,72,73,72,72,72,0.452824718652782,0,9.24157458478575,53,53,53,70,53,21.8627499928246,0,36.2027293470945,72,73,72,72,72
"260","US-Rms","GS",1.24685341479302,22,24.3385715043568,7,11,10,54,32,5.4789402667245,0,36.852547813295,7,7,7,66,7,6.0663178782049,0,38.5577253579615,57,57,57,71,57,1.30669406198652,9,22.9553897780439,15,15,6,63,15,1.37158394842517,21,28.2327495646915,9,63,72,71,72,1.31351037954188,2,27.5920280442566,28,28,26,67,28,4.60624952434337,0,25.5867668540115,11,11,11,53,11,1.13141552731606,0,25.6019547761751,24,24,24,63,24,33.075933034587,0,57.33699702416,1,1,1,60,1,5.00222466481642,0,26.9168700870194,14,14,14,56,14,1.0584135109148,0,6.93053310800457,2,2,2,35,2,32.3819803742961,0,55.803951771446,1,1,1,62,1
"261","US-Rms","NGS",0.811311350578401,19,17.2550564586928,72,73,72,72,72,3.65428627107848,0,24.9973784058559,72,73,72,72,72,2.96130740620366,0,20.9386537581069,72,73,72,72,72,0.909879268825632,4,18.264191708881,72,73,72,72,72,1.01043298211108,4,22.1694094457806,72,73,72,72,72,0.761579799303792,0,16.3911130874756,72,73,72,72,72,3.37335226878984,0,21.5076367809996,39,39,39,71,39,0.869390959735674,8,19.6334739799399,72,73,72,72,72,23.6750167667806,0,42.4618188772342,72,73,72,72,72,2.32847513150002,0,14.6985311746163,15,15,15,66,15,0.575490649908155,8,12.5905253764574,54,54,46,70,54,19.4683976892292,0,35.5759126394746,72,73,72,72,72
"262","US-Ro1","FT",2.1053814176608,1,43.0081745441232,62,62,61,71,62,5.19008613653247,0,40.2608716334872,72,73,72,72,72,2.87136274169502,0,15.9957456060854,72,73,72,72,72,1.40420561924934,15,8.23345561255372,2,1,1,19,16,1.83787385233204,2,26.9530246729835,9,9,7,45,9,2.00610478998265,2,10.8856814981573,0,3,2,24,4,5.01672508783695,0,37.6385576687143,72,73,72,72,72,1.51251896439877,1,19.3077888964953,4,4,3,41,4,12.1680031842197,0,24.5419903003409,72,73,72,72,72,1.98893835231818,0,9.99905648230659,72,73,72,72,72,NA,NA,NA,NA,NA,NA,NA,NA,8.36060625651597,0,18.2579012497129,72,73,72,72,72
"263","US-Ro1","GS",7.61611647127999,23,166.587914917954,62,62,39,71,62,6.01341606897775,0,35.3029802182043,64,64,64,71,64,5.51822268886573,0,30.0474136154465,12,12,12,70,12,5.57474680467662,23,5.57474680467662,0,1,1,1,24,NA,NA,NA,NA,NA,NA,NA,NA,NA,NA,NA,NA,NA,NA,NA,NA,6.20215847299573,0,35.3091238988789,72,73,72,72,72,5.51383571736384,5,5.51383571736384,0,1,1,4,6,14.9172893756161,0,38.2923567431835,39,39,39,68,39,4.81265598732834,0,20.2587209373142,14,14,14,59,14,NA,NA,NA,NA,NA,NA,NA,NA,12.4683567389392,0,30.2849690313582,15,15,15,62,15
"264","US-Ro1","NGS",2.07346923813469,22,40.8557787273408,17,20,16,68,38,3.645364375522,0,39.4028990146225,72,73,72,72,72,2.06545631850292,0,21.5625165614688,72,73,72,72,72,2.02518640095385,3,12.9198037529247,0,3,1,20,4,2.44299783329298,2,47.639147877739,21,21,19,61,21,2.6064358737664,2,41.1705834705377,8,8,6,44,8,2.89072142918042,0,28.0039433715799,72,73,72,72,72,2.04685578135937,22,25.5346389979599,0,4,1,57,23,12.5761854649763,0,28.7313755410096,72,73,72,72,72,1.23384232308488,0,10.2616361521577,38,38,38,67,38,NA,NA,NA,NA,NA,NA,NA,NA,8.57764668962008,0,20.1994285306353,72,73,72,72,72
"265","US-Ro2","FT",NA,NA,NA,NA,NA,NA,NA,NA,5.81672182338853,0,47.6754527081482,72,73,72,72,72,3.51680677315795,0,24.7998292036413,72,73,72,72,72,NA,NA,NA,NA,NA,NA,NA,NA,NA,NA,NA,NA,NA,NA,NA,NA,NA,NA,NA,NA,NA,NA,NA,NA,5.97486841673395,0,45.0908150410232,72,73,72,72,72,NA,NA,NA,NA,NA,NA,NA,NA,12.9676225375432,0,28.3256696035986,72,73,72,72,72,2.69182198942967,0,15.8576473991697,15,15,15,68,15,NA,NA,NA,NA,NA,NA,NA,NA,9.08557498168621,0,21.4161205636756,72,73,72,72,72
"266","US-Ro2","GS",NA,NA,NA,NA,NA,NA,NA,NA,5.43421518918521,0,43.6033191066893,36,36,36,71,36,4.9575952413683,0,36.7736850119192,12,12,12,66,12,NA,NA,NA,NA,NA,NA,NA,NA,NA,NA,NA,NA,NA,NA,NA,NA,NA,NA,NA,NA,NA,NA,NA,NA,5.70046846989461,0,41.288009026843,72,73,72,72,72,NA,NA,NA,NA,NA,NA,NA,NA,16.1285813340698,0,41.1858756795898,63,63,63,70,63,4.53746352813157,0,28.5756895587455,15,15,15,57,15,NA,NA,NA,NA,NA,NA,NA,NA,14.5213810604651,0,35.4526025805646,17,17,17,58,17
"267","US-Ro2","NGS",NA,NA,NA,NA,NA,NA,NA,NA,5.03657726803163,0,59.8496515703054,72,73,72,72,72,3.11636399368201,0,37.6913410247236,72,73,72,72,72,NA,NA,NA,NA,NA,NA,NA,NA,NA,NA,NA,NA,NA,NA,NA,NA,NA,NA,NA,NA,NA,NA,NA,NA,4.85474415467599,0,47.2279586966647,72,73,72,72,72,NA,NA,NA,NA,NA,NA,NA,NA,13.3612330649644,0,35.3939152267595,72,73,72,72,72,2.09911558789346,0,18.0365982983171,5,5,5,38,5,NA,NA,NA,NA,NA,NA,NA,NA,8.45964440648487,0,24.0915341536354,44,44,44,70,44
"268","US-Ro3","FT",NA,NA,NA,NA,NA,NA,NA,NA,5.15905796148104,0,57.6154155648718,72,73,72,72,72,1.98882334555395,0,28.05650530148,72,73,72,72,72,NA,NA,NA,NA,NA,NA,NA,NA,NA,NA,NA,NA,NA,NA,NA,NA,NA,NA,NA,NA,NA,NA,NA,NA,5.26771149644039,0,54.4633380249037,72,73,72,72,72,NA,NA,NA,NA,NA,NA,NA,NA,12.1707549435724,0,37.0009844309609,72,73,72,72,72,1.45112491935713,0,21.5066584838808,41,41,41,70,41,NA,NA,NA,NA,NA,NA,NA,NA,9.72988852696943,0,32.0880839587028,72,73,72,72,72
"269","US-Ro3","GS",NA,NA,NA,NA,NA,NA,NA,NA,5.100177873512,0,57.9512563690566,13,13,13,69,13,3.84324341384391,0,59.7414705162129,72,73,72,72,72,NA,NA,NA,NA,NA,NA,NA,NA,NA,NA,NA,NA,NA,NA,NA,NA,NA,NA,NA,NA,NA,NA,NA,NA,5.07373637299318,0,51.8932144759181,17,17,17,61,17,NA,NA,NA,NA,NA,NA,NA,NA,15.4173621340195,0,61.8548309319079,41,41,41,67,41,3.38436758463597,0,50.9446812660259,15,15,15,70,15,NA,NA,NA,NA,NA,NA,NA,NA,13.6432740935407,0,58.4585469305993,41,41,41,71,41
"270","US-Ro3","NGS",NA,NA,NA,NA,NA,NA,NA,NA,4.68308172118805,0,64.8653880484976,72,73,72,72,72,1.94292479570389,0,33.9030563125321,72,73,72,72,72,NA,NA,NA,NA,NA,NA,NA,NA,NA,NA,NA,NA,NA,NA,NA,NA,NA,NA,NA,NA,NA,NA,NA,NA,4.87100306388324,0,61.8981381662888,72,73,72,72,72,NA,NA,NA,NA,NA,NA,NA,NA,12.7190997144905,0,48.8042532847123,72,73,72,72,72,1.6750296983757,0,27.5018055937625,40,40,40,70,40,NA,NA,NA,NA,NA,NA,NA,NA,10.2128518987391,0,41.1917944299543,72,73,72,72,72
"271","US-Ro4","FT",0.743414559204887,1,15.7398443435938,72,73,72,72,72,5.5236737297811,0,44.6066703162847,72,73,72,72,72,3.01267073734393,0,19.0814764137297,72,73,72,72,72,0.80432809851008,0,17.1916528792144,72,73,72,72,72,0.883178592875364,0,16.3645134280051,72,73,72,72,72,0.894545397519405,0,17.2099834463289,72,73,72,72,72,5.1292019853634,0,36.4875017241727,72,73,72,72,72,0.533732871425432,0,9.98217191316484,32,32,32,69,32,17.9949160824073,0,33.129878562229,72,73,72,72,72,2.05543055640597,0,10.770165945474,21,21,21,69,21,0.490594331891745,0,1.99562970225177,3,3,3,7,3,12.8352779173637,0,25.2165560947456,72,73,72,72,72
"272","US-Ro4","GS",1.31329707028365,1,24.5688953562975,29,29,28,70,29,7.11526412272707,0,43.5521475305394,72,73,72,72,72,5.82864660307967,0,37.3754477916303,72,73,72,72,72,3.90571111394158,8,80.6496672864388,72,73,72,72,72,4.74437549530396,0,82.1499974572457,72,73,72,72,72,5.86357260767336,0,85.9334870657567,72,73,72,72,72,6.95344840972719,0,39.7178024753068,72,73,72,72,72,1.22449339343119,0,8.77423650529644,5,5,5,29,5,22.912054146224,0,51.2974868771049,6,6,6,63,6,5.15059497911282,0,22.6949415524132,14,14,14,52,14,1.40467330507768,0,5.99015534072492,5,5,5,19,5,19.3160026091241,0,42.2217340293112,8,8,8,59,8
"273","US-Ro4","NGS",0.778871886953089,21,17.1764590291932,72,73,72,72,72,3.62097650145042,0,44.1962141605261,72,73,72,72,72,1.78901160263692,0,21.8675621568867,72,73,72,72,72,0.885647128481633,1,18.8852816664059,72,73,72,72,72,0.911877026226346,1,19.1158887516485,72,73,72,72,72,1.06297524181311,2,22.4004679451645,72,73,72,72,72,3.56843282085383,0,35.3076566469623,72,73,72,72,72,0.567415817959427,0,8.16733423445134,4,4,4,37,4,17.8197999489161,0,38.5662548715407,72,73,72,72,72,1.43112849011383,0,11.8015229504634,15,15,15,61,15,0.481122400925986,0,0.481122400925986,1,1,1,0,1,11.6850486171242,0,27.0495481645257,72,73,72,72,72
"274","US-Ro5","FT",0.779744176396515,18,15.5609726091047,72,73,72,72,72,6.48453851509838,0,54.0918047436811,72,73,72,72,72,3.75526877685903,0,25.5275740500128,72,73,72,72,72,2.10511180822523,1,43.4117506195425,72,73,72,72,72,2.63813054483939,0,51.0706576711022,72,73,72,72,72,2.51110422695462,0,43.4115627302857,72,73,72,72,72,6.16117715933391,0,46.5181228386951,72,73,72,72,72,0.571803512835772,0,11.119069008496,72,73,72,72,72,18.4451837768661,0,36.9151832038713,72,73,72,72,72,2.47398396954631,0,15.7577801617628,65,65,65,71,65,0.473017052901502,0,4.0083744333187,4,4,4,35,4,12.4412963252577,0,29.0525454984136,72,73,72,72,72
"275","US-Ro5","GS",1.0542524934722,0,20.0786719771397,6,6,6,71,6,6.50520856728003,0,49.1933339744259,72,73,72,72,72,5.43446511331342,0,41.303808887849,37,37,37,70,37,3.28612346865688,1,63.5519885654526,72,73,72,72,72,3.56400931632847,0,69.3349511521582,72,73,72,72,72,4.61218984862534,0,71.2198053716243,72,73,72,72,72,6.58051424039739,0,42.6101819619536,20,20,20,71,20,0.924628462655842,0,5.37000623644978,4,4,4,48,4,23.9397541965625,0,50.7792561824343,15,15,15,64,15,4.77359300190279,0,23.6841040143092,12,12,12,51,12,1.09776020402233,0,4.20921714975099,3,3,3,19,3,21.0930997323352,0,47.3475617603159,13,13,13,58,13
"276","US-Ro5","NGS",1.18889418209176,19,23.3514732092543,72,73,72,72,72,4.70236911866189,0,52.6887215069637,72,73,72,72,72,2.84919365769335,0,32.1605827137596,72,73,72,72,72,2.44204763738986,2,46.0711884906427,72,73,72,72,72,2.07543676657598,6,44.4275446306454,72,73,72,72,72,2.00661777710317,6,42.6275526903675,72,73,72,72,72,4.09233075753829,0,40.0192176609119,72,73,72,72,72,0.594933747777363,10,12.9787851559043,72,73,72,72,72,17.032012304902,0,42.1991818720075,72,73,72,72,72,1.86580338221034,0,17.329653608482,50,50,50,70,50,0.525234798312687,19,2.55867945755771,0,3,1,6,20,11.0735265274816,0,30.7532980965595,72,73,72,72,72
"277","US-Ro6","FT",0.70878151161726,17,14.5820225142484,72,73,72,72,72,6.71123403306582,0,54.3491689299906,72,73,72,72,72,3.86833780213801,0,24.5054156355167,72,73,72,72,72,2.11756834688165,5,43.9987149003875,72,73,72,72,72,2.22163572803599,1,43.5407325053835,72,73,72,72,72,2.51913761349629,0,44.8045232413472,72,73,72,72,72,6.65483498136461,0,51.1328208429128,72,73,72,72,72,0.496923103458836,0,9.01483976032279,8,8,8,70,8,19.0168159868447,0,36.6715324433384,72,73,72,72,72,2.71719290925737,0,16.2634423452551,72,73,72,72,72,0.465790972334658,0,1.88279120237255,3,3,3,17,3,12.8756457136777,0,28.1480159266795,72,73,72,72,72
"278","US-Ro6","GS",1.05824984713438,3,21.9866452468805,48,48,45,71,48,6.82025555377608,0,46.519071198541,72,73,72,72,72,6.09168067613246,0,40.1565115834334,72,73,72,72,72,3.20628266759916,1,65.9064954397623,72,73,72,72,72,3.42453617048703,1,63.9436879317569,72,73,72,72,72,4.33673032765855,0,68.2690950564774,72,73,72,72,72,6.91723406040032,0,42.6941906998872,68,68,68,71,68,0.846865861211815,0,3.77288655409937,3,3,3,19,3,26.1542618386511,0,53.0043238982847,15,15,15,62,15,5.33395094269122,0,25.4784267377242,12,12,12,54,12,1.01926719053686,0,6.64281221266777,3,3,3,24,3,22.6771329676664,0,48.510939843553,15,15,15,56,15
"279","US-Ro6","NGS",1.04928772385754,23,21.5223415075926,72,73,72,72,72,5.10217175161707,0,58.0228953679753,72,73,72,72,72,3.03206730797672,0,34.7071590949105,72,73,72,72,72,1.65498367282449,23,32.6466699404997,72,73,72,72,72,1.53694599071388,4,31.9229291183554,72,73,72,72,72,1.76103588761116,6,38.1596915554244,72,73,72,72,72,4.38276282256111,0,44.0129299677892,72,73,72,72,72,0.530426957720738,18,8.84557492898447,1,8,5,59,23,17.8322916539163,0,41.2941368363034,72,73,72,72,72,1.82167055922435,0,17.6555983160111,37,37,37,71,37,0.487590652707128,5,1.45468355610888,1,2,1,7,6,11.5082071130224,0,28.8971621850467,72,73,72,72,72
"280","US-Rwe","FT",NA,NA,NA,NA,NA,NA,NA,NA,3.51042709309105,0,32.6518970077335,72,73,72,72,72,3.42574734954897,0,28.9580848357976,72,73,72,72,72,NA,NA,NA,NA,NA,NA,NA,NA,NA,NA,NA,NA,NA,NA,NA,NA,NA,NA,NA,NA,NA,NA,NA,NA,2.59808609457489,0,24.7275168267035,72,73,72,72,72,NA,NA,NA,NA,NA,NA,NA,NA,27.2279752502316,0,51.2305294312575,72,73,72,72,72,2.13627777633174,0,18.028562714043,39,39,39,66,39,NA,NA,NA,NA,NA,NA,NA,NA,22.1574025401688,0,42.1590495760795,72,73,72,72,72
"281","US-Rwe","GS",NA,NA,NA,NA,NA,NA,NA,NA,4.65706294512666,0,51.2356469902917,7,7,7,66,7,5.3453115946249,0,56.3347127639607,13,13,13,71,13,NA,NA,NA,NA,NA,NA,NA,NA,NA,NA,NA,NA,NA,NA,NA,NA,NA,NA,NA,NA,NA,NA,NA,NA,3.64138353767948,0,30.995921207001,11,11,11,40,11,NA,NA,NA,NA,NA,NA,NA,NA,34.2845920802031,0,76.326742255922,1,1,1,62,1,4.05350896136487,0,31.9157742461939,12,12,12,43,12,NA,NA,NA,NA,NA,NA,NA,NA,34.080287600687,0,77.0859102656065,1,1,1,68,1
"282","US-Rwe","NGS",NA,NA,NA,NA,NA,NA,NA,NA,3.26593632591425,0,34.9594263883322,72,73,72,72,72,3.30946839955041,0,35.1014628803394,72,73,72,72,72,NA,NA,NA,NA,NA,NA,NA,NA,NA,NA,NA,NA,NA,NA,NA,NA,NA,NA,NA,NA,NA,NA,NA,NA,2.02808787064478,0,16.31335010608,12,12,12,54,12,NA,NA,NA,NA,NA,NA,NA,NA,22.6347675614297,0,49.865781245265,72,73,72,72,72,1.87159631536945,0,12.5683795480055,6,6,6,47,6,NA,NA,NA,NA,NA,NA,NA,NA,20.5674563698094,0,45.4597272258777,59,59,59,69,59
"283","US-Rwf","FT",NA,NA,NA,NA,NA,NA,NA,NA,3.71430567147148,0,27.7648846917707,72,73,72,72,72,3.31831517109497,0,19.1573350594577,72,73,72,72,72,NA,NA,NA,NA,NA,NA,NA,NA,NA,NA,NA,NA,NA,NA,NA,NA,NA,NA,NA,NA,NA,NA,NA,NA,2.93852147769385,0,22.84501571767,72,73,72,72,72,NA,NA,NA,NA,NA,NA,NA,NA,31.0325975115559,0,43.623202759182,1,1,1,71,1,2.09323700445846,0,12.1631834700412,72,73,72,72,72,NA,NA,NA,NA,NA,NA,NA,NA,26.9695155619093,0,38.4410335120278,72,73,72,72,72
"284","US-Rwf","GS",NA,NA,NA,NA,NA,NA,NA,NA,4.49258569452308,0,32.0788599667209,51,51,51,69,51,5.04414822719211,0,33.6749315659644,52,52,52,71,52,NA,NA,NA,NA,NA,NA,NA,NA,NA,NA,NA,NA,NA,NA,NA,NA,NA,NA,NA,NA,NA,NA,NA,NA,3.6922189005157,0,20.0903358492581,14,14,14,51,14,NA,NA,NA,NA,NA,NA,NA,NA,37.6185794201562,0,60.2496639082896,1,1,1,69,1,3.89376145775256,0,24.2099943104805,17,17,17,59,17,NA,NA,NA,NA,NA,NA,NA,NA,36.0285880618811,0,55.0384186700818,1,1,1,62,1
"285","US-Rwf","NGS",NA,NA,NA,NA,NA,NA,NA,NA,2.74331201835685,0,22.2798431915353,72,73,72,72,72,2.41846895742716,0,19.8865511473786,72,73,72,72,72,NA,NA,NA,NA,NA,NA,NA,NA,NA,NA,NA,NA,NA,NA,NA,NA,NA,NA,NA,NA,NA,NA,NA,NA,2.29778880287788,0,17.96493949267,72,73,72,72,72,NA,NA,NA,NA,NA,NA,NA,NA,28.0479269388951,0,45.6011100608044,72,73,72,72,72,1.83372925503178,0,11.7144541238449,8,8,8,64,8,NA,NA,NA,NA,NA,NA,NA,NA,24.7723198161094,0,40.4262969187583,72,73,72,72,72
"286","US-Rws","FT",0.554353788193787,2,10.2799351939473,72,73,72,72,72,2.77018940455443,0,16.6409039576799,72,73,72,72,72,3.26119523206319,0,17.8684501162795,72,73,72,72,72,0.752310083119165,3,14.392821696198,72,73,72,72,72,0.661269522233744,1,14.0754004694689,72,73,72,72,72,0.859567181621936,0,15.9967227221608,72,73,72,72,72,2.36251270815,0,12.993526822422,59,59,59,70,59,0.332402587633732,0,5.51312354209947,3,3,3,57,3,32.9843028745991,0,45.4152333793986,72,73,72,72,72,2.33491046249537,0,11.8157103612202,34,34,34,62,34,0.411803729913327,0,5.98026390876671,4,4,4,57,4,28.185013910876,0,38.7552971713045,64,64,64,71,64
"287","US-Rws","GS",1.12193887959121,23,22.0943539348921,72,73,72,72,72,3.6920254011819,0,26.8746526313304,72,73,72,72,72,4.68354150987966,0,31.6662161134486,72,73,72,72,72,1.13047692535105,1,21.2210120639416,72,73,72,72,72,0.910189198035064,1,18.3624350141447,72,73,72,72,72,1.07741565026461,1,20.6676745648734,72,73,72,72,72,3.33994966034503,0,20.8752423298026,9,9,9,66,9,0.720321141477397,0,10.6637776736823,4,4,4,56,4,35.5003341110068,0,56.4509584394157,1,1,1,71,1,3.56182181161131,0,15.6907646176698,11,11,11,43,11,0.754269724592305,0,9.39366743129889,8,8,8,40,8,31.2102945981959,0,49.4522554785733,1,1,1,61,1
"288","US-Rws","NGS",0.697869236023281,1,14.6291119385794,36,36,35,70,36,2.47615353276306,0,21.0834442594869,72,73,72,72,72,2.82566634486564,0,21.2304079725983,72,73,72,72,72,1.21195627999553,2,23.7968529281503,72,73,72,72,72,0.929779922514423,9,19.9825355587527,72,73,72,72,72,1.22370892593374,0,24.7403942010193,72,73,72,72,72,2.39802353901572,0,19.5356447235351,72,73,72,72,72,0.464626445720564,23,1.80889417952083,1,1,1,13,24,31.1244119109662,0,50.9140764024291,72,73,72,72,72,2.35564508344846,0,16.6996598770979,30,30,30,69,30,0.602988922730589,0,8.70073343895568,3,3,3,57,3,25.9204105112833,0,41.6989307470477,72,73,72,72,72
"289","US-Seg","FT",NA,NA,NA,NA,NA,NA,NA,NA,1.49820783610052,0,18.254716845855,72,73,72,72,72,1.04553649619258,0,12.1565861972505,72,73,72,72,72,NA,NA,NA,NA,NA,NA,NA,NA,NA,NA,NA,NA,NA,NA,NA,NA,NA,NA,NA,NA,NA,NA,NA,NA,1.36595748264997,0,13.0285610022765,72,73,72,72,72,NA,NA,NA,NA,NA,NA,NA,NA,29.7412954459526,0,39.4244695054943,72,73,72,72,72,0.73930188016883,0,7.54312749712589,72,73,72,72,72,NA,NA,NA,NA,NA,NA,NA,NA,22.7038941741476,0,29.972030777025,33,33,33,71,33
"290","US-Seg","GS",NA,NA,NA,NA,NA,NA,NA,NA,1.60658369958651,0,19.348403715331,72,73,72,72,72,1.24498602874027,1,16.0501833842051,72,73,72,72,72,NA,NA,NA,NA,NA,NA,NA,NA,NA,NA,NA,NA,NA,NA,NA,NA,NA,NA,NA,NA,NA,NA,NA,NA,1.44153628645103,0,13.7333538016035,40,40,40,71,40,NA,NA,NA,NA,NA,NA,NA,NA,33.3697039782089,0,44.720637154428,72,73,72,72,72,0.877903808215775,0,9.92979049171213,72,73,72,72,72,NA,NA,NA,NA,NA,NA,NA,NA,27.8624314568092,0,37.622110488481,30,30,30,70,30
"291","US-Seg","NGS",NA,NA,NA,NA,NA,NA,NA,NA,1.85427901462985,0,23.6950881646891,72,73,72,72,72,1.51727544721082,0,23.2893255705414,72,73,72,72,72,NA,NA,NA,NA,NA,NA,NA,NA,NA,NA,NA,NA,NA,NA,NA,NA,NA,NA,NA,NA,NA,NA,NA,NA,1.35140109082261,0,13.8639222671452,17,17,17,68,17,NA,NA,NA,NA,NA,NA,NA,NA,29.4842092878177,0,49.9262415447882,72,73,72,72,72,1.12063292252823,0,8.2937896831602,4,4,4,43,4,NA,NA,NA,NA,NA,NA,NA,NA,26.854736727276,0,44.8340710905279,69,69,69,71,69
"292","US-Ses","FT",NA,NA,NA,NA,NA,NA,NA,NA,1.79024544526918,1,24.265159380278,72,73,72,72,72,1.04567818721536,1,13.7654715114966,72,73,72,72,72,NA,NA,NA,NA,NA,NA,NA,NA,NA,NA,NA,NA,NA,NA,NA,NA,NA,NA,NA,NA,NA,NA,NA,NA,1.40792110399656,0,15.929385858725,72,73,72,72,72,NA,NA,NA,NA,NA,NA,NA,NA,29.8217901618806,0,38.5583549668729,72,73,72,72,72,0.776981065597539,0,8.37178515103335,72,73,72,72,72,NA,NA,NA,NA,NA,NA,NA,NA,23.9892345458326,0,31.247612191371,72,73,72,72,72
"293","US-Ses","GS",NA,NA,NA,NA,NA,NA,NA,NA,1.7911694411381,1,22.7991567083707,72,73,72,72,72,1.27808380940521,1,15.9902288493468,72,73,72,72,72,NA,NA,NA,NA,NA,NA,NA,NA,NA,NA,NA,NA,NA,NA,NA,NA,NA,NA,NA,NA,NA,NA,NA,NA,1.42180219978383,0,15.2639936181045,66,66,66,71,66,NA,NA,NA,NA,NA,NA,NA,NA,33.2480630348081,0,43.4570500048144,72,73,72,72,72,0.883912748504225,0,9.95782620156248,72,73,72,72,72,NA,NA,NA,NA,NA,NA,NA,NA,28.4596968536079,0,37.5574577442772,72,73,72,72,72
"294","US-Ses","NGS",NA,NA,NA,NA,NA,NA,NA,NA,2.26092091350687,0,33.4065255906961,72,73,72,72,72,1.67226741628158,0,30.5498586130625,72,73,72,72,72,NA,NA,NA,NA,NA,NA,NA,NA,NA,NA,NA,NA,NA,NA,NA,NA,NA,NA,NA,NA,NA,NA,NA,NA,1.64015147862025,0,19.8322317558936,15,15,15,70,15,NA,NA,NA,NA,NA,NA,NA,NA,27.1830799518523,0,48.9685818459927,72,73,72,72,72,1.26545847705763,0,18.0137844689659,7,7,7,66,7,NA,NA,NA,NA,NA,NA,NA,NA,26.1967212162341,0,47.7620575051424,72,73,72,72,72
"295","US-Sne","FT",NA,NA,NA,NA,NA,NA,NA,NA,3.18282219370687,0,28.223685448123,59,59,59,71,59,1.49766619243179,0,20.1070601613573,56,56,56,69,56,NA,NA,NA,NA,NA,NA,NA,NA,NA,NA,NA,NA,NA,NA,NA,NA,NA,NA,NA,NA,NA,NA,NA,NA,3.26371070189549,0,29.975021668318,72,73,72,72,72,NA,NA,NA,NA,NA,NA,NA,NA,24.633297005973,0,47.0991465993871,66,66,66,71,66,1.3071632824721,0,18.212959401239,30,30,30,66,30,NA,NA,NA,NA,NA,NA,NA,NA,20.6731499243038,0,39.9451297818483,72,73,72,72,72
"296","US-Sne","GS",NA,NA,NA,NA,NA,NA,NA,NA,5.4538036190046,0,55.0514705025908,9,9,9,57,9,3.67755598378841,0,33.9881515984108,8,8,8,37,8,NA,NA,NA,NA,NA,NA,NA,NA,NA,NA,NA,NA,NA,NA,NA,NA,NA,NA,NA,NA,NA,NA,NA,NA,5.28250827612349,0,66.3448299032867,13,13,13,65,13,NA,NA,NA,NA,NA,NA,NA,NA,26.1180954792032,0,77.4948855006965,1,1,1,51,1,3.69720000911781,0,17.3465550769875,3,3,3,19,3,NA,NA,NA,NA,NA,NA,NA,NA,22.9718850349436,0,64.7540836102592,1,1,1,38,1
"297","US-Sne","NGS",NA,NA,NA,NA,NA,NA,NA,NA,3.66444934018933,0,35.2634187263923,72,73,72,72,72,1.70161230793312,0,23.9324967071828,13,13,13,69,13,NA,NA,NA,NA,NA,NA,NA,NA,NA,NA,NA,NA,NA,NA,NA,NA,NA,NA,NA,NA,NA,NA,NA,NA,3.69782994262823,0,37.2937774596703,72,73,72,72,72,NA,NA,NA,NA,NA,NA,NA,NA,24.7214111174773,0,51.3741045224547,72,73,72,72,72,1.48230503130587,0,22.1270383697443,30,30,30,65,30,NA,NA,NA,NA,NA,NA,NA,NA,20.4377121904087,0,43.129971938288,72,73,72,72,72
"298","US-Snf","FT",0.841295716848674,0,1.5558293089507,1,1,1,17,1,6.32977361953651,0,52.609153532171,72,73,72,72,72,4.56299405809578,0,44.4065029867109,72,73,72,72,72,3.36966801559061,21,63.9706024106924,72,73,72,72,72,3.77329138153378,20,72.2835370797522,72,73,72,72,72,4.16769162802435,6,89.8044249448783,72,73,72,72,72,6.45656282103346,0,52.3132127223024,65,65,65,71,65,0.730442884899207,3,2.12969335523289,0,3,3,7,6,25.1759527415179,0,67.1685016750669,72,73,72,72,72,3.94766065982585,0,35.3231153457717,17,17,17,68,17,0.820422843368589,9,11.8051566547966,1,12,9,44,18,21.1505381023936,0,57.0898378771781,72,73,72,72,72
"299","US-Snf","GS",3.25790099545811,3,37.0246082008609,10,10,7,35,10,9.37456764751668,0,85.1672660738519,8,8,8,45,8,8.67938649682253,0,115.524514238579,11,11,11,65,11,7.80576461060149,18,111.489170125329,72,73,72,72,72,6.30815742834759,15,119.134565929152,12,22,20,70,35,7.65493806461822,2,159.241028515709,72,73,72,72,72,8.82990458606206,0,78.6714336643638,11,11,11,43,11,NA,NA,NA,NA,NA,NA,NA,NA,27.764857357888,0,124.575812155309,1,1,1,57,1,7.53538695056858,0,29.3344636527736,3,3,3,16,3,NA,NA,NA,NA,NA,NA,NA,NA,23.6975647710456,0,68.9174950083277,1,1,1,36,1
"300","US-Snf","NGS",1.13607050962807,0,14.7592918292345,2,2,2,46,2,6.90383248543891,0,63.1624969490176,35,35,35,71,35,4.48635341044054,0,51.0686849573465,72,73,72,72,72,1.72746499997897,2,27.7067876477617,3,3,1,57,3,2.08459227041107,0,37.0759073375547,4,4,4,68,4,2.45856527066622,0,44.8920569653062,72,73,72,72,72,6.96693750968855,0,60.0945979841597,15,15,15,68,15,1.21909191689543,0,15.2819859871839,6,6,6,33,6,24.9858966855761,0,76.0108595652336,72,73,72,72,72,3.96977642238532,0,42.717509061848,25,25,25,70,25,1.18260235731365,0,22.7266471832044,20,20,20,62,20,21.4135829351213,0,65.9223052697586,72,73,72,72,72
"301","US-SP1","FT",0.570391839539777,0,11.496407942804,72,73,72,72,72,4.18193330535178,0,29.9931571876105,72,73,72,72,72,2.50456642882012,0,15.8384989174029,64,64,64,71,64,2.56072193776992,0,44.1788708043528,72,73,72,72,72,2.55373776785161,0,38.9244372854694,72,73,72,72,72,2.89218978190497,0,40.1421639681573,72,73,72,72,72,3.54452633350431,0,26.3174435914253,72,73,72,72,72,0.569053552907626,0,8.96709035230686,12,12,12,67,12,18.8810923898743,0,30.8468323174827,72,73,72,72,72,1.95772065270888,0,14.8519100824425,72,73,72,72,72,0.755018227954759,0,10.5840089740111,72,73,72,72,72,18.2706499365419,0,31.641518194655,72,73,72,72,72
"302","US-SP1","GS",0.627917021479137,20,13.0947150913213,72,73,72,72,72,4.41034230968405,0,34.9609364651249,72,73,72,72,72,3.16746618460384,0,20.5267268301175,40,40,40,70,40,3.87305898490191,4,74.6959392422754,72,73,72,72,72,3.62903723675507,0,64.01682029857,72,73,72,72,72,4.10123082179812,0,62.3539947969958,72,73,72,72,72,3.86721778983634,0,31.8710887240932,72,73,72,72,72,0.615295239734253,0,5.65924588453748,5,5,5,34,5,23.3021761435407,0,39.1123062784292,72,73,72,72,72,2.57849398582461,0,20.0052822561764,72,73,72,72,72,0.697345341945614,0,7.56210454893576,6,6,6,48,6,23.5609422675716,0,40.9765578871151,72,73,72,72,72
"303","US-SP1","NGS",1.21971749874899,0,23.6678586537681,72,73,72,72,72,3.27966990294549,0,32.2783779653319,72,73,72,72,72,2.24847596650883,0,24.2515000580233,72,73,72,72,72,2.20410583467421,1,39.7890149392905,72,73,72,72,72,2.28329271318071,1,44.8535212381634,72,73,72,72,72,2.31779216752785,1,46.8085037167168,72,73,72,72,72,2.30796936836852,0,23.484039210575,72,73,72,72,72,1.09857734719306,21,23.4246090893859,72,73,72,72,72,11.9130841443316,0,30.2346565902834,72,73,72,72,72,1.49597403333957,0,18.5669746974887,72,73,72,72,72,1.42850088987543,21,28.8535830818151,72,73,72,72,72,12.3046510937214,0,32.2910827688897,72,73,72,72,72
"304","US-SRC","FT",1.66099596791375,20,31.4845032062172,72,73,72,72,72,3.02186979113349,0,39.7341329213423,72,73,72,72,72,2.6544083422341,0,31.9580527469125,72,73,72,72,72,3.51546720716782,0,61.9873101093757,72,73,72,72,72,2.8687872809662,1,50.0518934895741,72,73,72,72,72,4.11056585246648,0,45.8457358075046,72,73,72,72,72,2.37445802257309,0,30.0594116362868,72,73,72,72,72,0.993729378784875,0,15.5110302988898,72,73,72,72,72,18.2105864461729,0,38.1743102762413,72,73,72,72,72,1.61313435452863,0,17.4709016322769,72,73,72,72,72,1.02873548731762,0,11.4764951425978,36,36,36,62,36,15.7725031094222,0,32.1465399306278,59,59,59,71,59
"305","US-SRC","GS",2.00270714665333,20,35.9856428970793,72,73,72,72,72,3.2385982002814,0,46.8616833049638,72,73,72,72,72,3.50431106884062,0,44.905859179291,72,73,72,72,72,5.94231842512017,3,108.026408502031,72,73,72,72,72,5.44173187410976,0,90.1250385993177,72,73,72,72,72,7.88190502254086,0,78.9338856387611,72,73,72,72,72,2.83169914695572,0,37.2772667542513,72,73,72,72,72,1.29193843438358,0,20.9713229732913,72,73,72,72,72,21.2851899458936,0,51.5157554322378,72,73,72,72,72,2.5612057914545,0,29.1143931418356,72,73,72,72,72,1.48007816086632,0,14.3359950573856,12,12,12,60,12,19.0494805440098,0,45.3282778157896,29,29,29,68,29
"306","US-SRC","NGS",1.81807122074224,7,35.2097086952181,72,73,72,72,72,3.85030126114923,0,49.2233785607957,72,73,72,72,72,2.82688138545131,0,45.824738000672,72,73,72,72,72,1.84287651967904,2,37.7565104543177,72,73,72,72,72,1.95744969969089,0,37.3027036204527,72,73,72,72,72,3.06710393188775,1,38.0524172247968,72,73,72,72,72,3.16077037335097,0,39.3195616239205,58,58,58,70,58,1.11172685327908,7,21.0135521623157,14,14,7,63,14,17.7043389223359,0,56.7166228729823,68,68,68,71,68,1.97849578779174,0,22.3755289860554,8,8,8,53,8,1.3323242716955,0,15.2801068843451,11,11,11,38,11,14.3829185485246,0,32.7510295991313,5,5,5,49,5
"307","US-SRG","FT",1.24727361145523,1,19.7058887451922,72,73,72,72,72,4.42818440143999,0,29.7060222327189,72,73,72,72,72,3.43157732060958,0,18.2190687920594,72,73,72,72,72,3.61521626736509,1,46.2017346392968,72,73,72,72,72,4.26199291264582,0,36.8609717852854,72,73,72,72,72,4.53405822553098,0,31.7284547629669,72,73,72,72,72,3.38810083240943,0,21.8130411402892,72,73,72,72,72,0.806215959960419,0,9.43329037198321,72,73,72,72,72,38.9331455991659,0,48.4417690219045,72,73,72,72,72,1.99808957648278,0,10.4990258794032,72,73,72,72,72,0.6704218725419,0,6.62369378103672,59,59,59,71,59,31.7445862378316,0,39.9606573412643,72,73,72,72,72
"308","US-SRG","GS",1.75284537532924,1,25.1343115229278,72,73,72,72,72,4.76366052149118,0,29.905371998925,72,73,72,72,72,4.49835782302124,0,26.2778626638857,72,73,72,72,72,5.23216715345507,1,63.8793393411316,72,73,72,72,72,7.12152278572514,0,54.148527587145,72,73,72,72,72,8.18718321710164,0,53.4517103540942,72,73,72,72,72,3.91903405553003,0,22.6645877708806,38,38,38,71,38,1.42765488833499,0,13.2078298454859,72,73,72,72,72,45.7431346823908,0,60.3698989993409,1,1,1,71,1,3.3359800336519,0,18.818317145474,72,73,72,72,72,1.58402777516864,0,12.8002804637395,72,73,72,72,72,42.9266624096342,0,57.5048429255712,72,73,72,72,72
"309","US-SRG","NGS",0.724829587840919,0,10.7791713828043,72,73,72,72,72,2.70628508736808,0,19.4124417513499,72,73,72,72,72,2.45140496528186,0,19.2735789782574,72,73,72,72,72,1.84046417419269,0,25.1850579242105,72,73,72,72,72,1.824945274843,1,29.2445227410168,72,73,72,72,72,1.98658763897418,1,30.5358455374946,72,73,72,72,72,1.84217270554485,0,11.9671747012986,35,35,35,64,35,0.334163826518454,5,4.8665687759092,10,10,5,35,10,36.0244125182155,0,46.8101708776385,1,1,1,62,1,1.56163697004582,0,11.8383349401468,59,59,59,71,59,0.346253131938029,0,2.27028880710866,4,4,4,15,4,35.2479026205843,0,45.8076680073711,1,1,1,67,1
"310","US-SRM","FT",0.843398768388391,1,14.494811346739,72,73,72,72,72,3.49703951794067,0,24.7610532423557,72,73,72,72,72,2.4438243392824,0,13.919610077564,72,73,72,72,72,2.6961839312779,1,36.9355109472016,72,73,72,72,72,4.86874952537799,0,33.473427534947,72,73,72,72,72,4.7264485117372,0,27.4055490330209,72,73,72,72,72,3.12247329599111,0,21.0441098645441,72,73,72,72,72,0.920547462212305,0,9.0282463904661,72,73,72,72,72,38.8555156431164,0,47.6966845638616,72,73,72,72,72,1.53330143946544,0,8.61172728161021,72,73,72,72,72,0.709135990558702,0,5.793422560415,72,73,72,72,72,30.2677301711814,0,37.3769148801526,72,73,72,72,72
"311","US-SRM","GS",1.16412934180995,0,17.4894435790329,72,73,72,72,72,3.78737263972409,0,24.2916717173905,72,73,72,72,72,3.3427782203184,0,19.8857640503173,72,73,72,72,72,2.95557891256745,1,37.183605229859,72,73,72,72,72,5.55490404563729,0,36.9573698717939,72,73,72,72,72,5.82660170604725,0,34.5068887952569,72,73,72,72,72,3.36001333601507,0,20.3195370394788,72,73,72,72,72,1.46612182827218,0,11.587934024472,72,73,72,72,72,45.9074605902476,0,58.0098249511079,1,1,1,71,1,2.49081674327236,0,14.8230001566571,72,73,72,72,72,1.396680720502,0,9.99901524014459,33,33,33,71,33,42.0795446807635,0,53.8789661650296,72,73,72,72,72
"312","US-SRM","NGS",1.16681485635201,1,20.0032222780456,72,73,72,72,72,2.22707740517343,0,19.8924576648381,72,73,72,72,72,1.84458332131063,0,17.238874030755,72,73,72,72,72,2.25114297378126,0,34.8652685354914,72,73,72,72,72,2.21645708783375,1,31.6708304210108,72,73,72,72,72,2.24434068476792,1,32.5415407313515,72,73,72,72,72,1.53225460735726,0,12.5711065155544,72,73,72,72,72,0.438311479855769,0,8.04403135479044,65,65,65,71,65,35.7989847854104,0,46.796785430301,55,55,55,67,55,1.08648357759662,0,10.3311678432581,11,11,11,68,11,0.46569077586629,0,8.02475553572933,35,35,35,66,35,35.3459737107673,0,45.2428125277523,1,1,1,67,1
"313","US-SRS","FT",1.09475576289568,0,18.0105005947606,72,73,72,72,72,3.69697512047976,0,35.3127627852244,72,73,72,72,72,2.60283227421084,0,25.0164395436159,72,73,72,72,72,1.70884846001257,1,25.9604329493321,72,73,72,72,72,1.48728889984735,0,20.7868263496796,72,73,72,72,72,1.42393007916849,0,20.262406195498,72,73,72,72,72,2.84253241710821,0,26.5988529204008,72,73,72,72,72,0.795336768737855,0,11.4270219998491,36,36,36,71,36,37.1546818562886,0,52.4165957977957,72,73,72,72,72,1.51748245754118,0,14.6948543175056,72,73,72,72,72,0.675742815663691,0,9.42201248453784,34,34,34,64,34,30.638496395563,0,43.4346562221662,72,73,72,72,72
"314","US-SRS","GS",1.4679905182113,0,21.6233780541057,72,73,72,72,72,3.75320509560327,0,35.6333366298121,72,73,72,72,72,3.26308045051198,0,32.1719195626331,72,73,72,72,72,5.72861477892515,0,81.9074611537458,72,73,72,72,72,6.07939933232587,0,74.1434885416302,72,73,72,72,72,6.39275725625057,0,75.2287272211211,72,73,72,72,72,3.3024612539325,0,27.8667954014355,12,12,12,70,12,1.16243336256637,0,13.84366243115,10,10,10,58,10,43.2166014455759,0,63.9044790869842,1,1,1,71,1,2.51602533609168,0,23.4620493645852,72,73,72,72,72,1.08076114397411,0,13.4970423734142,14,14,14,58,14,40.1158452164786,0,59.563572810743,9,9,9,68,9
"315","US-SRS","NGS",1.42200175760245,0,25.2666104730487,72,73,72,72,72,3.14078582037418,0,41.6300873146069,72,73,72,72,72,2.80842087139379,0,40.8180381884515,72,73,72,72,72,2.10594761013549,1,31.4223711767085,72,73,72,72,72,1.65888701499084,2,34.9238696654317,72,73,72,72,72,1.74593353546709,3,34.7571553666512,72,73,72,72,72,1.6331796626573,0,18.4935804747602,16,16,16,68,16,0.710485059927919,4,8.77575600514014,2,4,3,28,7,32.8992254458896,0,55.037789023127,18,18,18,66,18,1.34922599016991,0,17.1407080551556,11,11,11,56,11,0.741917051243054,0,8.43389318869241,7,7,7,32,7,32.6449716710382,0,53.4366722554845,1,1,1,63,1
"316","US-SSH","FT",1.88858491147088,22,33.9392677061232,72,73,72,72,72,8.38578965792311,0,52.1757528449372,11,11,11,68,11,3.75130437076923,0,31.7546338648849,72,73,72,72,72,2.28647888696249,0,40.4376971635988,72,73,72,72,72,1.9466841473091,0,28.5087714658077,72,73,72,72,72,1.68667874642798,0,25.7426501599645,72,73,72,72,72,7.71449629089753,0,47.0506880891101,15,15,15,64,15,1.28514429162914,0,19.121049465422,62,62,62,71,62,16.7784373743687,0,40.3385189198561,72,73,72,72,72,2.24434854496549,0,20.6312202506962,72,73,72,72,72,0.901261448993776,0,6.44400476272514,6,6,6,27,6,11.8197160181504,0,30.0333187232674,72,73,72,72,72
"317","US-SSH","GS",2.26217618685191,0,25.3878233204663,6,6,6,45,6,9.70123485027277,0,66.9201989937304,63,63,63,71,63,5.71815487031404,0,44.2184273184281,9,9,9,59,9,5.74634524916009,3,100.470034769159,72,73,72,72,72,6.82463754623205,0,100.997927851159,72,73,72,72,72,8.08997519791536,0,110.64505839367,72,73,72,72,72,9.13015832190925,0,65.6796586616306,19,19,19,68,19,1.76901309675368,0,12.8257168925265,6,6,6,32,6,19.495589013453,0,55.3126953449838,63,63,63,71,63,4.00323633534705,0,34.0387577713997,15,15,15,60,15,1.81347184677754,0,8.47813104318215,5,5,5,17,5,16.7851185303124,0,46.5626018656652,16,16,16,66,16
"318","US-SSH","NGS",1.44923189793231,13,31.6700133842094,35,35,22,64,35,4.4161624589867,0,44.4581237969287,72,73,72,72,72,2.64713447576646,0,37.951028485103,72,73,72,72,72,1.70552682566384,1,31.6815510485243,19,19,18,71,19,1.31122495887279,1,28.0454072032467,72,73,72,72,72,1.68730957377153,0,31.8664402176622,72,73,72,72,72,3.98190928186189,0,33.8916979761964,16,16,16,64,16,0.957077340369919,0,9.6655548141653,2,2,2,47,2,15.8502875647027,0,45.8774119375362,72,73,72,72,72,1.82267225445563,0,18.886458972725,7,7,7,54,7,1.02300784231342,0,7.93748310049647,3,3,3,14,3,12.0594888097614,0,36.553321295741,72,73,72,72,72
"319","US-Syv","FT",0.784931970643054,22,16.1378596972759,72,73,72,72,72,5.39085174534832,0,50.7834209653401,72,73,72,72,72,2.72437210074288,0,14.3805706517956,72,73,72,72,72,1.42380465104289,1,26.9400797077051,72,73,72,72,72,1.93006417690073,0,29.1444150874328,72,73,72,72,72,1.25752791751203,0,13.7281863248761,72,73,72,72,72,5.17122543652806,0,54.3785748018492,72,73,72,72,72,1.0009690504078,0,18.3592481519435,72,73,72,72,72,15.6250121869557,0,30.1736963720391,72,73,72,72,72,2.1408448462305,0,13.5444591770378,72,73,72,72,72,0.382608627244255,0,5.11141941982012,32,32,32,69,32,12.6456154080863,0,29.5869445799491,72,73,72,72,72
"320","US-Syv","GS",0.601879240657666,18,13.3724505828086,72,73,72,72,72,4.48290058545539,0,30.2925936322916,64,64,64,71,64,4.06612002306807,0,20.6722636360383,31,31,31,69,31,2.53606962289336,1,55.767718658921,72,73,72,72,72,3.31640205708652,0,52.9497632116628,72,73,72,72,72,3.50880725418129,0,41.5403574385073,72,73,72,72,72,4.11368449537825,0,30.5613176410204,72,73,72,72,72,0.857781420060106,0,14.5753199463285,39,39,39,67,39,21.2843854640472,0,41.3940142779614,36,36,36,66,36,3.87097246417137,0,20.8846503993945,72,73,72,72,72,0.672645491611089,0,3.63027980567249,6,6,6,17,6,21.8647312565685,0,42.133584240736,13,13,13,68,13
"321","US-Syv","NGS",0.837303455492723,22,16.5610603507464,72,73,72,72,72,3.49960961027284,0,38.0388930483459,72,73,72,72,72,1.95699022803335,0,17.0017289494953,72,73,72,72,72,1.73025559362408,1,36.46794998304,72,73,72,72,72,2.27418240199427,1,42.8250725832887,72,73,72,72,72,1.66742132101298,0,25.5889589511428,72,73,72,72,72,3.26313336376312,0,36.3859261472487,72,73,72,72,72,1.06132368415967,0,22.0684012930664,72,73,72,72,72,12.7886965553165,0,32.97319899127,72,73,72,72,72,1.41406120113731,0,12.70334685892,72,73,72,72,72,0.467627415159134,0,7.30032231487799,72,73,72,72,72,9.38439669828512,0,26.3812783487479,72,73,72,72,72
"322","US-Ton","FT",0.266469546081673,3,5.66563324244259,72,73,72,72,72,1.16423445833833,0,10.6574504145052,72,73,72,72,72,1.04001184606161,0,7.81123053186057,72,73,72,72,72,0.478582519820845,1,10.2151908899953,72,73,72,72,72,0.774554406908246,0,15.96935524023,72,73,72,72,72,0.741957822041526,1,12.1432088679474,72,73,72,72,72,1.01425898745187,0,9.95233735807124,72,73,72,72,72,0.207095463000818,0,3.86949973486939,46,46,46,71,46,24.6629436074761,0,30.7481855971504,72,73,72,72,72,0.69893044903112,0,7.42765727670571,72,73,72,72,72,0.261148452850122,0,4.42379471098622,72,73,72,72,72,23.9946879677535,0,30.0089923341986,72,73,72,72,72
"323","US-Ton","GS",0.642291667508285,0,13.4208315558388,72,73,72,72,72,1.95427080183159,0,24.7307842892741,72,73,72,72,72,2.05566595984246,0,19.6622135125625,32,32,32,65,32,2.62975283801506,1,53.5618340992682,72,73,72,72,72,3.01944628283958,1,51.9896656907413,72,73,72,72,72,4.23852996457702,1,62.8937472302195,72,73,72,72,72,1.96411217746415,0,24.7016415054355,72,73,72,72,72,0.430228101534087,0,3.19118592972396,5,5,5,13,5,24.7313058449214,0,41.0248674372048,72,73,72,72,72,1.61107552753541,0,17.3202926796903,72,73,72,72,72,0.612118734424814,0,11.4217096462312,42,42,42,68,42,23.2623518028014,0,38.6307265552687,72,73,72,72,72
"324","US-Ton","NGS",0.339944487605862,7,7.14170360409914,72,73,72,72,72,1.12002959473972,0,11.8872620180478,72,73,72,72,72,0.895147353063512,0,9.02116431101,72,73,72,72,72,0.582157751221047,19,12.818188766321,72,73,72,72,72,0.949988357505741,0,19.0639103680506,72,73,72,72,72,0.896963666300109,0,15.1780075591353,72,73,72,72,72,0.972274738712264,0,10.8397997363445,72,73,72,72,72,0.237919799963967,0,3.95259996461748,13,13,13,55,13,24.6898725845441,0,31.9203918249215,72,73,72,72,72,0.629116020641194,0,8.92419236046986,72,73,72,72,72,0.315559961889926,0,5.32788349023807,72,73,72,72,72,24.4702039756306,0,31.6508980989515,72,73,72,72,72
"325","US-Tw2","FT",1.51105676605936,1,2.9898679273789,2,2,1,4,2,6.82586502093374,0,87.1271762763322,72,73,72,72,72,5.32736487086661,0,79.9463464310586,38,38,38,71,38,7.5336788260982,1,139.132744189524,72,73,72,72,72,8.20145932564361,21,166.316646951901,72,73,72,72,72,9.1220989422234,0,183.853609771699,72,73,72,72,72,6.12340337985691,0,58.5201864349405,14,14,14,53,14,1.67305710356093,0,22.0536875987903,4,4,4,54,4,24.4662709960686,0,89.1016036735239,1,1,1,57,1,3.48301353674338,0,15.6635339034596,1,1,1,17,1,1.79520944703467,0,18.3614401105206,4,4,4,39,4,21.4670253518388,0,69.9949966692076,1,1,1,39,1
"326","US-Tw2","GS",NA,NA,NA,NA,NA,NA,NA,NA,8.72846650968325,0,114.270150148967,12,12,12,68,12,6.91206477042274,0,111.650945896889,72,73,72,72,72,11.242688586602,1,192.983455974854,72,73,72,72,72,12.1462823160271,21,239.990266673731,72,73,72,72,72,12.9727492401893,0,263.726813574872,72,73,72,72,72,7.32225898415384,0,67.0795356216378,12,12,12,42,12,2.14659060845074,0,15.3036149115739,4,4,4,38,4,28.2002641702565,0,116.534739570873,1,1,1,52,1,4.66926730516765,0,32.7982592884047,1,1,1,16,1,2.17757118550895,0,17.3650410574536,4,4,4,27,4,26.9192344919455,0,96.8398986985806,1,1,1,31,1
"327","US-Tw2","NGS",3.36572241750153,0,39.2888760771628,1,1,1,48,1,6.68610894409468,0,77.3102262872615,5,5,5,42,5,6.86939063710115,3,89.9054889160211,7,7,4,53,7,8.66514673103655,2,181.570206178457,72,73,72,72,72,10.1489544322552,16,202.369520960685,72,73,72,72,72,10.2004392512028,22,220.564269802133,72,73,72,72,72,6.53636549867469,0,42.8853270051182,6,6,6,27,6,4.15649662700437,9,66.7435352883277,3,16,12,58,21,24.9893599477896,0,83.215261620975,1,1,1,35,1,5.20057824641411,0,10.0991330614806,1,1,1,5,1,3.19239536887434,9,6.3822635027881,0,1,1,5,10,18.2787100289315,0,44.2162056873636,1,1,1,15,1
"328","US-Tw3","FT",0.62714308728061,1,10.5372665804059,12,12,11,62,12,4.08592723170405,0,30.7970553599576,72,73,72,72,72,3.07950444264493,0,24.165300110323,72,73,72,72,72,3.04659053129321,1,59.0163032932389,72,73,72,72,72,2.91124007161119,0,53.3530457122426,72,73,72,72,72,4.32097357187964,0,74.6323465303488,72,73,72,72,72,4.01657001338822,0,29.9095499166628,72,73,72,72,72,0.38277822998999,1,0.38277822998999,0,1,1,1,2,25.6448861620289,0,48.7247481965101,72,73,72,72,72,2.34386137294939,0,19.2734365563473,55,55,55,70,55,0.663067209844104,0,10.8533341735788,15,15,15,69,15,22.0859810481833,0,41.9669198772117,72,73,72,72,72
"329","US-Tw3","GS",0.781199188805186,0,13.6245906199879,11,11,11,69,11,4.1668861809134,0,32.4246369611132,72,73,72,72,72,3.40800618402335,0,27.7407797413799,72,73,72,72,72,1.75442075371375,22,34.9809930948995,72,73,72,72,72,1.74419285273655,0,30.0057124989413,72,73,72,72,72,2.45090034618867,1,41.7493077894739,72,73,72,72,72,4.03833764054044,0,32.0644219847778,72,73,72,72,72,0.463671065518925,11,2.28485284809476,0,2,1,4,12,27.2975516777134,0,54.1013125330743,72,73,72,72,72,2.69490622409874,0,22.1174409381532,9,9,9,69,9,0.767824255143304,0,13.2662397922176,28,28,28,68,28,24.6606540360634,0,48.3915718942668,66,66,66,69,66
"330","US-Tw3","NGS",2.26285514568931,6,43.4172443140247,63,63,57,71,63,6.08955536690208,0,72.9362067451171,13,13,13,67,13,4.9652141605048,0,75.1914759888653,13,13,13,68,13,4.02456270083129,21,80.8306755858577,72,73,72,72,72,4.37378486985671,21,87.0199852349236,72,73,72,72,72,5.26001203184771,0,93.6489062621756,72,73,72,72,72,4.8029144192276,0,47.9989890216583,12,12,12,48,12,1.72721204033306,3,21.7672724315358,13,13,10,41,13,23.8621519477064,0,83.8360668947669,13,13,13,62,13,3.43159304113495,0,23.4253440994676,6,6,6,33,6,1.87305820400328,0,19.8443109234694,3,3,3,45,3,19.0267603779463,0,63.5727671007885,8,8,8,52,8
"331","US-UC1","FT",0.953861433566724,0,18.3840419577002,72,73,72,72,72,5.49072131390072,0,38.8885112606372,12,12,12,69,12,3.72308359166135,0,26.5894972390428,72,73,72,72,72,1.71147633947615,1,27.7535951579846,72,73,72,72,72,2.1226624944163,0,29.0289970715828,72,73,72,72,72,2.06759936489237,0,27.4625332488652,72,73,72,72,72,5.54050689008955,0,36.655075555081,39,39,39,67,39,0.928844014372017,0,13.6821652398944,15,15,15,71,15,20.8471521757033,0,44.8349754853848,63,63,63,70,63,2.75383083324918,0,14.6800448513277,10,10,10,50,10,0.805653074991163,0,7.32656131166474,4,4,4,37,4,15.1154227335779,0,33.3509590347338,36,36,36,62,36
"332","US-UC1","GS",1.6210219461004,0,24.7595681840547,5,5,5,51,5,7.47986677150948,0,59.1003951918117,13,13,13,68,13,6.22463515959247,0,44.0575203582695,12,12,12,63,12,4.30500206093139,1,68.7336600818803,72,73,72,72,72,5.27816082370164,0,68.9915174271711,72,73,72,72,72,6.21166526086873,0,73.8690793454116,72,73,72,72,72,7.67211734973056,0,62.5784268509511,20,20,20,70,20,1.72505240554768,0,13.0050096546491,4,4,4,32,4,26.4768312358935,0,66.5471462808476,16,16,16,64,16,5.56107226077405,0,28.5141259544487,10,10,10,43,10,1.79318942178547,0,7.22411365297574,4,4,4,14,4,22.7137881278064,0,60.1432315401817,32,32,32,60,32
"333","US-UC1","NGS",1.30416365328246,2,25.4615672787535,39,39,37,67,39,4.96627470540453,0,49.3548588093134,72,73,72,72,72,3.33656148115709,0,39.3064235372495,72,73,72,72,72,1.82384406369218,0,31.838475241273,35,35,35,69,35,1.87571943722767,1,35.5359173584159,72,73,72,72,72,1.87490880272282,0,38.5254094748074,72,73,72,72,72,4.16070643813813,0,36.4107807676124,40,40,40,70,40,0.8426747007353,0,9.97348031058092,2,2,2,27,2,19.1657417787516,0,53.937235794732,72,73,72,72,72,2.25512488623886,0,18.9402974553154,6,6,6,51,6,0.844022752391037,0,6.16940518640503,1,1,1,36,1,13.6301608241471,0,40.5714282435029,34,34,34,68,34
"334","US-UC2","FT",0.957735329399638,1,17.3210532253065,72,73,72,72,72,5.60672307250033,0,39.7495357687744,12,12,12,70,12,3.99999797411113,0,26.8441271264042,72,73,72,72,72,3.17725092650596,0,51.9722784888847,72,73,72,72,72,3.82456307300347,0,50.8168496827684,72,73,72,72,72,3.8329588835686,0,48.3938204021118,72,73,72,72,72,5.68138172363417,0,34.9183835062424,14,14,14,61,14,0.95682110153759,0,13.6689411815175,32,32,32,66,32,22.078028151481,0,46.510183301931,72,73,72,72,72,3.04228060999779,0,12.7607872750572,9,9,9,42,9,0.773761793429794,0,4.71921218265648,4,4,4,19,4,15.3234143267821,0,33.3166465825452,15,15,15,61,15
"335","US-UC2","GS",1.43064155208793,1,20.5761812342123,7,7,6,53,7,6.73498142597683,0,50.8028459574999,14,14,14,67,14,5.80719693309407,0,36.3444472802859,10,10,10,63,10,4.12942704622645,1,65.4358958558713,72,73,72,72,72,5.15686226112459,0,65.1598902366663,72,73,72,72,72,6.49342801099835,0,68.5782597589205,72,73,72,72,72,6.85911987775997,0,52.9470100538732,67,67,67,71,67,1.5363962260385,0,12.2382253613831,4,4,4,31,4,27.1740930002148,0,63.2880608012997,16,16,16,64,16,4.99957169263793,0,23.7795467152016,9,9,9,37,9,1.52609022115406,0,8.56756138735588,4,4,4,17,4,22.517686715298,0,53.877139619448,15,15,15,54,15
"336","US-UC2","NGS",1.29175106051921,0,25.3137532125204,21,21,21,63,21,5.34826133624042,0,56.3172606519192,72,73,72,72,72,3.7781106750882,0,44.1275105434843,72,73,72,72,72,2.30788076142071,0,37.8102896218249,72,73,72,72,72,1.99015162643519,19,42.4729801658823,72,73,72,72,72,1.9564923768356,0,41.1989955925419,72,73,72,72,72,4.2310864373051,0,38.5577587431592,72,73,72,72,72,0.919497152289655,15,12.5620314983791,1,5,2,43,17,19.9655830422344,0,58.0254714324493,68,68,68,71,68,2.39053219467743,0,17.1889893301567,5,5,5,33,5,0.861125027574503,0,2.46943867551398,3,3,3,9,3,14.4134726738169,0,43.8062125661522,27,27,27,58,27
"337","US-UMB","FT",0.485279127473692,0,10.5615037946639,72,73,72,72,72,4.65327862311151,0,40.3665457922442,72,73,72,72,72,3.110468946667,0,16.0154258424109,72,73,72,72,72,1.50214139258478,9,32.3641840410195,72,73,72,72,72,2.07678983012325,1,40.3705201619613,72,73,72,72,72,1.59327207977183,0,25.7188222920603,72,73,72,72,72,3.67416106344348,0,41.3657986329536,72,73,72,72,72,0.517069836704847,0,10.4735514421775,72,73,72,72,72,11.303000879825,0,23.1546803251703,72,73,72,72,72,1.76607667918891,0,11.9284049914348,72,73,72,72,72,0.322296551336813,0,5.16409049585215,32,32,32,70,32,9.33406079305476,0,21.9617827120267,72,73,72,72,72
"338","US-UMB","GS",0.530927447558654,0,9.83593373015563,16,16,16,64,16,4.00618102454471,0,23.4711286123692,72,73,72,72,72,4.30901246865701,0,22.5287109671362,32,32,32,71,32,1.12271895720162,0,19.0320192744648,72,73,72,72,72,1.56483441965817,1,28.8008720979508,72,73,72,72,72,1.69849795609142,0,26.483080212793,72,73,72,72,72,2.92418602682842,0,21.8333010371828,72,73,72,72,72,0.624327628970153,0,10.7669260680323,34,34,34,69,34,13.1030574193471,0,29.5624488747382,31,31,31,69,31,2.96208904554942,0,18.0548770624693,40,40,40,71,40,0.62127886839862,0,7.77888320019759,8,8,8,34,8,12.189282154676,0,26.7593510942727,41,41,41,70,41
"339","US-UMB","NGS",0.635533553508509,7,13.9375537061257,72,73,72,72,72,3.0511989064592,0,34.0594108772785,72,73,72,72,72,2.32813321834184,0,21.7016971034698,72,73,72,72,72,1.38215502103526,17,29.6040245671586,72,73,72,72,72,1.73561040127766,0,36.413325037972,72,73,72,72,72,1.50331776671767,0,29.7660001783296,72,73,72,72,72,2.46962044269142,0,28.2896325322893,72,73,72,72,72,0.625763723210226,2,13.4623706448789,72,73,72,72,72,11.55663546978,0,29.9541454299686,72,73,72,72,72,1.42286885775369,0,14.2790205104445,72,73,72,72,72,0.409010950835847,3,8.06830729541642,69,69,66,71,69,9.48126553080028,0,25.2027517648111,72,73,72,72,72
"340","US-UMd","FT",0.560116854323882,9,12.05186239304,72,73,72,72,72,5.63121822995717,0,41.536929313295,72,73,72,72,72,3.33173340081316,0,15.7953487710165,72,73,72,72,72,1.4567943524182,9,29.7533071391087,72,73,72,72,72,1.973730442108,0,34.7162331547618,72,73,72,72,72,1.3853911740102,0,20.6658399361452,72,73,72,72,72,4.60076899920684,0,41.6506131515168,72,73,72,72,72,0.538495219359539,0,10.5203853525911,72,73,72,72,72,16.084314472785,0,27.5861251097442,72,73,72,72,72,1.97760714618631,0,11.7782740359583,72,73,72,72,72,0.336341008524894,0,5.246207821522,72,73,72,72,72,13.0380137301577,0,25.4902078659325,72,73,72,72,72
"341","US-UMd","GS",0.552062156202826,6,12.1169871073877,72,73,72,72,72,5.06494084480641,0,25.3048237509605,72,73,72,72,72,4.72995291407564,0,22.4204211388875,72,73,72,72,72,1.74394860073454,23,37.9161301517532,72,73,72,72,72,2.33813782496118,1,39.2548353663138,72,73,72,72,72,2.45804593582719,0,36.9236361559203,72,73,72,72,72,4.12517496532603,0,23.2204375710301,72,73,72,72,72,0.606041906728129,0,10.1927267418301,27,27,27,69,27,19.4732481384983,0,34.5808265110232,32,32,32,68,32,3.48688891500392,0,18.3717836127048,64,64,64,71,64,0.544324511967166,0,7.13782028981702,11,11,11,35,11,18.0771593826018,0,32.4139128446297,36,36,36,70,36
"342","US-UMd","NGS",0.610708275573077,7,13.3271864556349,72,73,72,72,72,3.62373410129609,0,34.863441763843,72,73,72,72,72,2.38446198946,0,20.7381755498996,72,73,72,72,72,1.15543603676483,13,25.1877140045783,72,73,72,72,72,1.35682615962624,4,27.639719809686,72,73,72,72,72,1.29107402249322,1,25.1649731024034,72,73,72,72,72,2.80618784273554,0,29.330524473121,72,73,72,72,72,0.522699267067854,0,10.2392826433492,72,73,72,72,72,14.9304053100608,0,32.409814111937,72,73,72,72,72,1.47887236579416,0,14.1414876785476,72,73,72,72,72,0.429075152651021,0,7.93605129995315,70,70,70,71,70,11.827431921013,0,27.8961720162123,72,73,72,72,72
"343","US-UTB","FT",NA,NA,NA,NA,NA,NA,NA,NA,3.17461082179272,1,53.5375255823352,72,73,72,72,72,2.96568898655824,0,55.4718086412525,72,73,72,72,72,NA,NA,NA,NA,NA,NA,NA,NA,NA,NA,NA,NA,NA,NA,NA,NA,NA,NA,NA,NA,NA,NA,NA,NA,3.10489095354146,0,48.2839136407593,72,73,72,72,72,NA,NA,NA,NA,NA,NA,NA,NA,18.1100855059441,0,67.5116005783355,72,73,72,72,72,1.90759450545825,0,19.6896089199447,6,6,6,36,6,NA,NA,NA,NA,NA,NA,NA,NA,11.9441861029882,0,33.0717813940438,7,7,7,50,7
"344","US-UTB","GS",NA,NA,NA,NA,NA,NA,NA,NA,3.58068647406957,0,37.1345690802356,7,7,7,28,7,5.11475491941579,0,98.2057248492326,72,73,72,72,72,NA,NA,NA,NA,NA,NA,NA,NA,NA,NA,NA,NA,NA,NA,NA,NA,NA,NA,NA,NA,NA,NA,NA,NA,2.84718280910667,0,10.1714019074093,3,3,3,8,3,NA,NA,NA,NA,NA,NA,NA,NA,18.8903689133913,0,91.2888141008742,16,16,16,68,16,3.3357444914147,0,36.5338881121593,6,6,6,37,6,NA,NA,NA,NA,NA,NA,NA,NA,14.694717721072,0,36.7726035535951,5,5,5,25,5
"345","US-UTB","NGS",NA,NA,NA,NA,NA,NA,NA,NA,5.63219229764553,0,110.746166730254,72,73,72,72,72,4.18038741521807,0,85.6508445172153,72,73,72,72,72,NA,NA,NA,NA,NA,NA,NA,NA,NA,NA,NA,NA,NA,NA,NA,NA,NA,NA,NA,NA,NA,NA,NA,NA,4.65195872966762,0,83.7497562877017,72,73,72,72,72,NA,NA,NA,NA,NA,NA,NA,NA,24.6767872398321,0,91.2009373999924,72,73,72,72,72,2.30642999303278,0,21.0917322331939,6,6,6,24,6,NA,NA,NA,NA,NA,NA,NA,NA,17.8937281440379,0,47.53509174433,1,1,1,55,1
"346","US-Var","FT",0.321074295976033,1,6.88542159988993,72,73,72,72,72,1.4467270817125,0,12.1097246446962,72,73,72,72,72,2.38159623026961,0,12.5843917510561,72,73,72,72,72,1.20060423270416,7,25.3057689640613,72,73,72,72,72,1.33600053021618,0,25.3043115078331,72,73,72,72,72,1.56579455993363,0,27.8962572927213,72,73,72,72,72,1.06307310113959,0,8.76922846168667,72,73,72,72,72,0.210935911799449,0,3.91626305319643,66,66,66,71,66,22.044112544571,0,29.7115773643032,72,73,72,72,72,1.33844049804303,0,7.19044289592866,72,73,72,72,72,0.228089647546327,0,4.04343871598964,53,53,53,71,53,19.4357347191615,0,26.0032618095172,72,73,72,72,72
"347","US-Var","GS",0.636443411453158,1,13.8756221148108,72,73,72,72,72,3.26049948036871,0,26.6817699674992,72,73,72,72,72,3.81090581676286,0,25.7719798788405,72,73,72,72,72,2.2252631931026,3,44.8318388921312,72,73,72,72,72,2.07908290068625,1,42.4054334138845,72,73,72,72,72,2.88419333551097,1,52.3145817439562,72,73,72,72,72,2.82383308862459,0,23.6644038726187,72,73,72,72,72,0.439645261071688,10,5.0788565244393,2,2,2,32,12,21.647376823503,0,39.7556331646433,31,31,31,69,31,2.59298989417906,0,17.4270269422832,37,37,37,69,37,0.507398505321361,0,8.87598807972977,11,11,11,52,11,18.7527558015941,0,33.952433899894,28,28,28,58,28
"348","US-Var","NGS",0.375249762032319,20,7.64186193898822,72,73,72,72,72,1.16653874874651,0,13.7258274095382,72,73,72,72,72,1.68876606572939,0,12.9149429106047,72,73,72,72,72,1.64150609671145,2,32.9840927716644,72,73,72,72,72,1.72776729486498,0,34.5044464972178,72,73,72,72,72,1.94118437976718,0,37.5550321727287,72,73,72,72,72,0.904066456530684,0,9.5849249612663,72,73,72,72,72,0.266470900727796,0,4.87099386853616,66,66,66,71,66,22.5297695186392,0,31.6900411211607,72,73,72,72,72,1.08645034795672,0,8.02649167594909,72,73,72,72,72,0.291483956341001,0,5.09258675289008,72,73,72,72,72,20.0809865706052,0,28.2430284244746,72,73,72,72,72
"349","US-Vcm","FT",NA,NA,NA,NA,NA,NA,NA,NA,2.27939556970579,0,21.7160643630615,72,73,72,72,72,1.48911584900831,0,11.4606847879622,72,73,72,72,72,NA,NA,NA,NA,NA,NA,NA,NA,NA,NA,NA,NA,NA,NA,NA,NA,NA,NA,NA,NA,NA,NA,NA,NA,1.95136954706662,0,19.1643397809095,72,73,72,72,72,NA,NA,NA,NA,NA,NA,NA,NA,18.8616563932793,0,27.1563580374012,36,36,36,69,36,1.37445974547204,0,10.3375803574239,72,73,72,72,72,NA,NA,NA,NA,NA,NA,NA,NA,23.8222663774029,0,35.1096729194423,72,73,72,72,72
"350","US-Vcm","GS",NA,NA,NA,NA,NA,NA,NA,NA,2.54146938270553,0,22.9811568207841,34,34,34,69,34,2.67280572703393,0,20.4359637846104,72,73,72,72,72,NA,NA,NA,NA,NA,NA,NA,NA,NA,NA,NA,NA,NA,NA,NA,NA,NA,NA,NA,NA,NA,NA,NA,NA,2.29718269880081,0,20.2302086508959,72,73,72,72,72,NA,NA,NA,NA,NA,NA,NA,NA,27.9433223543011,0,43.516239088886,34,34,34,67,34,2.3330852492808,0,18.0904407131723,72,73,72,72,72,NA,NA,NA,NA,NA,NA,NA,NA,29.6257407204424,0,46.9308722181568,72,73,72,72,72
"351","US-Vcm","NGS",NA,NA,NA,NA,NA,NA,NA,NA,1.41962387442664,0,19.712894434275,72,73,72,72,72,0.945088259283137,0,16.7780062303141,72,73,72,72,72,NA,NA,NA,NA,NA,NA,NA,NA,NA,NA,NA,NA,NA,NA,NA,NA,NA,NA,NA,NA,NA,NA,NA,NA,0.909375947327999,0,12.1418035995302,72,73,72,72,72,NA,NA,NA,NA,NA,NA,NA,NA,17.5176873925722,0,30.7447961700203,53,53,53,67,53,0.981309092804055,0,14.5882262351256,72,73,72,72,72,NA,NA,NA,NA,NA,NA,NA,NA,26.0300803860729,0,45.532921882115,72,73,72,72,72
"352","US-Vcp","FT",NA,NA,NA,NA,NA,NA,NA,NA,2.87043763057662,0,21.3474864779004,72,73,72,72,72,1.94047131775724,0,12.5704080346971,72,73,72,72,72,NA,NA,NA,NA,NA,NA,NA,NA,NA,NA,NA,NA,NA,NA,NA,NA,NA,NA,NA,NA,NA,NA,NA,NA,2.76525208801645,0,20.7773269736166,72,73,72,72,72,NA,NA,NA,NA,NA,NA,NA,NA,26.6424246830213,0,36.0225472975252,72,73,72,72,72,1.30128511534593,0,9.38174364797143,72,73,72,72,72,NA,NA,NA,NA,NA,NA,NA,NA,21.5177229264141,0,29.3274744247926,72,73,72,72,72
"353","US-Vcp","GS",NA,NA,NA,NA,NA,NA,NA,NA,3.1100562578903,0,22.4603996918691,72,73,72,72,72,2.57329590747185,0,15.9932044439854,31,31,31,71,31,NA,NA,NA,NA,NA,NA,NA,NA,NA,NA,NA,NA,NA,NA,NA,NA,NA,NA,NA,NA,NA,NA,NA,NA,3.00609503410457,0,21.8881084796268,72,73,72,72,72,NA,NA,NA,NA,NA,NA,NA,NA,30.9424721652319,0,42.7204470886655,59,59,59,71,59,1.84875460628947,0,12.9309385058896,72,73,72,72,72,NA,NA,NA,NA,NA,NA,NA,NA,26.7875091968397,0,37.2875800731595,40,40,40,70,40
"354","US-Vcp","NGS",NA,NA,NA,NA,NA,NA,NA,NA,2.26233959358656,0,29.8332248047421,72,73,72,72,72,1.52636541398864,0,24.9239992614485,72,73,72,72,72,NA,NA,NA,NA,NA,NA,NA,NA,NA,NA,NA,NA,NA,NA,NA,NA,NA,NA,NA,NA,NA,NA,NA,NA,1.52732096603609,0,19.1563609002579,72,73,72,72,72,NA,NA,NA,NA,NA,NA,NA,NA,21.8321792273057,0,39.3498955138385,37,37,37,71,37,1.02097690502408,0,16.1694790798632,72,73,72,72,72,NA,NA,NA,NA,NA,NA,NA,NA,21.6674711060078,0,38.68485480516,72,73,72,72,72
"355","US-Whs","FT",0.270273026544483,11,5.78416074712529,72,73,72,72,72,1.93961139952129,0,23.5688340399916,72,73,72,72,72,1.25331446561266,0,16.1663423473977,72,73,72,72,72,0.871213536969065,13,18.1395645381222,72,73,72,72,72,1.06642772170509,1,18.9845077319188,72,73,72,72,72,1.3072716379307,0,25.8917414407689,72,73,72,72,72,1.8132352115134,0,19.8519140739153,72,73,72,72,72,0.255845033052017,0,4.8042200209156,72,73,72,72,72,36.3750050616388,0,46.9854319384717,72,73,72,72,72,0.954944920084699,0,11.0273807218655,72,73,72,72,72,0.272110231018572,0,5.5259554950648,50,50,50,70,50,29.1124581652893,0,37.0258329621134,13,13,13,69,13
"356","US-Whs","GS",0.36425401155961,19,7.23706154442198,6,22,10,64,29,2.29787523491016,0,27.4614653004664,72,73,72,72,72,1.74411647973154,0,23.1035257896099,72,73,72,72,72,1.47703602617835,0,29.5310934010959,72,73,72,72,72,2.31714112335988,0,34.3592212725925,72,73,72,72,72,2.54136064272386,0,38.239744934589,72,73,72,72,72,2.04317971675943,0,21.9076274843434,72,73,72,72,72,0.453023729898151,0,6.82875232635499,8,8,8,70,8,40.6244405537786,0,56.0321926182956,72,73,72,72,72,1.38120785354104,0,16.6962838570521,72,73,72,72,72,0.435908336152684,0,7.24981452162264,4,4,4,68,4,36.1359638341836,0,48.4885957957596,10,10,10,65,10
"357","US-Whs","NGS",0.439930507895408,13,9.70701170632776,31,31,18,68,31,1.34373184347525,0,22.2784033519388,72,73,72,72,72,1.20218354233152,0,23.6112627760946,72,73,72,72,72,1.41610878151819,20,30.4693600702689,72,73,72,72,72,2.05947602803583,10,43.7429413162681,72,73,72,72,72,1.99963291652231,11,43.1164112411525,72,73,72,72,72,1.23488222524073,0,15.6793118970949,17,17,17,69,17,0.514331192561284,20,11.0333491917391,72,73,72,72,72,36.1024474609964,0,54.734737949141,72,73,72,72,72,1.22576038661538,0,17.7841932117026,10,10,10,67,10,0.520478206298232,14,10.528424595427,1,47,35,68,49,34.8770254645164,0,51.8662131082927,72,73,72,72,72
"358","US-Wi0","FT",NA,NA,NA,NA,NA,NA,NA,NA,9.4752905019094,0,104.521405403777,11,11,11,65,11,5.93620303309085,0,70.8673834398294,4,4,4,59,4,NA,NA,NA,NA,NA,NA,NA,NA,NA,NA,NA,NA,NA,NA,NA,NA,NA,NA,NA,NA,NA,NA,NA,NA,8.14381434683438,0,73.1774943828366,13,13,13,52,13,NA,NA,NA,NA,NA,NA,NA,NA,17.0556717148747,0,83.1692635785852,5,5,5,53,5,4.98187692354947,0,20.7029166166553,2,2,2,25,2,NA,NA,NA,NA,NA,NA,NA,NA,17.8369767350132,0,66.915137048658,10,10,10,39,10
"359","US-Wi0","GS",NA,NA,NA,NA,NA,NA,NA,NA,11.8920756200336,0,113.519618294974,5,5,5,56,5,8.34774809792877,0,100.477626637187,3,3,3,54,3,NA,NA,NA,NA,NA,NA,NA,NA,NA,NA,NA,NA,NA,NA,NA,NA,NA,NA,NA,NA,NA,NA,NA,NA,9.79550934559372,0,67.429648152317,11,11,11,37,11,NA,NA,NA,NA,NA,NA,NA,NA,20.0084924879831,0,36.6446934575172,1,1,1,16,1,6.4114037508741,0,46.3636145271373,2,2,2,27,2,NA,NA,NA,NA,NA,NA,NA,NA,20.3881118034394,0,57.3559225400372,5,5,5,23,5
"360","US-Wi0","NGS",NA,NA,NA,NA,NA,NA,NA,NA,7.85247943173672,0,62.9980715887706,1,1,1,25,1,7.52983294266489,2,40.7352054552306,0,5,5,19,7,NA,NA,NA,NA,NA,NA,NA,NA,NA,NA,NA,NA,NA,NA,NA,NA,NA,NA,NA,NA,NA,NA,NA,NA,7.20149179689853,0,18.9304132670765,2,2,2,25,2,NA,NA,NA,NA,NA,NA,NA,NA,19.1729975163963,0,96.1860787655248,1,1,1,34,1,6.15445041513318,21,6.15445041513318,0,1,1,12,22,NA,NA,NA,NA,NA,NA,NA,NA,18.0146845889584,0,97.19321299096,3,3,3,27,3
"361","US-Wi1","FT",NA,NA,NA,NA,NA,NA,NA,NA,9.3793152952278,0,150.892038643879,72,73,72,72,72,6.35773585108478,0,125.888135525123,51,51,51,71,51,NA,NA,NA,NA,NA,NA,NA,NA,NA,NA,NA,NA,NA,NA,NA,NA,NA,NA,NA,NA,NA,NA,NA,NA,8.5372437468357,0,127.571281630546,72,73,72,72,72,NA,NA,NA,NA,NA,NA,NA,NA,23.1676120087541,0,115.686347987,6,6,6,70,6,5.41325966293142,0,82.2264121497376,2,2,2,58,2,NA,NA,NA,NA,NA,NA,NA,NA,23.7696626062432,0,123.28141943323,72,73,72,72,72
"362","US-Wi1","GS",NA,NA,NA,NA,NA,NA,NA,NA,10.5360841584252,0,128.595763543645,5,5,5,51,5,8.84455169814326,0,168.779259823809,25,25,25,67,25,NA,NA,NA,NA,NA,NA,NA,NA,NA,NA,NA,NA,NA,NA,NA,NA,NA,NA,NA,NA,NA,NA,NA,NA,9.85808638468819,0,104.078536930251,14,14,14,40,14,NA,NA,NA,NA,NA,NA,NA,NA,27.0602758171324,0,130.533775948614,1,1,1,50,1,7.57843552396422,0,109.814878882497,15,15,15,46,15,NA,NA,NA,NA,NA,NA,NA,NA,27.4024584708892,0,134.402270107487,1,1,1,51,1
"363","US-Wi1","NGS",NA,NA,NA,NA,NA,NA,NA,NA,15.2522721881799,16,298.468372455891,72,73,72,72,72,14.6047380254321,16,187.88498741854,0,17,5,48,21,NA,NA,NA,NA,NA,NA,NA,NA,NA,NA,NA,NA,NA,NA,NA,NA,NA,NA,NA,NA,NA,NA,NA,NA,13.8995661706039,13,225.472445097436,19,19,6,69,19,NA,NA,NA,NA,NA,NA,NA,NA,22.1716473162237,0,186.723745891994,1,1,1,65,1,11.4767781847802,10,104.749546730047,0,11,8,41,18,NA,NA,NA,NA,NA,NA,NA,NA,22.9902396956227,0,179.379279595417,1,1,1,65,1
"364","US-Wi3","FT",NA,NA,NA,NA,NA,NA,NA,NA,6.99128731534218,0,66.5140908723929,72,73,72,72,72,4.29122098201068,0,57.4651419420627,72,73,72,72,72,NA,NA,NA,NA,NA,NA,NA,NA,NA,NA,NA,NA,NA,NA,NA,NA,NA,NA,NA,NA,NA,NA,NA,NA,3.64576393028533,0,27.0090138162653,9,9,9,47,9,NA,NA,NA,NA,NA,NA,NA,NA,20.0543183588903,0,68.353147151464,72,73,72,72,72,2.46448869030221,0,22.8259378979896,7,7,7,48,7,NA,NA,NA,NA,NA,NA,NA,NA,19.457052417826,0,68.5471411162372,72,73,72,72,72
"365","US-Wi3","GS",NA,NA,NA,NA,NA,NA,NA,NA,7.29001904344294,0,52.792752212709,7,7,7,62,7,5.04594481733759,0,43.3430446630136,7,7,7,42,7,NA,NA,NA,NA,NA,NA,NA,NA,NA,NA,NA,NA,NA,NA,NA,NA,NA,NA,NA,NA,NA,NA,NA,NA,4.67835017004115,0,23.1877419732447,5,5,5,37,5,NA,NA,NA,NA,NA,NA,NA,NA,23.213083300441,0,73.4018230656985,1,1,1,67,1,3.51364433194326,0,24.7677996084968,3,3,3,41,3,NA,NA,NA,NA,NA,NA,NA,NA,23.6751990559607,0,86.5896760811118,59,59,59,70,59
"366","US-Wi3","NGS",NA,NA,NA,NA,NA,NA,NA,NA,6.80220417460281,21,127.209100510395,9,63,72,71,72,7.60740150884141,22,148.603090783872,72,73,72,72,72,NA,NA,NA,NA,NA,NA,NA,NA,NA,NA,NA,NA,NA,NA,NA,NA,NA,NA,NA,NA,NA,NA,NA,NA,3.31918582641258,2,40.2210512338087,13,13,11,28,13,NA,NA,NA,NA,NA,NA,NA,NA,21.7885883038536,0,139.80329181438,72,73,72,72,72,2.66427752940222,1,2.66427752940222,0,1,1,3,2,NA,NA,NA,NA,NA,NA,NA,NA,15.5504003276352,0,104.607399839481,32,32,32,66,32
"367","US-Wi4","FT",NA,NA,NA,NA,NA,NA,NA,NA,5.11698082681912,0,53.4309964946956,72,73,72,72,72,3.7962005455485,0,43.8513271712824,72,73,72,72,72,NA,NA,NA,NA,NA,NA,NA,NA,NA,NA,NA,NA,NA,NA,NA,NA,NA,NA,NA,NA,NA,NA,NA,NA,3.1956541903322,0,26.7690389285635,12,12,12,52,12,NA,NA,NA,NA,NA,NA,NA,NA,20.0957750503302,0,56.6145487548941,72,73,72,72,72,2.31570881377983,0,22.4713505424005,12,12,12,62,12,NA,NA,NA,NA,NA,NA,NA,NA,21.5620800206112,0,61.4211852341549,72,73,72,72,72
"368","US-Wi4","GS",NA,NA,NA,NA,NA,NA,NA,NA,4.8896926003361,0,53.7150288190166,72,73,72,72,72,3.69032372940239,0,46.5623837609178,31,31,31,69,31,NA,NA,NA,NA,NA,NA,NA,NA,NA,NA,NA,NA,NA,NA,NA,NA,NA,NA,NA,NA,NA,NA,NA,NA,3.39111014590211,0,25.446808584943,10,10,10,46,10,NA,NA,NA,NA,NA,NA,NA,NA,21.1731289778703,0,56.8271913829847,6,6,6,64,6,2.61063121801877,0,16.9245001997168,7,7,7,41,7,NA,NA,NA,NA,NA,NA,NA,NA,23.1172076468424,0,64.3984274157121,41,41,41,71,41
"369","US-Wi4","NGS",NA,NA,NA,NA,NA,NA,NA,NA,8.51780261964559,3,16.6294671724993,0,1,1,12,4,NA,NA,NA,NA,NA,NA,NA,NA,NA,NA,NA,NA,NA,NA,NA,NA,NA,NA,NA,NA,NA,NA,NA,NA,NA,NA,NA,NA,NA,NA,NA,NA,3.02030527743706,23,3.02030527743706,0,2,2,7,25,NA,NA,NA,NA,NA,NA,NA,NA,20.4501257083879,0,97.5812138565986,7,7,7,36,7,NA,NA,NA,NA,NA,NA,NA,NA,NA,NA,NA,NA,NA,NA,NA,NA,19.263633958733,0,78.2729689484138,6,6,6,30,6
"370","US-Wi5","FT",NA,NA,NA,NA,NA,NA,NA,NA,6.53122068855985,0,47.7636176533603,7,7,7,49,7,5.59396716886419,0,39.0453807095154,7,7,7,26,7,NA,NA,NA,NA,NA,NA,NA,NA,NA,NA,NA,NA,NA,NA,NA,NA,NA,NA,NA,NA,NA,NA,NA,NA,4.67125146426344,0,27.3986208437111,10,10,10,36,10,NA,NA,NA,NA,NA,NA,NA,NA,24.1010907550996,0,87.1031145549982,1,1,1,70,1,3.39573714201995,0,28.755590986825,6,6,6,25,6,NA,NA,NA,NA,NA,NA,NA,NA,15.8024324738188,0,66.7815199440295,72,73,72,72,72
"371","US-Wi5","GS",NA,NA,NA,NA,NA,NA,NA,NA,4.92113805020578,0,11.9367729511951,1,1,1,5,1,6.80709850043411,0,21.8605942643576,3,3,3,7,3,NA,NA,NA,NA,NA,NA,NA,NA,NA,NA,NA,NA,NA,NA,NA,NA,NA,NA,NA,NA,NA,NA,NA,NA,6.45567900944529,0,28.5813365856653,4,4,4,15,4,NA,NA,NA,NA,NA,NA,NA,NA,26.8871548163972,0,109.91502463968,30,30,30,59,30,6.47298762324073,0,37.2460696218983,4,4,4,30,4,NA,NA,NA,NA,NA,NA,NA,NA,19.8881322155634,0,94.610197855221,34,34,34,68,34
"372","US-Wi5","NGS",NA,NA,NA,NA,NA,NA,NA,NA,10.1721590407372,0,161.705332838302,7,7,7,67,7,9.42127430356877,19,175.899170573415,7,23,12,64,31,NA,NA,NA,NA,NA,NA,NA,NA,NA,NA,NA,NA,NA,NA,NA,NA,NA,NA,NA,NA,NA,NA,NA,NA,5.18031364581599,3,60.4059608458498,12,12,9,33,12,NA,NA,NA,NA,NA,NA,NA,NA,28.418423232676,0,195.075927700341,1,1,1,70,1,3.92567440560207,22,11.6488085456991,1,1,1,4,23,NA,NA,NA,NA,NA,NA,NA,NA,21.69244621368,0,147.154013776468,1,1,1,61,1
"373","US-Wi6","FT",NA,NA,NA,NA,NA,NA,NA,NA,9.97490048843817,0,134.91776592261,72,73,72,72,72,5.40291459300725,0,101.743552791524,47,47,47,71,47,NA,NA,NA,NA,NA,NA,NA,NA,NA,NA,NA,NA,NA,NA,NA,NA,NA,NA,NA,NA,NA,NA,NA,NA,8.73514490363397,0,108.983737906418,72,73,72,72,72,NA,NA,NA,NA,NA,NA,NA,NA,17.6997299266038,0,95.6622779727303,5,5,5,68,5,3.67163148504846,12,49.2343689353202,1,13,8,51,20,NA,NA,NA,NA,NA,NA,NA,NA,15.9597451504791,0,79.4573796390373,1,1,1,61,1
"374","US-Wi6","GS",NA,NA,NA,NA,NA,NA,NA,NA,11.1974984645377,0,167.69717105198,72,73,72,72,72,7.85168121769851,0,154.958414213401,47,47,47,71,47,NA,NA,NA,NA,NA,NA,NA,NA,NA,NA,NA,NA,NA,NA,NA,NA,NA,NA,NA,NA,NA,NA,NA,NA,10.5682584532885,0,142.157142837933,40,40,40,65,40,NA,NA,NA,NA,NA,NA,NA,NA,20.4677040778611,0,113.126651361188,1,1,1,59,1,6.12844279112963,15,80.3099766980514,1,13,8,50,23,NA,NA,NA,NA,NA,NA,NA,NA,19.0020227134822,0,103.837033625739,1,1,1,52,1
"375","US-Wi6","NGS",NA,NA,NA,NA,NA,NA,NA,NA,8.52977923036562,0,123.983755615012,10,10,10,56,10,5.71826017992144,0,58.3385582125417,2,2,2,26,2,NA,NA,NA,NA,NA,NA,NA,NA,NA,NA,NA,NA,NA,NA,NA,NA,NA,NA,NA,NA,NA,NA,NA,NA,6.99390367204848,0,96.3937202850953,15,15,15,64,15,NA,NA,NA,NA,NA,NA,NA,NA,17.8946556257737,0,118.878425997377,1,1,1,63,1,4.62207127703642,13,41.9606491504328,1,6,5,30,18,NA,NA,NA,NA,NA,NA,NA,NA,16.9826894814548,0,130.992905239308,20,20,20,65,20
"376","US-Wi7","FT",NA,NA,NA,NA,NA,NA,NA,NA,4.97186291954348,0,59.5092736809218,2,2,2,47,2,5.04935079154967,0,36.554675606439,3,3,3,24,3,NA,NA,NA,NA,NA,NA,NA,NA,NA,NA,NA,NA,NA,NA,NA,NA,NA,NA,NA,NA,NA,NA,NA,NA,3.77480359777015,0,9.69325080225732,2,2,2,13,2,NA,NA,NA,NA,NA,NA,NA,NA,21.3214651721528,0,87.5334293933653,5,5,5,42,5,3.46387310405208,0,3.46387310405208,1,1,1,7,1,NA,NA,NA,NA,NA,NA,NA,NA,20.0191418444868,0,37.3166531803932,1,1,1,17,1
"377","US-Wi7","GS",NA,NA,NA,NA,NA,NA,NA,NA,6.03883209958798,0,49.2349259738774,2,2,2,28,2,5.50680887194975,0,51.5270107635375,5,5,5,25,5,NA,NA,NA,NA,NA,NA,NA,NA,NA,NA,NA,NA,NA,NA,NA,NA,NA,NA,NA,NA,NA,NA,NA,NA,5.36653827001681,0,12.5623442174834,2,2,2,13,2,NA,NA,NA,NA,NA,NA,NA,NA,22.9985470929338,0,48.7377984731148,1,1,1,21,1,4.82864596666064,0,12.8341720478329,1,1,1,5,1,NA,NA,NA,NA,NA,NA,NA,NA,21.2058812668601,0,47.3904558672372,1,1,1,14,1
"378","US-Wi7","NGS",NA,NA,NA,NA,NA,NA,NA,NA,NA,NA,NA,NA,NA,NA,NA,NA,NA,NA,NA,NA,NA,NA,NA,NA,NA,NA,NA,NA,NA,NA,NA,NA,NA,NA,NA,NA,NA,NA,NA,NA,NA,NA,NA,NA,NA,NA,NA,NA,NA,NA,NA,NA,NA,NA,NA,NA,NA,NA,NA,NA,NA,NA,NA,NA,NA,NA,NA,NA,NA,NA,NA,NA,NA,NA,NA,NA,NA,NA,NA,NA,NA,NA,NA,NA,NA,NA,NA,NA,NA,NA,NA,NA,NA,NA,NA,NA
"379","US-Wi8","FT",NA,NA,NA,NA,NA,NA,NA,NA,12.2456738115723,0,109.838128055301,9,9,9,56,9,8.61571535009092,0,116.215105411719,61,61,61,70,61,NA,NA,NA,NA,NA,NA,NA,NA,NA,NA,NA,NA,NA,NA,NA,NA,NA,NA,NA,NA,NA,NA,NA,NA,10.1467669183844,0,68.6846579432559,10,10,10,42,10,NA,NA,NA,NA,NA,NA,NA,NA,22.5374543822647,0,117.433746995576,1,1,1,69,1,6.48027189440936,0,61.1461441162099,8,8,8,44,8,NA,NA,NA,NA,NA,NA,NA,NA,22.0415817567994,0,123.518890343757,27,27,27,69,27
"380","US-Wi8","GS",NA,NA,NA,NA,NA,NA,NA,NA,12.0120553876882,0,102.304995943637,9,9,9,49,9,9.1436588186468,0,114.295755389325,11,11,11,56,11,NA,NA,NA,NA,NA,NA,NA,NA,NA,NA,NA,NA,NA,NA,NA,NA,NA,NA,NA,NA,NA,NA,NA,NA,10.5481430164669,0,59.7563984728214,8,8,8,33,8,NA,NA,NA,NA,NA,NA,NA,NA,24.333165549633,0,75.4441069541105,1,1,1,34,1,7.47039992321414,0,39.2864553366975,4,4,4,14,4,NA,NA,NA,NA,NA,NA,NA,NA,23.9617650481704,0,96.471710912748,1,1,1,43,1
"381","US-Wi8","NGS",NA,NA,NA,NA,NA,NA,NA,NA,NA,NA,NA,NA,NA,NA,NA,NA,NA,NA,NA,NA,NA,NA,NA,NA,NA,NA,NA,NA,NA,NA,NA,NA,NA,NA,NA,NA,NA,NA,NA,NA,NA,NA,NA,NA,NA,NA,NA,NA,NA,NA,NA,NA,NA,NA,NA,NA,NA,NA,NA,NA,NA,NA,NA,NA,NA,NA,NA,NA,NA,NA,NA,NA,NA,NA,NA,NA,NA,NA,NA,NA,NA,NA,NA,NA,NA,NA,NA,NA,NA,NA,NA,NA,NA,NA,NA,NA
"382","US-Wi9","FT",NA,NA,NA,NA,NA,NA,NA,NA,6.19478897233479,0,52.7392332724193,4,4,4,47,4,4.69716542147083,0,43.4047072406088,12,12,12,44,12,NA,NA,NA,NA,NA,NA,NA,NA,NA,NA,NA,NA,NA,NA,NA,NA,NA,NA,NA,NA,NA,NA,NA,NA,3.39425026381014,0,27.8122617533057,11,11,11,40,11,NA,NA,NA,NA,NA,NA,NA,NA,19.2132047335954,0,78.0562654896044,29,29,29,69,29,2.65279854530172,0,18.3553011744262,2,2,2,29,2,NA,NA,NA,NA,NA,NA,NA,NA,17.1802328227118,0,70.0820064882178,17,17,17,58,17
"383","US-Wi9","GS",NA,NA,NA,NA,NA,NA,NA,NA,6.97139878268696,0,61.7401092042404,3,3,3,35,3,5.958638772996,0,48.2016163237175,4,4,4,34,4,NA,NA,NA,NA,NA,NA,NA,NA,NA,NA,NA,NA,NA,NA,NA,NA,NA,NA,NA,NA,NA,NA,NA,NA,4.67030416543471,0,25.4304802637392,4,4,4,20,4,NA,NA,NA,NA,NA,NA,NA,NA,19.6689733194923,0,64.6320737918346,1,1,1,40,1,3.73115498456424,0,19.6174023170968,3,3,3,23,3,NA,NA,NA,NA,NA,NA,NA,NA,19.0579306298474,0,44.3035897305578,1,1,1,24,1
"384","US-Wi9","NGS",NA,NA,NA,NA,NA,NA,NA,NA,6.1411435737971,23,88.9948115781076,8,16,8,50,31,6.13071273418177,7,100.83449063594,11,11,4,55,11,NA,NA,NA,NA,NA,NA,NA,NA,NA,NA,NA,NA,NA,NA,NA,NA,NA,NA,NA,NA,NA,NA,NA,NA,3.00844452676265,0,14.0118700083903,1,1,1,17,1,NA,NA,NA,NA,NA,NA,NA,NA,22.9721724599739,0,121.768384848152,27,27,27,69,27,3.1116963850583,19,26.8853993114516,1,6,3,16,22,NA,NA,NA,NA,NA,NA,NA,NA,20.7986622697931,0,108.116382417645,13,13,13,53,13
"385","US-Wjs","FT",NA,NA,NA,NA,NA,NA,NA,NA,2.19903894331793,0,21.3564010529231,72,73,72,72,72,1.17789443933642,0,11.7625088371845,72,73,72,72,72,NA,NA,NA,NA,NA,NA,NA,NA,NA,NA,NA,NA,NA,NA,NA,NA,NA,NA,NA,NA,NA,NA,NA,NA,2.19055131979643,0,18.9475727268792,72,73,72,72,72,NA,NA,NA,NA,NA,NA,NA,NA,24.0464578687616,0,32.9315543436458,72,73,72,72,72,0.995277227642469,0,8.62223930963047,72,73,72,72,72,NA,NA,NA,NA,NA,NA,NA,NA,19.6048948814746,0,26.7869427309888,15,15,15,71,15
"386","US-Wjs","GS",NA,NA,NA,NA,NA,NA,NA,NA,2.04250135222397,0,20.5143158417262,72,73,72,72,72,1.55396839329892,0,17.1335896953497,72,73,72,72,72,NA,NA,NA,NA,NA,NA,NA,NA,NA,NA,NA,NA,NA,NA,NA,NA,NA,NA,NA,NA,NA,NA,NA,NA,2.00768515497136,0,17.3388422237618,43,43,43,71,43,NA,NA,NA,NA,NA,NA,NA,NA,29.2795690126602,0,42.8347582785777,43,43,43,69,43,1.33876996438717,0,13.4991408673973,43,43,43,70,43,NA,NA,NA,NA,NA,NA,NA,NA,27.0064617775299,0,39.8243324275659,57,57,57,70,57
"387","US-Wjs","NGS",NA,NA,NA,NA,NA,NA,NA,NA,2.17667600461592,0,21.1796616982812,72,73,72,72,72,1.47723798019786,0,18.4742174845748,72,73,72,72,72,NA,NA,NA,NA,NA,NA,NA,NA,NA,NA,NA,NA,NA,NA,NA,NA,NA,NA,NA,NA,NA,NA,NA,NA,1.78542098445498,0,15.2705847149443,72,73,72,72,72,NA,NA,NA,NA,NA,NA,NA,NA,24.543665024203,0,38.0806456061165,72,73,72,72,72,1.29415828306477,0,14.176618258002,32,32,32,70,32,NA,NA,NA,NA,NA,NA,NA,NA,23.6081819215351,0,36.5033033196282,72,73,72,72,72
"388","US-Wkg","FT",0.454699708997276,23,9.0752464747025,72,73,72,72,72,2.67635460905575,0,29.2767264839684,72,73,72,72,72,1.87516484237051,0,15.3761097957119,72,73,72,72,72,0.598099736726263,1,10.4456289182303,72,73,72,72,72,0.694620972739492,0,9.27952009704986,72,73,72,72,72,0.771497598905061,0,9.02088653856823,72,73,72,72,72,2.47577856025322,0,24.8145121140883,72,73,72,72,72,0.44374866212834,0,6.09318121986949,72,73,72,72,72,36.2781222765711,0,45.8510255581169,72,73,72,72,72,1.32639638922697,0,10.2318156880326,72,73,72,72,72,0.396301343422639,0,4.82636451871219,14,14,14,71,14,30.0515474534635,0,38.5473774513782,72,73,72,72,72
"389","US-Wkg","GS",0.69091932321699,23,12.5908801654965,34,34,11,71,34,2.6939381166904,0,25.9674417390082,72,73,72,72,72,2.7078511829659,0,22.8326812338051,72,73,72,72,72,0.91006187066978,1,15.3534247875744,72,73,72,72,72,1.20453985382968,0,14.834799583002,72,73,72,72,72,1.41826072057682,0,14.9871062025811,72,73,72,72,72,2.55073782964313,0,21.807141998076,72,73,72,72,72,0.717477141806458,0,7.93155611527817,13,13,13,64,13,42.8188260838073,0,57.1651644546152,1,1,1,71,1,2.28877244206301,0,18.2424503133449,72,73,72,72,72,0.793748842497088,0,7.66583739270607,12,12,12,63,12,41.8579389870655,0,56.7853431528102,72,73,72,72,72
"390","US-Wkg","NGS",0.496102010765256,6,10.8151055645499,72,73,72,72,72,1.33838581493951,0,15.8823831237394,72,73,72,72,72,1.22335756584501,0,14.7254107823361,72,73,72,72,72,0.53195571331682,2,11.0980457379463,72,73,72,72,72,0.546814748454148,4,11.3287040683557,72,73,72,72,72,0.54425527600789,1,11.260638593836,72,73,72,72,72,1.0819031266085,0,10.5881063748997,72,73,72,72,72,0.356589408047655,0,6.24491358327992,6,6,6,57,6,33.0336677987279,0,42.479533856789,37,37,37,67,37,0.931658585328623,0,10.0682350056231,56,56,56,71,56,0.348237369751438,21,5.30323413738025,6,13,12,58,33,32.8105280904868,0,42.0900845445844,36,36,36,69,36
"391","US-xAB","FT",1.44750330438424,0,22.7815953726224,72,73,72,72,72,4.85695057328217,0,35.5624194483302,72,73,72,72,72,5.16971767730627,0,29.0574938897379,72,73,72,72,72,2.25856752888979,0,34.0266889725202,72,73,72,72,72,1.71935952852442,22,25.7085871486718,72,73,72,72,72,1.22541654430559,23,22.6921798713897,72,73,72,72,72,5.43557271057408,0,39.4543344279076,72,73,72,72,72,1.26118202480901,1,17.6972499844416,72,73,72,72,72,22.0441232834092,0,44.4524379909793,72,73,72,72,72,3.50838700762234,0,19.9687162131251,15,15,15,66,15,0.585709721618604,0,7.86352898483068,9,9,9,42,9,14.9871283656644,0,29.7388036285618,30,30,30,66,30
"392","US-xAB","GS",2.43328955644453,0,37.4987308784065,14,14,14,67,14,4.58798011591131,0,49.2350212887955,72,73,72,72,72,5.92958445133067,0,45.6913402270367,12,12,12,66,12,3.70672013372891,0,60.0067472578444,72,73,72,72,72,2.89057969153529,22,44.558587281732,72,73,72,72,72,2.23081792729309,23,41.8571842605695,72,73,72,72,72,4.63523131999518,0,51.2921065785937,72,73,72,72,72,1.90440174251628,2,25.9802012582763,7,7,5,61,7,23.1636464200178,0,58.8172973647093,54,54,54,69,54,4.25415922343678,0,31.3071819955792,13,13,13,54,13,1.02487599914738,1,12.149223345128,7,7,6,28,7,17.842983976875,0,40.7133790278537,18,18,18,40,18
"393","US-xAB","NGS",1.5273398533721,0,25.0345343413578,16,16,16,70,16,5.94920857447433,0,45.5091786277007,72,73,72,72,72,5.69064149127882,0,40.3955027423833,72,73,72,72,72,2.07302776015591,0,33.9996396549366,72,73,72,72,72,1.62618477918034,23,29.4286536903318,72,73,72,72,72,1.73231025786084,23,32.180350851962,72,73,72,72,72,5.71503334102882,0,44.142621157202,72,73,72,72,72,1.17867915287812,1,20.4410020313995,15,15,14,67,15,23.5466282438422,0,55.8003041323577,72,73,72,72,72,4.14822999776413,0,27.4886282709122,9,9,9,60,9,0.938025989196564,1,10.2388675591872,8,8,7,37,8,17.1546899373186,0,41.8704650633754,31,31,31,70,31
"394","US-xAE","FT",3.25248445852695,0,53.5852350525342,72,73,72,72,72,4.20507594981334,0,49.330424501372,72,73,72,72,72,3.5339598833893,0,39.5674884851559,72,73,72,72,72,2.93395036569854,0,47.8367548117926,14,14,14,70,14,2.15335913413439,23,40.148662959888,72,73,72,72,72,1.7115228860979,1,34.8798538330366,72,73,72,72,72,3.85313603777575,0,42.8571822402675,72,73,72,72,72,2.04993671665722,0,36.4293121139328,72,73,72,72,72,15.3137897316833,0,39.0925488935411,72,73,72,72,72,2.62515599086411,0,19.9352717506749,15,15,15,50,15,1.16942058265288,0,19.1433696871792,5,5,5,50,5,11.9336380223933,0,29.28848323393,38,38,38,69,38
"395","US-xAE","GS",3.42607810186302,0,57.7903118926989,14,14,14,69,14,4.48978509854668,0,52.1717903272415,11,11,11,66,11,4.70755750795576,0,52.3436287646178,33,33,33,64,33,3.18214628081784,0,55.9716550288969,14,14,14,64,14,2.50540702056195,23,46.8732144293152,16,56,72,71,72,2.18394503379485,2,39.7506281212047,6,6,4,62,6,4.32270743612084,0,52.9448947811941,32,32,32,68,32,2.41140807136997,0,47.1307784536376,72,73,72,72,72,17.6093217188179,0,53.2544149731816,39,39,39,70,39,4.43376060119819,0,32.6268392929869,13,13,13,45,13,1.8304544016831,0,18.6188906645562,4,4,4,34,4,15.989627978707,0,46.2795295395081,36,36,36,66,36
"396","US-xAE","NGS",3.08194260713519,23,41.8088669183936,5,13,7,54,30,4.41952955241934,0,72.0304240453659,72,73,72,72,72,4.30497512275717,0,62.1065583202654,72,73,72,72,72,3.53014813080678,2,27.6564390373049,8,8,6,24,8,3.33483975137277,23,64.5890276702152,61,61,38,71,61,3.71652009179986,0,76.7984623382892,72,73,72,72,72,3.91416937426488,0,56.3115230951153,72,73,72,72,72,2.15698789711202,0,35.7008150671814,10,10,10,53,10,17.7644920049885,0,56.1712002535997,46,46,46,70,46,3.13792255621492,0,10.091135903399,2,2,2,6,2,1.88183272222308,0,1.88183272222308,1,1,1,11,1,12.9908849881415,0,37.0186200296352,5,5,5,38,5
"397","US-xBL","FT",3.30019578235636,0,54.0445465238591,72,73,72,72,72,7.5504356768777,0,58.9093207337302,10,10,10,64,10,6.37061738269655,0,57.1459762726645,72,73,72,72,72,3.14636424087601,0,51.2728126052209,72,73,72,72,72,1.78154899711302,0,30.5373563463269,10,10,10,69,10,1.65372488672295,0,31.8060042841194,72,73,72,72,72,7.28029740875496,0,45.6697272106388,13,13,13,54,13,1.5838707388827,0,22.5068480677181,13,13,13,65,13,24.6069741822156,0,52.0045847510171,72,73,72,72,72,4.37781408461983,0,24.8958998607162,11,11,11,46,11,1.12077477072946,0,15.9457956463618,12,12,12,54,12,18.3444052598188,0,37.7675804962424,14,14,14,53,14
"398","US-xBL","GS",5.03696127644813,1,81.7098223621247,13,13,12,65,13,9.33867626421315,0,68.4893310166189,7,7,7,53,7,8.80494220580524,0,72.6707708375006,9,9,9,53,9,5.59879587152331,0,98.3705072316298,59,59,59,71,59,2.8010464769079,1,43.6000945234527,11,11,10,63,11,2.49657457011532,0,47.9225956128377,35,35,35,71,35,9.62310924489992,0,58.5712003224073,11,11,11,49,11,2.05228988395977,1,25.5716849437234,11,11,10,50,11,28.485548400162,0,62.211452202227,13,13,13,58,13,7.93550001972155,0,36.0593129433852,8,8,8,38,8,1.78201847115357,1,16.8653103916632,3,3,2,36,3,24.8138793984112,0,49.9303094281469,9,9,9,52,9
"399","US-xBL","NGS",3.38015646280378,0,44.1035587878565,10,10,10,58,10,7.65446387604704,0,80.738817375561,72,73,72,72,72,5.65807929893934,0,72.5371260217268,72,73,72,72,72,3.29415894158847,0,51.6130340589551,7,7,7,64,7,2.78997200772829,0,56.9126468052757,60,60,60,71,60,3.13665695747925,0,60.5210166612838,19,19,19,71,19,6.13554866460792,0,51.0797255787853,13,13,13,57,13,2.01366276153548,0,20.722464166286,9,9,9,46,9,22.3421100309927,0,76.0400545000556,67,67,67,71,67,3.85419700963725,0,16.104402711142,2,2,2,25,2,1.91659024684963,18,15.7614957846195,2,9,8,29,26,16.8679961949627,0,51.5300376408501,1,1,1,35,1
"400","US-xBR","FT",2.95519851830858,1,57.82993609935,72,73,72,72,72,6.49972636600212,0,54.1751936135308,72,73,72,72,72,3.97654618823801,0,32.6837514268463,37,37,37,70,37,1.68312081156269,1,34.4222929118768,72,73,72,72,72,1.48143635195547,20,29.365424054624,72,73,72,72,72,1.06915153845738,0,1.06915153845738,1,1,1,7,1,5.13826384870295,0,45.2851255045494,72,73,72,72,72,1.85345250145567,2,38.9874709862536,72,73,72,72,72,23.0843073278009,0,43.731571863181,72,73,72,72,72,2.52568408329791,0,17.1913449907768,9,9,9,49,9,1.22038005580078,0,12.1764790566151,3,3,3,30,3,18.4502632023182,0,36.5147566461909,34,34,34,70,34
"401","US-xBR","GS",3.95239694019472,23,79.5467678088313,72,73,72,72,72,6.93628323964749,0,54.5976072161069,13,13,13,70,13,5.55763722535447,0,42.7886650934966,10,10,10,61,10,2.70645752276935,11,42.9040053674035,5,6,6,47,17,2.26254908484627,5,4.51671708932791,0,1,1,6,6,2.370654364085,9,4.72206852024096,0,2,2,4,11,5.89998505035993,0,51.0989944509886,41,41,41,71,41,2.65954631512147,1,58.8765151683054,35,35,34,70,35,30.9111306254236,0,63.7884728189091,14,14,14,55,14,4.12570568136228,0,27.1650265713693,9,9,9,46,9,2.4411580466847,0,30.6602718259647,2,2,2,37,2,26.5060838051942,0,58.1829688877631,14,14,14,50,14
"402","US-xBR","NGS",2.8629522218267,0,57.9149559594385,72,73,72,72,72,4.01412800653876,0,47.3746756890399,72,73,72,72,72,3.03335323783638,0,38.0314007661894,55,55,55,71,55,2.00623739050828,21,44.6912263887928,40,40,19,70,40,1.70153166705396,21,25.3007928960319,6,2,1,54,22,1.68526725269898,23,9.64280814111172,1,1,1,28,24,3.33832868493299,0,37.4363322478661,72,73,72,72,72,2.01732110762124,0,37.9227490777784,16,16,16,68,16,19.2777399323836,0,47.7712060522038,72,73,72,72,72,2.12957478265261,0,12.2007259579711,3,3,3,25,3,1.55977375658018,1,6.14582105321043,0,1,1,12,2,15.646215797079,0,37.2874509730336,19,19,19,52,19
"403","US-xCL","FT",3.5345827007922,0,52.2829720251137,16,16,16,70,16,6.15459596645791,0,47.6025135066533,60,60,60,71,60,4.35050359093708,0,38.6676474168078,72,73,72,72,72,3.93796962485277,0,55.2847734516817,72,73,72,72,72,2.21672992697472,23,36.3739339803256,37,37,14,70,37,1.9874703113443,0,33.6639533923219,11,11,11,66,11,5.26427631270864,0,37.9672782624691,14,14,14,68,14,1.42784718765236,0,21.2734978300357,6,6,6,55,6,19.5922311936945,0,40.0818179090254,63,63,63,71,63,2.84494231075802,0,19.8025145067467,11,11,11,54,11,1.27174242349612,23,15.4655068144766,4,11,5,47,28,17.7646042489985,0,36.0083210763201,72,73,72,72,72
"404","US-xCL","GS",3.74944533373029,0,52.9230515984819,12,12,12,51,12,6.62798667923605,0,52.1076388767694,11,11,11,55,11,6.17018107099081,0,47.3977064803513,11,11,11,55,11,5.36510686653649,23,61.3810965937984,6,15,9,48,32,2.54917231892906,23,38.2723963518131,5,13,6,49,29,2.38958137004232,1,43.6675883003144,12,12,11,62,12,6.71115129159905,0,39.5926704022881,9,9,9,42,9,1.74395688809797,0,14.1428668102151,6,6,6,28,6,24.9780172521656,0,54.9256515279572,39,39,39,68,39,5.33735028263409,0,41.9359598546227,8,8,8,55,8,1.6516815482366,0,20.6510207877094,2,2,2,45,2,24.4736996969465,0,52.3720508988687,13,13,13,69,13
"405","US-xCL","NGS",5.77460187390664,0,89.3167154816496,39,39,39,71,39,6.1930409082375,0,70.2749175179854,72,73,72,72,72,4.53523150221491,0,57.700511453358,41,41,41,67,41,6.55970572745387,0,104.504895171633,72,73,72,72,72,4.95248058714912,23,92.0760171614997,72,73,72,72,72,4.41595535617277,6,78.1568103271866,10,10,4,65,10,5.47760713131271,0,52.9674524000968,72,73,72,72,72,3.30864251727841,0,44.5004884435338,8,8,8,56,8,16.8013800039053,0,48.7966948128645,17,17,17,53,17,3.34676485139372,0,24.556835139491,5,5,5,40,5,2.75375966206765,23,27.1629502798384,3,7,5,35,28,14.267544592966,0,46.7977038782927,27,27,27,58,27
"406","US-xCP","FT",4.81627800086865,0,39.732630470813,8,8,8,37,8,4.64719667755071,0,48.0225709735242,72,73,72,72,72,3.3186576076628,0,33.9181153381217,14,14,14,69,14,3.73603280002422,0,38.8279061104786,5,5,5,42,5,2.63514160986929,0,51.2763330391599,72,73,72,72,72,2.24993169851721,1,48.2153855313509,72,73,72,72,72,3.54057118461923,0,35.3693559387656,72,73,72,72,72,2.15686414612928,2,38.2993252985811,72,73,72,72,72,30.5284495373287,0,48.4907920899471,38,38,38,71,38,2.04957290974573,0,13.4252021035332,10,10,10,41,10,1.5241855185195,0,30.1739173093575,4,4,4,69,4,25.6401678999133,0,40.5862828372142,35,35,35,64,35
"407","US-xCP","GS",6.45960840500171,2,12.6308933020158,1,1,1,11,3,4.98097578037975,0,48.8404033165818,12,12,12,59,12,5.03048828406009,0,47.8036654908076,11,11,11,57,11,6.10252443903404,0,28.2657520039142,2,2,2,15,2,4.2712943190199,0,82.9416506324578,4,4,4,65,4,4.23282287796747,23,86.2742440716154,6,35,19,69,42,4.29792933297083,0,44.4193087283251,11,11,11,64,11,3.63265696892652,2,40.9168475202362,6,6,4,44,6,36.1618547030875,0,68.1315802870783,1,1,1,56,1,3.79182307518466,0,27.9858086013385,9,9,9,44,9,3.17551002289039,0,32.573701624862,4,4,4,38,4,33.7811402220735,0,63.1312224902563,1,1,1,52,1
"408","US-xCP","NGS",3.86176022619787,0,52.0906084856125,11,11,11,58,11,3.677465528627,0,49.2825523631157,72,73,72,72,72,3.43461287578968,0,45.1304092970092,72,73,72,72,72,4.43047176489236,0,66.9389275951994,14,14,14,68,14,3.32420422082589,0,62.1948371799263,72,73,72,72,72,3.18100324661944,7,65.488526261003,72,73,72,72,72,2.80806683795716,0,31.7943929574529,13,13,13,67,13,2.33393209983639,1,46.8364503439654,62,62,61,71,62,30.8259340217736,0,54.7806069698917,62,62,62,70,62,2.1584288528155,0,6.67932338920139,3,3,3,10,3,2.0370850683887,19,39.4516045160205,5,17,10,62,29,25.6237338083643,0,44.388289698226,4,4,4,68,4
"409","US-xDC","FT",1.78280963021479,1,29.401095937914,13,13,12,71,13,7.29023226784214,0,80.9813051066034,72,73,72,72,72,4.05250776622312,0,38.2546275596405,72,73,72,72,72,2.12481338869087,23,24.4769498100854,12,18,14,61,37,1.42150918740515,0,28.4311924999018,72,73,72,72,72,1.5991588126838,1,33.0687846465497,72,73,72,72,72,5.92888724748079,0,69.4446279072196,72,73,72,72,72,1.07831910615515,0,18.4260461186589,14,14,14,60,14,17.3302375296109,0,41.8765991977971,72,73,72,72,72,1.91118254559135,0,18.2738368321158,21,21,21,69,21,0.872363014568899,0,5.61836135299256,1,1,1,15,1,11.6701492624163,0,30.238238232459,72,73,72,72,72
"410","US-xDC","GS",3.7021679388055,1,55.1267268091203,13,13,12,66,13,5.80965323404559,0,55.692078695656,12,12,12,69,12,5.74891614145927,0,54.0507660479308,11,11,11,67,11,4.23789207109683,1,55.4108712883687,6,6,5,60,6,3.09271018689081,23,55.2451504086847,12,18,8,64,31,2.79353154073831,0,55.3420967127901,5,5,5,64,5,5.16455882488107,0,40.4477126484082,14,14,14,49,14,2.13972676548619,23,28.6238667471594,11,9,7,37,30,24.9443483636533,0,66.0567120285817,31,31,31,67,31,4.59910428863743,0,30.6879561168108,9,9,9,39,9,1.95902320125848,23,18.2106472440617,3,7,6,25,29,22.3917218475772,0,52.8713998593226,1,1,1,48,1
"411","US-xDC","NGS",2.05537314766547,0,36.4168922402795,36,36,36,69,36,8.06591479521975,0,97.8937646276095,72,73,72,72,72,4.11184680025537,0,49.4990084482903,72,73,72,72,72,2.0261468221674,1,25.7667242199318,14,14,13,58,14,1.46592379823559,2,19.2987141339691,4,4,2,43,4,2.28264796144566,2,46.7915407955366,72,73,72,72,72,6.80450702627928,0,78.8821086264448,72,73,72,72,72,1.36743502074708,0,2.6193715342367,2,2,2,2,2,16.0659760202891,0,56.6697350321368,72,73,72,72,72,2.09331465039903,0,16.0262878701919,2,2,2,33,2,1.0985235352109,15,5.39835731516633,0,3,2,12,17,9.26262784467443,0,34.6949152512099,27,27,27,67,27
"412","US-xDL","FT",3.78486641003669,0,50.5530454850976,11,11,11,55,11,5.57173592201543,0,50.7896064375256,72,73,72,72,72,4.53399614280007,0,37.6918077338113,13,13,13,68,13,3.30400657955288,0,43.1240398493582,10,10,10,55,10,2.40445202402304,0,41.308774394615,12,12,12,67,12,2.18970247287471,1,41.1005974295686,11,11,10,70,11,4.69615550724512,0,40.4137226833117,14,14,14,67,14,1.94895157129707,0,18.6353161916006,9,9,9,38,9,15.4096984874413,0,37.56372857751,35,35,35,69,35,3.6385298509465,0,28.3503105655313,16,16,16,58,16,1.64145866133346,0,14.856695583469,4,4,4,31,4,15.0260699218453,0,35.745586608106,72,73,72,72,72
"413","US-xDL","GS",4.47151891665991,0,42.4282138998799,3,3,3,34,3,6.61645267662945,0,67.743249366184,37,37,37,67,37,6.61879073898248,0,55.4750343653812,13,13,13,63,13,5.4990825630244,1,76.4478451275246,12,12,11,53,12,3.78739817545667,0,38.2260626050862,5,5,5,44,5,3.02342022012319,0,31.3393567680255,4,4,4,37,4,5.65832283609351,0,55.138790409551,10,10,10,70,10,2.80389395940511,0,12.9416390472347,3,3,3,19,3,20.4055727797396,0,48.6241419279493,15,15,15,52,15,6.52454154558521,0,55.2896619660203,16,16,16,62,16,2.93752066018282,0,15.839711195657,2,2,2,19,2,22.9417293497496,0,53.2020799252906,15,15,15,63,15
"414","US-xDL","NGS",4.3654322669541,1,62.1611564768103,11,11,10,61,11,5.09366646255297,0,58.8148352114643,72,73,72,72,72,4.19952668703152,0,52.1771112813933,14,14,14,67,14,4.55532284869755,23,73.2282325842027,12,19,12,62,35,3.2619272255329,22,61.9645988145286,11,61,72,71,72,3.31662424751869,1,57.6319364599429,10,10,9,70,10,4.12432910589642,0,39.9117732328941,9,9,9,62,9,2.51382740697338,1,26.7004747614587,5,5,4,42,5,11.8213823464069,0,47.9964456703351,31,31,31,67,31,2.80214890083368,0,17.0562513198928,4,4,4,29,4,1.87371844914503,22,9.20347911117445,1,4,4,11,26,9.29792944946381,0,32.2619702555075,3,3,3,37,3
"415","US-xDS","FT",4.76845284462702,0,56.2962780240601,8,8,8,45,8,9.44408674154279,0,59.5710031178062,14,14,14,66,14,7.02157927559371,0,40.9447713695781,13,13,13,63,13,5.38353485530943,0,48.1507891558016,5,5,5,33,5,3.81826555343835,2,49.813301420387,7,7,5,47,7,3.37128387156017,2,47.7151112055751,9,9,7,49,9,9.28348181413099,0,58.1581402013761,17,17,17,65,17,4.28012488410104,1,69.2154092761426,15,15,14,67,15,24.6400159132809,0,49.9294819965535,16,16,16,66,16,6.48909669054971,0,36.5766670825578,16,16,16,60,16,3.03564209666729,0,53.2534916020083,13,13,13,55,13,24.0487338798421,0,50.2488731563259,41,41,41,69,41
"416","US-xDS","GS",7.07759737998044,1,13.7939591402784,2,2,1,2,2,11.136245686554,0,77.6304028113913,14,14,14,64,14,9.29694144604436,0,58.5267031526922,13,13,13,58,13,5.89626205582997,23,5.89626205582997,0,2,2,1,25,4.04869530665667,0,43.8740904456749,4,4,4,37,4,4.04006950707033,1,35.7997293058431,4,4,3,32,4,10.560823588328,0,73.8279215018826,17,17,17,65,17,5.23374452182279,1,73.4210714189504,13,13,12,58,13,28.2586993958341,0,59.7235758998444,15,15,15,62,15,8.74213909228653,0,57.4832717536468,17,17,17,63,17,4.30712609119699,1,67.1479339955011,10,10,9,55,10,27.9086075309504,0,61.3884355385893,17,17,17,68,17
"417","US-xDS","NGS",7.90809955968578,0,76.6644175604389,6,6,6,39,6,7.44127866230215,0,66.4868208960854,13,13,13,62,13,5.20308965683806,0,41.8529676339068,11,11,11,47,11,9.00983522465745,1,120.240719890277,10,10,9,51,10,7.13945336325517,0,105.077403015916,8,8,8,51,8,8.56398139797961,0,146.504917219244,19,19,19,68,19,6.73199765145404,0,47.6711182864364,7,7,7,51,7,NA,NA,NA,NA,NA,NA,NA,NA,14.3685342751382,0,38.2674961511469,6,6,6,34,6,4.40876221584616,0,20.9330514385112,3,3,3,24,3,5.31626165667348,0,54.9167125469941,3,3,3,24,3,14.4665238160423,0,23.6374139784767,3,3,3,12,3
"418","US-xGR","FT",2.81602013303455,23,50.8765508141,72,73,72,72,72,7.23607727277104,0,56.6306908840684,72,73,72,72,72,4.90762430581824,0,35.1893300160921,14,14,14,62,14,2.54372977145977,1,43.0992365716436,72,73,72,72,72,2.28162587980538,0,35.2221061150496,34,34,34,71,34,1.49734124373143,1,10.8211586390613,3,3,2,32,3,5.6833491004039,0,41.3298335777884,13,13,13,59,13,2.06324048242961,0,33.1855590311758,72,73,72,72,72,22.531456943143,0,42.4348431788071,31,31,31,69,31,3.90011897530642,0,25.2212898671289,8,8,8,56,8,1.47276165110982,0,21.4017692105347,5,5,5,57,5,24.5287367557382,0,45.7811204024081,36,36,36,71,36
"419","US-xGR","GS",3.00025931062657,0,45.1221848247384,7,7,7,57,7,9.19130738819614,0,65.7592865041869,8,8,8,64,8,7.74338545439127,0,44.7369260665662,9,9,9,51,9,2.82215369370187,1,31.8266535408634,7,7,6,51,7,2.73811550306486,0,29.4581133053394,5,5,5,45,5,2.31226466902662,0,18.7843663215039,6,6,6,35,6,7.86950728462056,0,63.2099772325023,16,16,16,59,16,2.62402916925105,0,31.2377416898813,10,10,10,57,10,31.1973983984234,0,64.1251351656183,13,13,13,64,13,6.46864798797045,0,47.5380663674742,9,9,9,55,9,2.06525351770863,0,26.4268150928225,5,5,5,51,5,31.940843483656,0,67.6173330827517,12,12,12,66,12
"420","US-xGR","NGS",3.98670582015117,23,72.3718872146404,10,22,11,59,34,4.32239968321401,0,66.8204995706272,72,73,72,72,72,3.17428703409985,0,44.2179524205672,11,11,11,47,11,4.56879212863512,2,84.5349695732008,72,73,72,72,72,3.49389046841789,0,62.0273520478193,72,73,72,72,72,3.03850733533165,0,56.6537431238968,37,37,37,71,37,3.49738656696033,0,55.717433176482,37,37,37,70,37,2.84742789230882,0,41.4399162011764,6,6,6,49,6,20.2957273932672,0,54.3593619294823,31,31,31,66,31,2.66487541410336,0,25.4581037500405,12,12,12,35,12,2.58304211082083,0,33.776746260188,10,10,10,49,10,21.5425377400564,0,55.9069414217916,34,34,34,70,34
"421","US-xHA","FT",9.26389356637775,23,79.9191670441908,6,11,8,35,31,5.57455802557783,0,58.1894737070272,72,73,72,72,72,3.71041707707776,0,31.2418318490771,72,73,72,72,72,9.84025908770795,0,109.025683182065,8,8,8,44,8,8.71777235998194,2,180.630668642259,72,73,72,72,72,7.68913805219418,7,119.358615843134,1,2,1,61,8,4.34938451544819,0,45.3281000890813,72,73,72,72,72,7.05117801661518,19,127.657125856596,72,73,72,72,72,12.4918239976659,0,32.5289732295705,72,73,72,72,72,2.72727918161916,0,19.5905954332135,13,13,13,66,13,NA,NA,NA,NA,NA,NA,NA,NA,11.176168885649,0,30.2053401552849,60,60,60,71,60
"422","US-xHA","GS",NA,NA,NA,NA,NA,NA,NA,NA,6.069685593573,0,58.5408909708311,72,73,72,72,72,5.38391331962394,0,41.5161111833415,10,10,10,61,10,NA,NA,NA,NA,NA,NA,NA,NA,NA,NA,NA,NA,NA,NA,NA,NA,NA,NA,NA,NA,NA,NA,NA,NA,5.24687573372571,0,50.074809399152,72,73,72,72,72,NA,NA,NA,NA,NA,NA,NA,NA,18.4896666042207,0,51.8204646769484,14,14,14,69,14,4.5023778006136,0,28.0055021312558,13,13,13,53,13,NA,NA,NA,NA,NA,NA,NA,NA,17.6496200256793,0,49.5454245854471,34,34,34,62,34
"423","US-xHA","NGS",NA,NA,NA,NA,NA,NA,NA,NA,3.72373100182856,0,51.9128439363642,72,73,72,72,72,2.92348881919418,0,41.5748252342885,72,73,72,72,72,NA,NA,NA,NA,NA,NA,NA,NA,16.5137672334436,22,280.908243786089,9,25,13,70,35,14.9613169126652,15,287.184256532978,58,58,43,71,58,3.35623735356357,0,41.1405418255631,72,73,72,72,72,9.35100939809042,0,92.3272638637259,8,8,8,41,8,10.3549722467569,0,43.0999100277798,72,73,72,72,72,2.19786549114793,0,17.4479715631911,6,6,6,53,6,NA,NA,NA,NA,NA,NA,NA,NA,8.42762535208635,0,34.3228870690071,72,73,72,72,72
"424","US-xJE","FT",2.5236382998982,1,39.9408342813106,40,40,39,70,40,4.50525485090499,0,44.7102232898957,36,36,36,71,36,4.27701517616826,0,38.2007997519554,30,30,30,69,30,1.95333487317176,23,28.2032741156898,7,12,8,60,31,1.3407736061514,1,18.8913335754163,6,6,5,50,6,1.61763826140309,1,24.9335417255496,11,11,10,60,11,4.07038008506626,0,40.4512898031039,72,73,72,72,72,1.34077789595582,0,22.9843578446533,14,14,14,60,14,17.2204907185134,0,39.8408014641716,72,73,72,72,72,3.34551087010041,0,27.782287281482,16,16,16,62,16,1.5624661651415,0,24.2672164894056,14,14,14,61,14,15.6849589218601,0,36.2280373044887,72,73,72,72,72
"425","US-xJE","GS",2.84907038861765,0,41.7039486087965,10,10,10,58,10,5.18095853382374,0,51.1328741103154,12,12,12,64,12,5.25343778838802,0,44.2163926976205,10,10,10,54,10,2.49965550165415,1,28.1267192243009,7,7,6,41,7,2.03562364237126,1,24.4952892615824,10,10,9,44,10,2.14087071242405,0,26.3512556020089,9,9,9,51,9,4.52912779759013,0,53.4303789509013,72,73,72,72,72,1.95388833262907,0,23.7323059009519,4,4,4,45,4,21.1796065858932,0,51.5157222764236,35,35,35,69,35,4.72128784173212,0,40.6003812820278,11,11,11,52,11,2.10600215573214,0,31.8340823762281,9,9,9,58,9,21.8418973015327,0,49.85121166033,14,14,14,70,14
"426","US-xJE","NGS",4.7044165114716,0,62.2637844768939,15,15,15,64,15,4.34639050286277,0,55.8980815325036,13,13,13,65,13,4.74955223101082,0,51.6095913842595,17,17,17,49,17,4.4005633174761,0,65.9290240218412,14,14,14,69,14,2.91315303511218,0,40.7346556231178,11,11,11,59,11,3.13130072448847,0,44.6387141923733,11,11,11,58,11,4.04977979343864,0,40.6408811624999,8,8,8,56,8,2.49501792988372,0,21.5306284990054,5,5,5,41,5,12.9435956376429,0,49.2522623077702,32,32,32,67,32,3.6225017350871,0,21.1651734891652,3,3,3,29,3,2.42304047396903,0,23.4688175098827,4,4,4,32,4,10.7768553715847,0,33.9169024075336,10,10,10,36,10
"427","US-xJR","FT",1.58298683811538,0,21.9017580442818,14,14,14,64,14,2.61283679953139,0,39.2349284698838,72,73,72,72,72,1.41990513020459,0,24.8890452389714,72,73,72,72,72,1.70419530562654,0,25.3540595485861,72,73,72,72,72,1.18654498949793,0,23.5703706097542,72,73,72,72,72,1.50980042371617,9,29.9753091837634,72,73,72,72,72,2.21277204976726,0,31.1172681053473,72,73,72,72,72,0.80371110175534,0,15.6470565745909,67,67,67,71,67,32.0370267632302,0,48.6383710105527,72,73,72,72,72,0.903615106270862,0,14.3228057449674,42,42,42,65,42,0.801792929063341,15,15.6546801714238,72,73,72,72,72,24.5891019651701,0,36.0264766380497,17,17,17,61,17
"428","US-xJR","GS",1.62441938683633,0,25.14706847087,15,15,15,65,15,2.4243756371248,0,37.157529139648,72,73,72,72,72,1.73042738186036,0,29.0528166861924,72,73,72,72,72,1.56283178888474,0,28.7602407114224,72,73,72,72,72,1.28772238372891,17,26.7844636002702,72,73,72,72,72,1.7391909131077,9,33.8675784209685,72,73,72,72,72,2.16083458266467,0,28.8493688427402,72,73,72,72,72,0.941011562809056,1,17.461964409371,12,12,11,67,12,34.7978603563704,0,53.718317491975,72,73,72,72,72,1.13323687610872,0,15.458885993454,18,18,18,58,18,1.10190268488682,15,19.5119920357052,20,20,5,71,20,28.8930672123016,0,40.1229096253712,1,1,1,59,1
"429","US-xJR","NGS",2.26053469673039,0,22.8665764154953,7,7,7,39,7,3.1722247165939,0,59.5105528357475,72,73,72,72,72,2.92294643389322,3,58.9747551946845,72,73,72,72,72,2.6223405441807,22,45.2203465000345,41,41,19,70,41,2.77117354127027,22,53.1998766854642,72,73,72,72,72,3.12235333139129,8,66.7436342921306,72,73,72,72,72,2.16875034216692,0,35.501031234173,9,9,9,63,9,1.5777728892634,3,13.7166367382051,0,7,5,24,8,30.0418873703945,0,72.9861618969217,18,18,18,54,18,1.89375184187226,0,16.5700601966966,4,4,4,32,4,1.68947685730285,11,22.8039474493679,1,5,3,45,14,25.0119313830666,0,59.1629506953551,1,1,1,56,1
"430","US-xKA","FT",3.3033180568562,0,59.4927914160685,72,73,72,72,72,5.08406301733205,0,49.0608775168102,72,73,72,72,72,3.2255342952032,0,36.585509215588,72,73,72,72,72,4.52554504099763,23,69.2307746072777,72,73,72,72,72,3.05759507529038,0,53.4972353863129,72,73,72,72,72,2.59848873326485,0,47.7710548745469,72,73,72,72,72,4.31962281115933,0,41.3255681131318,72,73,72,72,72,1.95963869603041,0,36.0447555852771,69,69,69,71,69,19.5925150823968,0,42.7312105679436,72,73,72,72,72,2.01827871968379,0,17.2289816961724,13,13,13,50,13,1.26781261217458,0,3.49280915623691,2,2,2,9,2,16.2635918147114,0,32.8421011143021,18,18,18,53,18
"431","US-xKA","GS",3.93604700876055,22,79.1789868014126,72,73,72,72,72,5.56643248858598,0,63.4523004911158,36,36,36,71,36,4.86927791133064,0,61.5745132824738,72,73,72,72,72,4.13396020230763,0,80.0140884795864,35,35,35,71,35,3.29526858120307,0,56.0396786918296,4,4,4,62,4,3.2727759216552,0,62.1596843196746,14,14,14,67,14,5.11127038724341,0,47.285189167352,17,17,17,54,17,2.75959897126032,0,15.2403078695768,3,3,3,14,3,26.9901704595506,0,63.4631419460094,16,16,16,61,16,3.91896773245597,0,30.3497446180727,12,12,12,40,12,2.33239145089162,12,11.3983296514818,2,3,2,11,14,24.0778319656689,0,55.2467366650453,9,9,9,55,9
"432","US-xKA","NGS",3.06948163697506,1,48.4511874995344,11,11,10,67,11,4.69757654744938,0,56.5583873864101,72,73,72,72,72,3.26722997010788,0,48.1349942396738,72,73,72,72,72,3.39184444808363,1,53.3190796094778,13,13,12,63,13,2.82298287797801,23,49.2014759433913,5,25,8,68,31,2.80997178795492,0,55.3629367358288,72,73,72,72,72,4.03066518480268,0,44.106003957708,38,38,38,69,38,2.045797056722,11,33.542781361727,13,13,2,51,13,20.0670644888157,0,49.5774958290187,13,13,13,62,13,2.22588535048318,0,21.1798716026361,3,3,3,49,3,1.79335402559942,23,6.94606055576887,0,8,8,18,31,16.3312817329997,0,41.099465490706,14,14,14,50,14
"433","US-xKZ","FT",2.6969374604812,0,39.3371837055598,14,14,14,63,14,5.5066161059868,0,55.8853244308803,72,73,72,72,72,3.69629980388044,0,37.1363026574787,72,73,72,72,72,2.69975898904713,23,29.6815848931788,9,18,12,57,35,1.66508440188371,23,30.9864917268052,13,46,37,70,60,1.76581177221211,0,36.8479511432784,72,73,72,72,72,4.54163381545515,0,46.1535477601948,72,73,72,72,72,1.26066583682955,0,8.98334698704153,6,6,6,23,6,18.3696842301964,0,40.916518543549,72,73,72,72,72,2.09943996788864,0,19.800511250091,42,42,42,68,42,1.01435279716012,0,12.3450673836422,4,4,4,31,4,13.6135052051046,0,31.1161205006222,40,40,40,71,40
"434","US-xKZ","GS",3.66835780242527,23,34.4671915198801,7,14,11,43,34,5.88692527330998,0,61.3123948357698,14,14,14,68,14,5.98567884766033,0,58.5305865623832,9,9,9,69,9,7.49745421379226,23,46.8599513957577,5,11,9,44,32,3.69705491363431,23,48.7378304649942,5,9,1,43,24,3.71619253962036,21,78.8846062988871,72,73,72,72,72,5.25729065193665,0,47.3152404754711,11,11,11,62,11,1.92515165233479,2,1.92515165233479,0,1,1,0,3,23.5842832267817,0,63.7684352271705,35,35,35,65,35,5.19917386921146,0,49.3452895101646,6,6,6,67,6,1.86425963353096,21,14.6231033785011,2,3,3,18,24,22.3061014660682,0,59.5491241569618,17,17,17,50,17
"435","US-xKZ","NGS",4.0314151650218,0,54.4016034753763,38,38,38,69,38,5.50702574040797,0,63.4450077519744,72,73,72,72,72,3.75736558637039,0,47.7854025676865,72,73,72,72,72,2.99419312377908,0,40.9383205122541,13,13,13,63,13,2.18606879875626,21,36.4891443350982,12,19,13,59,34,2.59245655745444,0,49.0754140797474,72,73,72,72,72,4.4901094684986,0,44.0876041331783,72,73,72,72,72,1.65544261880459,1,4.75994853186541,3,3,2,7,3,18.4806193448752,0,50.1657677047682,72,73,72,72,72,2.08231677024173,0,11.6376635411379,5,5,5,28,5,1.53459220454026,1,12.3355283297952,4,4,3,16,4,12.9221131752838,0,33.8836815349332,14,14,14,66,14
"436","US-xMB","FT",3.12937599568153,23,52.8757338841151,62,62,39,71,62,3.79793992447165,0,64.6018226761557,72,73,72,72,72,2.96839523657752,0,59.1604952529911,72,73,72,72,72,2.71580674705368,23,43.0721435503989,15,56,72,70,72,1.95421950073891,23,42.4277730804565,72,73,72,72,72,1.84625534032606,19,39.9444526654155,72,73,72,72,72,2.6520478314129,0,42.8666183058336,72,73,72,72,72,1.86403882680122,1,40.0336571120649,72,73,72,72,72,33.0402569757663,0,55.4344113686462,72,73,72,72,72,1.84685138526466,0,31.058079041585,33,33,33,71,33,1.38587454432933,15,27.6104664385977,7,65,72,71,72,23.8408111319607,0,40.7302120154091,54,54,54,70,54
"437","US-xMB","GS",3.32987308861439,23,54.6127207156816,12,19,9,67,32,3.90609836866886,0,71.812733837259,72,73,72,72,72,3.2440519244721,20,69.5845695908532,72,73,72,72,72,2.95411555016403,23,39.1820520060534,7,19,15,57,38,2.13296130371242,22,47.1648104479095,72,73,72,72,72,2.18295098039219,1,47.3106484209072,72,73,72,72,72,2.66315217173924,0,45.4283291126249,72,73,72,72,72,1.88847489280839,1,39.7317656027981,72,73,72,72,72,37.971961018033,0,64.4991255988889,1,1,1,71,1,2.16972534150807,0,37.5883907717378,10,10,10,69,10,1.72607917702261,15,32.5871524589054,5,13,4,66,19,29.9149420420043,0,49.5505460788052,1,1,1,67,1
"438","US-xMB","NGS",6.83940042574713,0,52.7109978561016,7,7,7,27,7,6.53335086272162,0,105.566874384004,72,73,72,72,72,5.21954619056167,5,107.056291508768,21,21,16,70,21,5.17087254171631,1,45.003199457049,6,6,5,35,6,3.24127652237508,5,40.2085610259899,4,2,2,26,7,4.35481025453803,7,82.9164925582474,15,15,8,62,15,5.14432949313483,0,33.0911299812363,5,5,5,26,5,2.80595521213762,0,2.80595521213762,1,1,1,9,1,32.0087672565022,0,81.2428744475265,45,45,45,69,45,4.11534758392161,0,11.192729069289,2,2,2,9,2,3.58773417272312,17,47.1325096720175,2,13,9,48,26,25.8443247551907,0,57.1002089524069,7,7,7,40,7
"439","US-xML","FT",3.3911071137208,0,50.0328355916842,62,62,62,70,62,6.73927241042838,0,62.5132377331924,72,73,72,72,72,4.83935119032643,0,36.4784152579627,10,10,10,67,10,2.97802597782247,0,37.7194619088239,14,14,14,61,14,1.76229176761315,22,30.0412277082493,9,57,72,70,72,1.24871169986237,0,18.1460972946214,2,2,2,59,2,5.35285110324219,0,46.6015253649858,13,13,13,64,13,1.67030804602565,0,31.0297666854995,38,38,38,70,38,10.7499699875029,0,31.4269624016661,61,61,61,71,61,3.66322926418387,0,23.1618048521497,14,14,14,51,14,1.09105490705152,1,15.5443462561475,7,7,6,50,7,11.0077194893382,0,28.5133805421902,11,11,11,57,11
"440","US-xML","GS",4.34316834322997,23,57.0793863683363,7,12,8,53,31,8.40807986721138,0,75.7301939528707,6,6,6,57,6,9.21057399321952,0,57.9109763426956,8,8,8,48,8,3.92201331513666,0,53.3970017504889,5,5,5,50,5,2.57053995595425,22,25.2168969294017,3,8,6,44,28,2.62537003564394,0,35.0589117783573,8,8,8,52,8,7.65593830621254,0,58.8937986446244,13,13,13,51,13,2.58599969998764,0,43.8712603911483,15,15,15,48,15,18.1795453660247,0,55.3153248508319,8,8,8,60,8,8.05220450019161,0,54.8313709514095,14,14,14,54,14,2.38380295275551,1,33.1698480887036,10,10,9,50,10,17.7162861578381,0,49.5027574692277,11,11,11,52,11
"441","US-xML","NGS",3.02340224601617,0,50.0617640959103,35,35,35,65,35,5.36338610850853,0,69.3801558517378,72,73,72,72,72,3.07328105675325,0,32.2823389378513,8,8,8,52,8,3.20631924732571,0,44.8180293281194,12,12,12,59,12,2.79404795328595,0,51.6678983620355,11,11,11,71,11,1.72344621774268,0,25.5750982961613,8,8,8,50,8,4.50976135818721,0,56.8055910203608,65,65,65,71,65,2.44978095472276,2,48.5916327042972,72,73,72,72,72,8.0475196836101,0,32.8863225320508,12,12,12,61,12,2.57996450986676,0,7.22105101593238,3,3,3,15,3,1.30516730762498,1,6.33550512104139,3,3,2,8,3,8.18355588895217,0,24.8618800502982,6,6,6,38,6
"442","US-xNG","FT",3.34958090726371,0,52.5323361892024,72,73,72,72,72,5.80516719872258,0,66.1676820655062,72,73,72,72,72,4.36944925273562,0,42.2225740660823,72,73,72,72,72,3.82998799132775,0,54.8096111729784,72,73,72,72,72,2.36648318095565,0,43.2743642950766,72,73,72,72,72,2.15301778769843,0,44.2069774617395,72,73,72,72,72,4.56722433770984,0,53.5372308760721,72,73,72,72,72,1.46478756423362,0,26.770064311164,72,73,72,72,72,18.5898794116418,0,42.8875877698597,72,73,72,72,72,2.10882216071436,0,20.2059887273746,72,73,72,72,72,0.944884748207717,18,18.3202108794379,5,18,11,47,29,12.6806746124143,0,31.1116547740543,72,73,72,72,72
"443","US-xNG","GS",4.19519178109027,0,62.7432400158763,14,14,14,68,14,5.63629148638128,0,56.5496902913705,37,37,37,71,37,6.04760544167689,0,60.5089013098953,72,73,72,72,72,5.32657734495278,1,80.5070717121102,72,73,72,72,72,3.31033985914735,0,61.1662022149336,72,73,72,72,72,3.02413670063581,1,66.9890669252331,72,73,72,72,72,4.55017454439147,0,46.7093435469723,72,73,72,72,72,1.76326465589404,0,18.5160905173155,6,6,6,43,6,25.3509433045637,0,64.5667267731843,39,39,39,70,39,4.03045930416294,0,38.2262041077655,23,23,23,68,23,1.48085720447721,5,7.26386979159167,1,1,1,10,6,20.0984934547551,0,43.9520783809538,12,12,12,55,12
"444","US-xNG","NGS",3.55763285548204,0,41.362384898056,11,11,11,59,11,5.13907334146536,0,66.9805301254872,72,73,72,72,72,3.78130717958151,0,51.0288383448927,72,73,72,72,72,3.92614462226088,0,50.2759515015955,12,12,12,59,12,4.46962298609691,0,76.8238241093739,72,73,72,72,72,3.70967723460499,4,77.5233305744267,72,73,72,72,72,4.5182180416538,0,50.1369213818552,72,73,72,72,72,2.39034242391669,1,45.4705465864704,72,73,72,72,72,16.4686672277946,0,56.2174668660728,72,73,72,72,72,2.29160864622127,0,18.9809373541708,4,4,4,44,4,1.69509205099232,19,16.7777409115743,2,11,7,33,26,11.1800871143338,0,39.661349399625,52,52,52,69,52
"445","US-xNQ","FT",5.58203606748724,0,110.834056609665,72,73,72,72,72,3.65878102379472,0,48.9531284045557,72,73,72,72,72,3.27114631792279,0,44.2559297872032,72,73,72,72,72,6.58364996879777,23,113.319027508641,16,56,72,71,72,3.93967199487589,20,28.6286962549111,0,1,1,18,21,5.12586659830337,13,83.8908716380535,3,16,9,54,22,3.32795334474273,0,40.9739894833038,72,73,72,72,72,NA,NA,NA,NA,NA,NA,NA,NA,30.732658378313,0,54.7691120657454,72,73,72,72,72,2.20774305212508,0,24.4049289699813,8,8,8,61,8,3.56931923587465,12,7.05794053852457,0,2,2,4,14,22.3862864785095,0,38.6083951825428,14,14,14,70,14
"446","US-xNQ","GS",7.18307948872523,0,130.32153983196,72,73,72,72,72,4.951296253207,0,70.8136290672977,10,10,10,68,10,5.6695865156499,0,81.23162287556,72,73,72,72,72,9.00053927086343,2,163.143580454007,72,73,72,72,72,7.14630830341714,20,140.278088866398,6,27,14,68,34,7.76553553439964,11,133.151385799938,4,12,8,61,19,4.11148757787882,0,37.0608665094448,12,12,12,43,12,4.91041916135565,5,64.726396415676,1,5,2,45,7,36.5729532098362,0,79.4877803299361,1,1,1,71,1,3.73708340250363,0,41.3983044142596,7,7,7,55,7,4.78955715509757,5,32.1860889482654,0,3,3,19,8,30.5439232822007,0,65.5823054948505,1,1,1,68,1
"447","US-xNQ","NGS",11.3774270191797,23,73.5166557887121,4,3,3,28,26,5.67533363986293,0,94.4688700892375,72,73,72,72,72,4.11423359972897,0,72.512275975424,72,73,72,72,72,NA,NA,NA,NA,NA,NA,NA,NA,NA,NA,NA,NA,NA,NA,NA,NA,8.95150246658143,11,26.0193842673331,0,1,1,4,12,4.45950316733527,0,70.0914494119771,72,73,72,72,72,NA,NA,NA,NA,NA,NA,NA,NA,30.0929696871035,0,66.0764459404746,72,73,72,72,72,2.55190165655373,0,32.3747599004882,6,6,6,54,6,NA,NA,NA,NA,NA,NA,NA,NA,20.9817145113801,0,42.5189998260521,8,8,8,57,8
"448","US-xRM","FT",2.16058028483029,0,33.9545035003384,15,15,15,66,15,4.73755783908026,0,39.0994057398085,72,73,72,72,72,3.94679204022587,0,29.573175111506,72,73,72,72,72,2.29819590614397,0,38.0062956807486,31,31,31,70,31,1.63603060152053,23,33.1681572592191,30,30,7,68,30,1.68795030828243,22,34.5182381245054,8,64,72,71,72,3.96136449241223,0,35.4232292890387,72,73,72,72,72,1.19775113542902,0,20.6167897247596,15,15,15,54,15,29.9420499892188,0,50.5692408522155,72,73,72,72,72,2.39171759343726,0,19.5938260781737,9,9,9,62,9,1.05151072911256,14,7.95055994773293,2,3,2,23,16,25.2683255842613,0,42.0525667142245,63,63,63,70,63
"449","US-xRM","GS",3.64182984969763,0,44.8419643762954,11,11,11,53,11,5.83447437286118,0,45.0592400000337,10,10,10,60,10,5.31322835599572,0,43.2200618914831,5,5,5,62,5,4.12605049675892,0,72.6496078662989,72,73,72,72,72,2.92693367656689,0,53.4680301864347,5,5,5,68,5,2.78013082161019,1,54.1159061258921,5,5,4,69,5,4.56074113135814,0,32.7432039835084,10,10,10,52,10,1.93972331813519,0,22.8205402735345,10,10,10,33,10,35.0344531587387,0,66.4611153528199,1,1,1,64,1,3.79187903680451,0,22.908860948558,8,8,8,39,8,1.69943516463894,13,5.05005550753358,1,1,1,6,14,31.6325211292784,0,46.5283413729826,1,1,1,35,1
"450","US-xRM","NGS",2.35189810238309,0,43.8160330601771,38,38,38,69,38,3.20759668307098,0,34.2371479586124,72,73,72,72,72,2.94287785435046,0,31.2764661431599,22,22,22,68,22,3.03890781997694,1,56.8396659999532,40,40,39,71,40,2.53343000671628,20,48.1681366298417,7,20,9,68,29,2.53093097342565,20,51.5992408954319,17,50,48,70,68,2.85689564079398,0,32.77570254915,40,40,40,71,40,1.94502122450086,1,19.8850022472633,5,5,4,40,5,29.8740024204216,0,56.9185742210661,50,50,50,68,50,2.2957273062322,0,20.3938007275352,8,8,8,50,8,1.80901549318965,14,13.3168168192314,2,2,1,23,15,28.4675042833605,0,49.8549505252338,10,10,10,57,10
"451","US-xSB","FT",3.40237118587463,23,50.7774669794371,13,21,14,65,37,6.02235325872296,0,58.6367064285696,38,38,38,71,38,5.23800812176837,0,43.3294335684881,13,13,13,63,13,3.73484606036939,1,59.5288490032199,63,63,62,70,63,2.57704644257285,0,41.3273338267207,36,36,36,71,36,2.50174578101671,0,36.5759112085713,11,11,11,65,11,5.51910875299151,0,53.0928867996029,72,73,72,72,72,2.09662664445444,1,32.449912258769,10,10,9,70,10,17.6429766828746,0,42.216383894246,72,73,72,72,72,4.43435667332286,0,40.7476334865422,17,17,17,67,17,1.94142922560914,0,19.9946522840402,8,8,8,45,8,16.043860848323,0,39.8975485861663,72,73,72,72,72
"452","US-xSB","GS",4.21325105659943,22,58.6757242208663,12,20,15,61,37,6.33227131407117,0,63.0220685608482,14,14,14,63,14,6.13618606920829,0,46.6551340448261,6,6,6,52,6,4.98129800173582,23,74.2309004127078,15,22,16,65,39,3.46674858634142,0,54.1796201292869,40,40,40,71,40,3.02403777023589,0,38.6548493386637,10,10,10,59,10,5.97592128998392,0,64.1460987566298,17,17,17,70,17,2.831874127472,0,38.7955424775821,7,7,7,63,7,20.1721091690033,0,51.3275929266245,16,16,16,67,16,5.66932998633238,0,53.1005863686735,16,16,16,58,16,2.83238456599251,0,28.3926359266482,9,9,9,48,9,20.0872890669797,0,54.0130178855032,72,73,72,72,72
"453","US-xSB","NGS",5.53288264050431,1,50.3683681404184,7,7,6,34,7,6.66772451082275,0,75.1609082338672,12,12,12,59,12,6.07402227723752,0,63.7640490494367,12,12,12,54,12,6.89940898705379,23,84.9404370977645,7,13,9,52,32,4.95284314649012,23,92.3067978545195,11,18,8,68,31,5.44880004141836,2,107.166729589539,38,38,36,71,38,5.99947069545102,0,61.4652204164211,9,9,9,56,9,3.45130351131026,23,28.4524667971375,6,6,5,30,28,13.4028920726279,0,48.4857633606079,13,13,13,57,13,4.61018422508312,0,21.1924683317783,3,3,3,26,3,2.71956432650664,0,2.71956432650664,1,1,1,14,1,11.4127959277379,0,34.7443747430379,8,8,8,38,8
"454","US-xSC","FT",5.50306525207475,1,102.099658503049,72,73,72,72,72,7.01408435089646,0,99.1994051554292,72,73,72,72,72,5.32309447132628,0,75.9148547067412,72,73,72,72,72,4.69559499623865,23,81.7052815026277,72,73,72,72,72,3.91365634316018,0,72.3504884467138,72,73,72,72,72,3.35965438867551,0,68.2229032767311,72,73,72,72,72,5.77653348925736,0,77.5511560162692,72,73,72,72,72,3.37629016161725,0,62.7101861687531,72,73,72,72,72,22.9061417855355,0,53.3678123876503,72,73,72,72,72,3.49179323923761,0,33.8416179757853,12,12,12,44,12,2.83615860632508,0,55.6047254924692,72,73,72,72,72,20.488430911148,0,48.4535093501471,72,73,72,72,72
"455","US-xSC","GS",6.99605106526075,1,133.747823152588,72,73,72,72,72,8.58957460447334,0,132.421854156595,32,32,32,70,32,7.45827076672302,0,98.694641816481,7,7,7,58,7,6.05979776576912,1,91.4622984083037,11,11,10,65,11,5.27076717686508,0,99.9041611441333,72,73,72,72,72,4.91085212140605,0,98.0520870344621,72,73,72,72,72,7.10696138708426,0,76.3130621181731,12,12,12,47,12,4.34908959222193,0,83.9081233531131,41,41,41,71,41,28.9059945528499,0,75.3898738050216,63,63,63,71,63,5.76808395128917,0,49.6502918022211,10,10,10,35,10,4.49507165669064,0,85.5384143641757,40,40,40,71,40,30.161840782958,0,78.1451540952728,72,73,72,72,72
"456","US-xSC","NGS",7.43230393130605,2,118.106007898859,10,10,8,62,10,5.70423650800485,0,89.4138925274441,15,15,15,69,15,5.5035895134884,0,69.9029275967074,10,10,10,42,10,6.82090507541874,0,105.777037950299,10,10,10,55,10,4.66219902749464,23,53.1692859936721,4,7,3,38,26,4.6943070627775,1,35.6957563040504,2,2,1,30,2,5.32699906166798,0,76.4563858253562,8,8,8,63,8,4.20769298409861,2,48.4459833635327,9,9,7,44,9,20.1406950734152,0,68.8347780210074,72,73,72,72,72,4.48474963330673,0,24.8834149960237,3,3,3,11,3,NA,NA,NA,NA,NA,NA,NA,NA,15.5383912363796,0,44.7437062721356,8,8,8,46,8
"457","US-xSE","FT",3.17212414400639,0,48.8377103759166,72,73,72,72,72,6.28755916864928,0,58.7349050384867,72,73,72,72,72,4.55309559408228,0,40.8153338694077,72,73,72,72,72,3.68909021992398,0,53.3300477115401,13,13,13,71,13,2.56456935900053,0,47.1685735800869,72,73,72,72,72,1.75261148309093,23,35.534829874723,32,32,9,71,32,4.71570779685769,0,44.5829728855732,72,73,72,72,72,1.95045083062253,0,33.2602782837416,72,73,72,72,72,17.7118555774905,0,38.0295589557583,37,37,37,70,37,2.94994364738017,0,21.4404519746588,12,12,12,56,12,1.24806126928964,1,18.2216114413931,13,13,12,50,13,16.2971349569841,0,36.5111705098174,72,73,72,72,72
"458","US-xSE","GS",3.32773239788081,1,52.6001848149852,15,15,14,64,15,6.45966877575989,0,69.7746960304479,37,37,37,70,37,5.89791043325212,0,52.0141930350098,9,9,9,63,9,3.95035441925013,0,56.5960343585021,7,7,7,59,7,2.64718114702593,0,47.2636821620164,8,8,8,67,8,2.57663265437072,22,48.0188909811502,8,64,72,71,72,5.11163527869922,0,47.0746244925399,13,13,13,62,13,2.1146768779479,1,25.5313678811591,12,12,11,56,12,21.8599545716022,0,47.349249213413,11,11,11,61,11,4.62508262172025,0,32.6550410344094,11,11,11,48,11,1.76910387336346,0,25.0620119787886,13,13,13,47,13,22.4145190363627,0,52.7100388717871,15,15,15,62,15
"459","US-xSE","NGS",3.08208259549026,0,55.0962459000118,34,34,34,68,34,5.09658326117281,0,58.4696887461717,72,73,72,72,72,4.36217829230316,0,52.7835479270129,57,57,57,69,57,4.27556137823521,23,77.5001126878424,72,73,72,72,72,3.91585379898686,18,77.0636114038123,72,73,72,72,72,3.81296226159407,23,74.7248995355312,72,73,72,72,72,4.23327280795277,0,39.997621116536,12,12,12,64,12,2.1095620099929,2,35.7157231235715,13,13,11,48,13,15.4240607551392,0,49.2923693034895,35,35,35,67,35,3.07719057237012,0,23.7017072053763,6,6,6,43,6,1.8742059373971,2,14.0516525490608,6,6,4,16,6,12.8295574322106,0,41.4394950217851,29,29,29,59,29
"460","US-xSJ","FT",1.91210779425312,0,23.6024171748852,6,6,6,56,6,2.26651804251086,0,41.2587033888612,72,73,72,72,72,2.13823141704268,0,42.9687661837356,72,73,72,72,72,2.5609571625018,2,37.2880938966189,16,16,14,69,16,2.22832242653436,9,47.3190973291752,72,73,72,72,72,2.06933723186074,9,42.3262296362944,72,73,72,72,72,1.76469656474825,0,31.9965359159689,72,73,72,72,72,1.26131691124995,16,25.6916867580496,72,73,72,72,72,29.9116337560698,0,56.0792085621076,1,1,1,71,1,1.62255182005957,3,31.8965402340675,21,21,18,68,21,1.1944592137457,16,19.0363613757176,1,17,6,55,22,28.1061404109519,0,53.2841892222951,1,1,1,68,1
"461","US-xSJ","GS",2.52581125833396,22,12.1361066525455,2,5,5,12,27,5.04989256025666,0,76.8673472174333,8,8,8,54,8,4.5381316277978,0,75.4081708859897,1,1,1,49,1,4.66948393426153,1,28.7161541575813,2,2,1,19,2,2.89437751399124,18,59.5464980116616,4,48,35,70,53,2.75564709940898,9,45.9217948388591,4,10,6,61,15,3.89127593415261,5,47.8657260197335,2,4,2,35,7,2.21836823216041,16,32.5925462592054,0,4,4,46,20,30.7875090315754,0,73.4693196630321,1,1,1,44,1,3.70362833543788,0,40.9899760022818,2,2,2,39,2,2.38391272705723,16,12.8777911911125,0,6,2,20,18,29.5339701190095,0,71.6415007860398,1,1,1,40,1
"462","US-xSJ","NGS",2.59372961291155,1,36.4829531055452,13,13,12,58,13,2.74543673935241,0,57.60862241347,72,73,72,72,72,2.72871256023098,9,54.0079544778547,22,22,13,69,22,4.02988735119793,22,57.5441436388204,14,22,17,65,39,2.72390013155268,10,59.415050776327,72,73,72,72,72,2.77175024707003,8,55.3001056315826,72,73,72,72,72,2.13522050045453,0,43.1510345500152,72,73,72,72,72,1.50125119521967,15,32.1478606783585,72,73,72,72,72,31.5456693768034,0,66.6417467527244,1,1,1,69,1,2.05571736831259,15,41.7543102388602,24,24,9,68,24,1.56442394302844,16,24.4697970061426,4,15,4,55,20,30.049112491414,0,64.7687671439813,1,1,1,69,1
"463","US-xSL","FT",2.12961892772775,0,30.3942815170728,72,73,72,72,72,3.93494016794778,0,44.2058027163995,72,73,72,72,72,2.39540241308613,0,28.2876764991755,72,73,72,72,72,1.92718405617855,23,27.0651161256143,65,65,42,71,65,1.10715501487581,23,18.1572625383674,72,73,72,72,72,0.882799308176295,0,17.680178688571,72,73,72,72,72,3.25901522717114,0,35.7881602391295,72,73,72,72,72,0.917705838808392,1,16.2511495341545,72,73,72,72,72,22.5217180502088,0,40.2432380317572,72,73,72,72,72,1.44125834257036,0,14.2881916161185,14,14,14,57,14,0.60388726819177,0,11.7633995921646,16,16,16,70,16,16.7571365449594,0,29.254539096889,38,38,38,71,38
"464","US-xSL","GS",3.43385170533499,0,41.6379941333199,8,8,8,68,8,3.73147134869887,0,43.735809626235,8,8,8,67,8,3.45572261863628,0,45.8646227626322,12,12,12,69,12,3.86664723940885,23,50.4756350405671,14,45,40,65,63,2.22075858073805,23,36.3354665047413,12,60,72,71,72,1.81791268823519,23,37.2354198991957,54,54,31,71,54,3.50153296436708,0,43.1050816293285,72,73,72,72,72,1.68772093412707,0,29.629878045077,21,21,21,68,21,28.0836612243624,0,60.404592857271,42,42,42,70,42,2.84780323410313,0,32.271061107717,15,15,15,57,15,1.22392041947386,0,20.7343809939391,15,15,15,53,15,24.4619757579733,0,49.4834147590041,16,16,16,60,16
"465","US-xSL","NGS",2.68673057740956,0,38.0766365659306,72,73,72,72,72,3.07038346328109,0,42.1951131311011,72,73,72,72,72,2.65374314422392,0,34.1955292045622,72,73,72,72,72,2.63920865369593,0,37.5526909010294,72,73,72,72,72,1.21420086504532,23,22.9767146389202,72,73,72,72,72,1.24238491698469,0,25.8754187476866,72,73,72,72,72,2.65116370024028,0,32.4555039395033,72,73,72,72,72,1.00507913564255,1,18.422143214719,72,73,72,72,72,24.8404573082457,0,46.8834697981108,45,45,45,71,45,1.77861006126387,0,12.6239853226581,4,4,4,43,4,0.814975933275043,0,14.7172288138748,10,10,10,60,10,18.7220158727164,0,35.4010151884007,28,28,28,57,28
"466","US-xSR","FT",3.14535330421035,0,45.1570007392161,72,73,72,72,72,2.96301978114312,0,43.961375096212,72,73,72,72,72,2.32159463947978,0,37.3652296047748,72,73,72,72,72,3.37769107723223,0,45.6967652974517,18,18,18,68,18,1.77960038605476,0,37.2104732822861,29,29,29,65,29,2.10733809508143,4,45.3952801241528,72,73,72,72,72,2.63528818349917,0,35.4409896064684,72,73,72,72,72,1.36810773296854,1,26.3426560312909,17,17,16,68,17,36.8320507691622,0,56.5107098166234,72,73,72,72,72,1.72594834061541,0,25.2831150687303,72,73,72,72,72,1.45755035722074,4,31.5975412058524,72,73,72,72,72,30.7080229642832,0,46.9433814301289,17,17,17,71,17
"467","US-xSR","GS",3.35592869921273,0,44.7693828009334,14,14,14,58,14,4.02186243722783,0,57.9331792499585,72,73,72,72,72,3.33637650733433,0,55.8831120226798,72,73,72,72,72,3.51097156766511,0,27.6844141895991,6,6,6,34,6,2.49157969080771,0,37.333903899939,6,6,6,47,6,2.82700060989597,10,53.9384533539901,16,16,6,67,16,3.54000201503163,0,48.11053564568,72,73,72,72,72,2.09799253757775,9,29.2700425669291,12,12,3,50,12,41.6767440649445,0,70.0502932721058,1,1,1,71,1,2.73240144496269,0,42.7617636494126,67,67,67,71,67,2.118914029331,13,42.3859493869894,19,19,6,67,19,37.2871575831891,0,63.4774250955992,72,73,72,72,72
"468","US-xSR","NGS",4.90013002868914,0,73.2738461817477,13,13,13,64,13,3.05810281922858,0,55.2596772209164,72,73,72,72,72,2.64298241594112,0,52.3072885355481,72,73,72,72,72,6.58582942118873,0,72.5803227352313,6,6,6,54,6,4.7891283175918,22,92.0456066655146,72,73,72,72,72,4.1030702176901,7,84.8843507375076,48,48,41,71,48,2.36184354097717,0,31.3520928057973,10,10,10,52,10,3.03529892091347,1,53.6410211526271,11,11,10,62,11,38.496213976754,0,72.7434675595711,18,18,18,69,18,2.01272675399711,0,20.6135958699443,6,6,6,41,6,2.99099077247452,17,33.9604958003527,0,16,11,47,28,36.952578101989,0,67.1709467916185,1,1,1,64,1
"469","US-xST","FT",3.36370772719679,0,50.0137253522728,72,73,72,72,72,8.6839681125173,0,79.283337076725,72,73,72,72,72,5.41784777318575,0,44.6211589257354,72,73,72,72,72,3.47804379232778,0,45.777307145477,13,13,13,71,13,2.63268192099349,21,43.9235080319043,72,73,72,72,72,2.27533860509871,0,41.4378533913959,72,73,72,72,72,7.8020244623806,0,71.2770996206564,72,73,72,72,72,1.95785659085916,2,35.2367186052801,72,73,72,72,72,17.0196804466584,0,44.5258680846249,72,73,72,72,72,3.31146969152181,0,25.9807005601639,72,73,72,72,72,1.31383809947052,0,15.9252046357295,4,4,4,42,4,11.5582273259076,0,36.3529312359887,72,73,72,72,72
"470","US-xST","GS",3.08945881513268,0,43.9375415043686,13,13,13,49,13,8.36045878391565,0,57.0487116028412,12,12,12,62,12,7.61008094193204,0,57.1754492072704,34,34,34,62,34,2.83215460049077,0,42.4035402179319,6,6,6,63,6,2.34549225885615,22,31.298758186726,5,8,6,51,28,2.37447051209483,3,30.051917171202,4,4,1,56,4,7.9632451803283,0,51.707513954508,16,16,16,66,16,1.99872772938527,22,21.4825579577728,7,10,8,29,30,23.9209798026444,0,59.0624605079062,15,15,15,52,15,6.52757841982378,0,34.2510946311127,10,10,10,51,10,1.9298018724077,1,5.48870986304945,0,1,1,12,2,21.0657829329447,0,54.6235116709334,13,13,13,51,13
"471","US-xST","NGS",3.40692120658336,0,44.9908376712588,11,11,11,64,11,5.23598901125326,0,54.2635801332278,72,73,72,72,72,3.32501994076326,0,41.6945524263484,72,73,72,72,72,4.12795323691315,23,58.9064390523404,13,18,11,61,34,3.29292924768882,23,60.7418090577322,72,73,72,72,72,3.80839825756824,3,71.5392370335248,72,73,72,72,72,4.76188798146873,0,47.3487250147478,72,73,72,72,72,1.96838317509167,4,36.6463777286515,16,16,12,68,16,13.851495425526,0,46.8761150680899,72,73,72,72,72,2.18164549610639,0,16.3876298147107,6,6,6,41,6,1.86218140777355,21,13.1192393069736,2,7,5,21,26,8.62222415315329,0,28.164186873553,10,10,10,57,10
"472","US-xTA","FT",3.43092546057859,0,53.5655320740973,61,61,61,71,61,4.45083272022748,0,40.7710236832506,72,73,72,72,72,3.67988077554614,0,31.1875416342756,30,30,30,66,30,3.19024384829213,0,48.9296091956369,14,14,14,64,14,2.60983971918124,1,49.3584081309622,72,73,72,72,72,2.48092569566656,1,38.7854371179624,11,11,10,68,11,3.62999972896855,0,34.5284310044865,72,73,72,72,72,1.83993173817254,0,35.9034905287843,40,40,40,70,40,17.2400608926809,0,37.1485980013456,72,73,72,72,72,3.08051076686313,0,21.988230506374,15,15,15,60,15,1.71757846930123,1,19.966074531706,5,5,4,42,5,17.7769842744961,0,38.6736460968173,72,73,72,72,72
"473","US-xTA","GS",3.53048118620121,0,48.4587491847825,12,12,12,56,12,4.56181659204734,0,45.004479856699,55,55,55,71,55,4.38832382335985,0,33.5523718483505,10,10,10,47,10,3.6212084461314,0,64.8846085692839,15,15,15,67,15,3.16833500366798,1,60.8740308395013,57,57,56,71,57,2.82839820373139,1,43.5517967941718,6,6,5,56,6,4.02544256487962,0,40.3457190174515,42,42,42,68,42,2.37303733847742,1,34.1994331963152,11,11,10,56,11,23.2498478204385,0,51.489299901767,35,35,35,67,35,3.93442206064163,0,28.6427528007986,14,14,14,55,14,2.24078974030975,0,23.737522057032,4,4,4,39,4,24.7401417867907,0,54.0979465032385,72,73,72,72,72
"474","US-xTA","NGS",5.90642077773376,0,71.6611363230118,11,11,11,55,11,4.47141396076463,0,62.4463664620766,72,73,72,72,72,3.52705914932544,0,47.5315591890149,44,44,44,71,44,6.51728551059997,0,56.6367565652561,7,7,7,50,7,4.99493639239022,2,91.6753804651937,15,15,13,69,15,4.02190227139295,4,45.5591662106166,6,6,2,50,6,3.60352723433103,0,46.4741484505955,34,34,34,68,34,3.91477736297514,0,48.2268199268552,9,9,9,39,9,11.989897028034,0,44.3283125021165,37,37,37,66,37,3.05141588353722,0,27.5471258516716,4,4,4,51,4,2.63457993532384,0,7.77840703085598,1,1,1,6,1,12.3587246155188,0,40.8833640810325,11,11,11,57,11
"475","US-xTR","FT",2.92058209410446,1,49.1203010751839,72,73,72,72,72,7.91642710472846,0,77.0706029966695,72,73,72,72,72,4.67334182577897,0,39.3823222486025,72,73,72,72,72,2.46889855996248,0,41.1944657568312,72,73,72,72,72,2.03749932447776,0,36.2103501991135,72,73,72,72,72,2.1723382474792,0,39.502111588614,40,40,40,71,40,6.82994193779658,0,71.2797338302915,72,73,72,72,72,1.88483223157619,2,33.8455011242889,72,73,72,72,72,16.8500122124677,0,46.3668433103026,72,73,72,72,72,2.89656217814942,0,25.3500145064326,72,73,72,72,72,1.40664286850349,0,12.1323574423062,5,5,5,26,5,11.5415148586042,0,38.0564031967771,72,73,72,72,72
"476","US-xTR","GS",3.84135603386285,0,59.6734467323754,13,13,13,64,13,7.33741464774415,0,59.9335377282696,13,13,13,69,13,6.72473528517507,0,53.2005643348013,12,12,12,64,12,4.19272814449754,23,72.1530046849656,13,22,15,68,38,3.44798758280212,0,60.5968524802991,15,15,15,70,15,3.73840152237066,0,72.197999022006,40,40,40,71,40,6.80029785146829,0,54.2692845233762,16,16,16,71,16,2.67708012481453,0,20.9087139741177,5,5,5,36,5,22.9410541010179,0,61.4784617830902,13,13,13,63,13,5.53333042516034,0,34.6983648971531,11,11,11,50,11,2.40571975375308,0,10.9580378687695,3,3,3,10,3,20.4998114401661,0,57.2540888409508,14,14,14,53,14
"477","US-xTR","NGS",4.22971216735744,1,50.9561559280866,9,9,8,53,9,6.0013895269135,0,70.3643625332345,72,73,72,72,72,3.7036243773792,0,46.2775657802074,72,73,72,72,72,3.84146056165279,0,50.1809956780807,12,12,12,61,12,2.49289587146246,0,44.0631781549829,12,12,12,62,12,3.12586467284039,0,59.3276924588258,63,63,63,71,63,4.85045794424569,0,54.6440425475134,72,73,72,72,72,2.22916269037834,2,18.4634057561219,5,5,3,35,5,13.2540685541849,0,48.7454253971787,72,73,72,72,72,1.95568469446716,0,18.2083742576414,7,7,7,42,7,1.84219802101048,0,8.22385829389381,2,2,2,12,2,8.46146205739313,0,34.1344753339002,29,29,29,69,29
"478","US-xUK","FT",1.96643283884686,1,32.7858225702114,13,13,12,58,13,5.01796123682378,0,50.3050666002256,72,73,72,72,72,3.09000744716265,0,33.3948074491702,72,73,72,72,72,2.92026967962462,0,33.4113988053751,8,8,8,47,8,3.02337304480098,0,58.8442545088164,72,73,72,72,72,2.61440120095232,1,49.8930072975782,72,73,72,72,72,4.35533638410816,0,42.7245614514453,72,73,72,72,72,1.5945972622805,1,30.9640901727754,72,73,72,72,72,16.1029559193816,0,35.4948128817405,32,32,32,71,32,2.00847025842798,0,21.4441660583554,72,73,72,72,72,1.02085896383189,18,3.94971964726747,0,1,1,7,19,14.5989210218342,0,32.143109103762,72,73,72,72,72
"479","US-xUK","GS",3.86403925044594,2,24.8578185927831,4,4,2,25,4,5.73502328590693,0,64.3700395399008,29,29,29,67,29,5.20441297744201,0,59.5635157401345,35,35,35,67,35,NA,NA,NA,NA,NA,NA,NA,NA,4.25263013101027,0,82.7191167467371,51,51,51,71,51,3.56023168632322,7,71.5967432887384,14,14,7,64,14,5.01377914693153,0,34.2970565109123,8,8,8,38,8,3.04835793006779,0,57.7432917795418,11,11,11,65,11,22.987405726991,0,54.7020953134165,16,16,16,69,16,4.13035289334851,0,39.5530821297858,10,10,10,52,10,2.40274805902669,0,24.6778072568477,2,2,2,30,2,22.0923752920472,0,49.4598869628801,12,12,12,61,12
"480","US-xUK","NGS",1.69680643898975,1,6.46962059793228,3,3,2,18,3,4.87896734347458,0,60.9925994600025,72,73,72,72,72,3.27967780657006,0,38.3306487655919,33,33,33,71,33,4.11742703472019,0,62.8436312374224,10,10,10,51,10,4.71197884577731,22,89.9242505869511,72,73,72,72,72,4.34386672669083,4,84.320727753588,72,73,72,72,72,4.28638954393184,0,50.8854113884493,72,73,72,72,72,1.8127640299374,0,26.7044555306788,10,10,10,51,10,15.6020596642071,0,45.5652512696713,32,32,32,71,32,2.26997260477851,0,18.5613935530584,3,3,3,42,3,1.16093451994528,0,1.16093451994528,1,1,1,0,1,12.7488165419569,0,35.4376817920864,27,27,27,61,27
"481","US-xUN","FT",2.71697746914826,0,32.5585351560998,12,12,12,64,12,8.18602540155352,0,80.4227870176017,72,73,72,72,72,4.26889841613243,0,35.4088987114172,72,73,72,72,72,3.13141354008934,0,37.4851496385315,10,10,10,64,10,2.75910926843393,0,46.6015872774778,72,73,72,72,72,2.20324117508574,0,36.8832001882088,72,73,72,72,72,6.1187030624711,0,65.0620856327061,72,73,72,72,72,1.6395872326116,0,28.6257147776435,72,73,72,72,72,15.3729974511569,0,40.1769360614633,72,73,72,72,72,2.74671207584052,0,23.6167801539383,37,37,37,69,37,1.01331289962955,0,8.1736422124484,5,5,5,32,5,11.5106696662658,0,35.1101650561395,72,73,72,72,72
"482","US-xUN","GS",3.07957460360237,1,31.59968340205,6,6,5,46,6,7.03557365632621,0,55.6547306598529,12,12,12,71,12,6.09079109178984,0,41.4582331049062,11,11,11,52,11,3.65790770588402,0,57.8510159857644,6,6,6,65,6,3.0100325008466,21,47.5514121399615,5,18,9,64,30,2.9048659449405,1,47.36408473735,4,4,3,60,4,6.14189561719409,0,42.7371295377218,11,11,11,60,11,1.79916999342786,1,3.57753613892938,2,2,1,7,2,21.1019715492383,0,58.5007732533326,36,36,36,69,36,5.36837033896689,0,32.55708578975,11,11,11,53,11,1.87631894381493,0,3.66152316458924,2,2,2,4,2,20.3018015329132,0,57.1157888159364,14,14,14,64,14
"483","US-xUN","NGS",2.76242284050778,1,30.0834880142111,11,11,10,53,11,4.31434112383446,0,61.0431786236115,72,73,72,72,72,3.11729263842143,0,43.0910832476725,72,73,72,72,72,4.58428177346066,0,54.8816540177187,13,13,13,68,13,3.05301208966985,0,54.6117480486534,72,73,72,72,72,3.13080907732806,0,54.3876854573273,72,73,72,72,72,3.69755802840873,0,48.1147965826785,72,73,72,72,72,1.70803742641712,0,28.011672424457,15,15,15,71,15,12.5965727245419,0,43.7991864437982,72,73,72,72,72,2.01126926032972,0,23.0619555713577,13,13,13,59,13,1.25775476484606,0,6.50402002877946,3,3,3,16,3,8.9964431830214,0,32.7436057953833,35,35,35,71,35
"484","US-xWD","FT",1.76259699308755,0,26.2807968654489,72,73,72,72,72,6.6393533743442,0,75.799772512496,72,73,72,72,72,3.47804320181682,0,29.1797395483819,72,73,72,72,72,1.66180469636505,0,24.1132424572527,72,73,72,72,72,1.3795327222621,0,25.0275486524866,72,73,72,72,72,1.00681748093563,0,19.6002944538378,72,73,72,72,72,5.24042169766672,0,65.0098138648024,72,73,72,72,72,1.06637321432295,0,19.5035647563098,72,73,72,72,72,15.2881638808323,0,33.6619363730672,72,73,72,72,72,1.82258751599463,0,15.2885467278244,43,43,43,69,43,0.557720580789091,0,12.0656110905905,27,27,27,67,27,10.4841219372268,0,23.4440664576676,72,73,72,72,72
"485","US-xWD","GS",1.96288102012011,0,29.5580891069333,10,10,10,62,10,5.14328535151872,0,50.3686813304739,72,73,72,72,72,5.06644660894525,0,46.8476561347219,72,73,72,72,72,2.0554815528139,0,34.8044927492909,14,14,14,58,14,1.92955601110978,0,37.7229112089867,58,58,58,71,58,1.78570010587855,1,36.2850176151419,58,58,57,71,58,4.36523872350045,0,42.1721429741352,44,44,44,70,44,1.60436194648237,0,26.4896628462009,11,11,11,59,11,22.1496198451569,0,54.1585044344679,31,31,31,68,31,3.9875094378119,0,32.2760673936178,15,15,15,60,15,1.27632309009168,0,18.1047769177887,5,5,5,49,5,20.1806290463873,0,49.2868604581828,40,40,40,70,40
"486","US-xWD","NGS",1.89210479019298,0,31.241225367124,62,62,62,71,62,5.83111070270267,0,75.5482900619615,72,73,72,72,72,3.02826494936838,0,36.7738461615374,72,73,72,72,72,2.11775825847173,0,31.2906806666808,61,61,61,71,61,1.38754685292196,0,27.6415434272375,72,73,72,72,72,1.48926628946051,0,31.4916687290973,72,73,72,72,72,5.35659826265411,0,64.1366445568376,72,73,72,72,72,1.08809295986371,2,21.8902563665278,72,73,72,72,72,14.6232133899493,0,41.7982962340262,72,73,72,72,72,1.72170726732841,0,12.6573203531736,4,4,4,33,4,0.758790491567517,15,15.0676583129741,8,18,13,57,28,8.83665957082987,0,26.3280452508312,28,28,28,61,28
"487","US-xYE","FT",2.51505032489781,23,44.2321740162494,14,22,14,68,37,5.7815583035363,0,66.3658659074551,72,73,72,72,72,3.81974355845843,0,42.2931248447571,30,30,30,70,30,2.01982771578316,23,35.0278069283084,14,21,16,64,39,1.90074890990051,13,41.6551709948356,72,73,72,72,72,2.51547700641574,13,47.7594681785626,72,73,72,72,72,5.4891520310858,0,60.7209406550744,72,73,72,72,72,1.43460067074312,2,30.4910460760914,72,73,72,72,72,21.6654978944364,0,51.4900290727982,72,73,72,72,72,2.90702037077236,0,29.896429501256,16,16,16,64,16,1.73899730186746,10,35.0040475253851,72,73,72,72,72,18.7658906293919,0,44.416264083985,72,73,72,72,72
"488","US-xYE","GS",5.04317393039043,22,40.4374989029755,1,11,8,32,30,6.50265205690637,0,66.8327497763324,6,6,6,44,6,6.42028283626332,0,65.9807564489363,6,6,6,45,6,7.09229806203539,1,123.766620785907,14,14,13,65,14,5.90032466286822,21,118.591954366057,72,73,72,72,72,5.77878123744093,20,117.108632125672,72,73,72,72,72,6.57796452310414,0,76.68088909036,14,14,14,55,14,2.863704799269,2,40.9395669309718,12,12,10,45,12,33.5574033860898,0,99.0515022850629,31,31,31,60,31,6.39788323615329,0,67.051091534543,14,14,14,56,14,2.92136122009958,6,49.2558511529423,17,17,11,57,17,34.6893438646226,0,85.0778788197114,13,13,13,56,13
"489","US-xYE","NGS",3.30509798454506,0,57.0589178824705,16,16,16,65,16,5.27970512040507,0,70.2729994373146,72,73,72,72,72,3.25628144263278,0,42.2913860586421,10,10,10,66,10,2.60464648040573,23,41.0112522163605,9,15,10,59,33,1.82464821143139,14,18.8156608449498,2,4,1,28,15,2.56756702073611,14,50.7475005003043,72,73,72,72,72,5.13007233905696,0,62.1425600185916,72,73,72,72,72,1.74147538562507,12,32.4482205105031,5,11,5,62,17,19.533014264528,0,52.7330754066526,72,73,72,72,72,2.80450203383963,0,32.711638226059,15,15,15,62,15,2.44974832790269,10,47.0590204968869,72,73,72,72,72,17.413341205982,0,45.85436987988,72,73,72,72,72
