"","quantile","run_time"
"1",0.001,"9.69594553311666"
"2",0.005,"9.17695316871007"
"3",0.01,"8.70598044792811"
"4",0.05,"8.88249735037486"
"5",0.1,"8.82707188526789"
