"","quantile","run_time"
"1",0.001,"9.80194648504257"
"2",0.005,"10.7453415870667"
"3",0.01,"9.58612384796143"
"4",0.05,"10.4752857844035"
"5",0.1,"10.4481426636378"
