"","quantile","run_time"
"1",0.001,"8.60189686616262"
"2",0.005,"8.70706384976705"
"3",0.01,"8.78585288127263"
"4",0.05,"8.7888612985611"
"5",0.1,"8.81250916719437"
